year,state,state_po,office,candidate,party_detailed,writein,candidatevotes,totalvotes,percentvotes
1976,ALABAMA,AL,US PRESIDENT,"CARTER, JIMMY",DEMOCRAT,FALSE,659170,1182850,0.557272689
1976,ALABAMA,AL,US PRESIDENT,"FORD, GERALD",REPUBLICAN,FALSE,504070,1182850,0.426148709
1976,ALABAMA,AL,US PRESIDENT,"MADDOX, LESTER",AMERICAN INDEPENDENT PARTY,FALSE,9198,1182850,0.007776134
1976,ALABAMA,AL,US PRESIDENT,"BUBAR, BENJAMIN """"BEN""""",PROHIBITION,FALSE,6669,1182850,0.005638078
1976,ALABAMA,AL,US PRESIDENT,"HALL, GUS",COMMUNIST PARTY USE,FALSE,1954,1182850,0.001651942
1976,ALABAMA,AL,US PRESIDENT,"MACBRIDE, ROGER",LIBERTARIAN,FALSE,1481,1182850,0.001252061
1976,ALABAMA,AL,US PRESIDENT,,,TRUE,308,1182850,0.000260388
1976,ALASKA,AK,US PRESIDENT,"FORD, GERALD",REPUBLICAN,FALSE,71555,123574,0.579045754
1976,ALASKA,AK,US PRESIDENT,"CARTER, JIMMY",DEMOCRAT,FALSE,44058,123574,0.356531309
1976,ALASKA,AK,US PRESIDENT,"MACBRIDE, ROGER",LIBERTARIAN,FALSE,6785,123574,0.054906372
1976,ALASKA,AK,US PRESIDENT,,,TRUE,1176,123574,0.009516565
1976,ARIZONA,AZ,US PRESIDENT,"FORD, GERALD",REPUBLICAN,FALSE,418642,742719,0.563661358
1976,ARIZONA,AZ,US PRESIDENT,"CARTER, JIMMY",DEMOCRAT,FALSE,295602,742719,0.397999782
1976,ARIZONA,AZ,US PRESIDENT,"MCCARTHY, EUGENE """"GENE""""",INDEPENDENT,FALSE,19229,742719,0.025890007
1976,ARIZONA,AZ,US PRESIDENT,"MACBRIDE, ROGER",LIBERTARIAN,FALSE,7647,742719,0.010295953
1976,ARIZONA,AZ,US PRESIDENT,"CAMEJO, PETER",SOCIALIST WORKERS,FALSE,928,742719,0.001249463
1976,ARIZONA,AZ,US PRESIDENT,"ANDERSON, THOMAS J.",AMERICAN,FALSE,564,742719,0.000759372
1976,ARIZONA,AZ,US PRESIDENT,"MADDOX, LESTER",AMERICAN INDEPENDENT PARTY,FALSE,85,742719,0.000114444
1976,ARIZONA,AZ,US PRESIDENT,,,TRUE,22,742719,2.96209E-05
1976,ARKANSAS,AR,US PRESIDENT,"CARTER, JIMMY",DEMOCRAT,FALSE,498604,767535,0.649617281
1976,ARKANSAS,AR,US PRESIDENT,"FORD, GERALD",REPUBLICAN,FALSE,267903,767535,0.349043366
1976,ARKANSAS,AR,US PRESIDENT,,INDEPENDENT,FALSE,639,767535,0.000832535
1976,ARKANSAS,AR,US PRESIDENT,"MADDOX, LESTER",AMERICAN INDEPENDENT PARTY,FALSE,389,767535,0.000506817
1976,CALIFORNIA,CA,US PRESIDENT,"FORD, GERALD",REPUBLICAN,FALSE,3882244,7803770,0.49748314
1976,CALIFORNIA,CA,US PRESIDENT,"CARTER, JIMMY",DEMOCRAT,FALSE,3742284,7803770,0.479548218
1976,CALIFORNIA,CA,US PRESIDENT,"MACBRIDE, ROGER",INDEPENDENT,FALSE,56388,7803770,0.007225738
1976,CALIFORNIA,CA,US PRESIDENT,"MADDOX, LESTER",AMERICAN INDEPENDENT PARTY,FALSE,51098,7803770,0.006547861
1976,CALIFORNIA,CA,US PRESIDENT,"WRIGHT, MARGARET",PEACE & FREEDOM,FALSE,41731,7803770,0.005347544
1976,CALIFORNIA,CA,US PRESIDENT,"CAMEJO, PETER",INDEPENDENT,FALSE,17259,7803770,0.002211623
1976,CALIFORNIA,CA,US PRESIDENT,"HALL, GUS",INDEPENDENT,FALSE,12766,7803770,0.001635876
1976,COLORADO,CO,US PRESIDENT,"FORD, GERALD",REPUBLICAN,FALSE,584278,1081440,0.540277778
1976,COLORADO,CO,US PRESIDENT,"CARTER, JIMMY",DEMOCRAT,FALSE,460801,1081440,0.42609946
1976,COLORADO,CO,US PRESIDENT,"MCCARTHY, EUGENE """"GENE""""",INDEPENDENT,FALSE,26047,1081440,0.024085479
1976,COLORADO,CO,US PRESIDENT,"MACBRIDE, ROGER",LIBERTARIAN,FALSE,5338,1081440,0.004936011
1976,COLORADO,CO,US PRESIDENT,"BUBAR, BENJAMIN """"BEN""""",PROHIBITION,FALSE,2886,1081440,0.002668664
1976,COLORADO,CO,US PRESIDENT,"CAMEJO, PETER",SOCIALIST WORKERS,FALSE,1122,1081440,0.001037506
1976,COLORADO,CO,US PRESIDENT,"LAROUCHE, LYNDON, JR.",U.S. LABOR,FALSE,565,1081440,0.000522452
1976,COLORADO,CO,US PRESIDENT,"HALL, GUS",COMMUNIST PARTY USE,FALSE,403,1081440,0.000372651
1976,CONNECTICUT,CT,US PRESIDENT,"FORD, GERALD",REPUBLICAN,FALSE,719261,1386355,0.518814445
1976,CONNECTICUT,CT,US PRESIDENT,"CARTER, JIMMY",DEMOCRAT,FALSE,647895,1386355,0.46733701
1976,CONNECTICUT,CT,US PRESIDENT,SCATTERING,,FALSE,10309,1386355,0.007436046
1976,CONNECTICUT,CT,US PRESIDENT,"MADDOX, LESTER",AMERICAN INDEPENDENT PARTY,FALSE,7101,1386355,0.005122065
1976,CONNECTICUT,CT,US PRESIDENT,"LAROUCHE, LYNDON, JR.",U.S. LABOR,FALSE,1789,1386355,0.001290434
1976,DELAWARE,DE,US PRESIDENT,"CARTER, JIMMY",DEMOCRAT,FALSE,122461,235642,0.519690887
1976,DELAWARE,DE,US PRESIDENT,"FORD, GERALD",REPUBLICAN,FALSE,109780,235642,0.465876202
1976,DELAWARE,DE,US PRESIDENT,,NO PARTY AFFILIATION,FALSE,2432,235642,0.010320741
1976,DELAWARE,DE,US PRESIDENT,"ANDERSON, THOMAS J.",AMERICAN,FALSE,645,235642,0.002737203
1976,DELAWARE,DE,US PRESIDENT,"LAROUCHE, LYNDON, JR.",U.S. LABOR,FALSE,135,235642,0.000572903
1976,DELAWARE,DE,US PRESIDENT,"BUBAR, BENJAMIN """"BEN""""",PROHIBITION,FALSE,103,235642,0.000437104
1976,DELAWARE,DE,US PRESIDENT,,SOCIALIST LABOR,FALSE,86,235642,0.00036496
1976,DISTRICT OF COLUMBIA,DC,US PRESIDENT,"CARTER, JIMMY",DEMOCRAT,FALSE,137818,168830,0.816312267
1976,DISTRICT OF COLUMBIA,DC,US PRESIDENT,"FORD, GERALD",REPUBLICAN,FALSE,27873,168830,0.165095066
1976,DISTRICT OF COLUMBIA,DC,US PRESIDENT,OTHER,,FALSE,1656,168830,0.009808683
1976,DISTRICT OF COLUMBIA,DC,US PRESIDENT,,INDEPENDENT,FALSE,1195,168830,0.007078126
1976,DISTRICT OF COLUMBIA,DC,US PRESIDENT,,,TRUE,288,168830,0.001705858
1976,FLORIDA,FL,US PRESIDENT,"CARTER, JIMMY",DEMOCRAT,FALSE,1636000,3150631,0.519261062
1976,FLORIDA,FL,US PRESIDENT,"FORD, GERALD",REPUBLICAN,FALSE,1469531,3150631,0.466424345
1976,FLORIDA,FL,US PRESIDENT,"MCCARTHY, EUGENE """"GENE""""",INDEPENDENT,FALSE,23643,3150631,0.007504211
1976,FLORIDA,FL,US PRESIDENT,"ANDERSON, THOMAS J.",AMERICAN,FALSE,21325,3150631,0.006768485
1976,FLORIDA,FL,US PRESIDENT,,,TRUE,132,3150631,4.18964E-05
1976,GEORGIA,GA,US PRESIDENT,"CARTER, JIMMY",DEMOCRAT,FALSE,979409,1463152,0.669382949
1976,GEORGIA,GA,US PRESIDENT,"FORD, GERALD",REPUBLICAN,FALSE,483743,1463152,0.330617051
1976,HAWAII,HI,US PRESIDENT,"CARTER, JIMMY",DEMOCRAT,FALSE,147375,291301,0.505919993
1976,HAWAII,HI,US PRESIDENT,"FORD, GERALD",REPUBLICAN,FALSE,140003,291301,0.480612837
1976,HAWAII,HI,US PRESIDENT,"MACBRIDE, ROGER",LIBERTARIAN,FALSE,3923,291301,0.01346717
1976,IDAHO,ID,US PRESIDENT,"FORD, GERALD",REPUBLICAN,FALSE,204151,340932,0.598802694
1976,IDAHO,ID,US PRESIDENT,"CARTER, JIMMY",DEMOCRAT,FALSE,126549,340932,0.371185456
1976,IDAHO,ID,US PRESIDENT,"MADDOX, LESTER",AMERICAN,FALSE,5935,340932,0.017408164
1976,IDAHO,ID,US PRESIDENT,"MACBRIDE, ROGER",LIBERTARIAN,FALSE,3558,340932,0.010436099
1976,IDAHO,ID,US PRESIDENT,"LAROUCHE, LYNDON, JR.",U.S. LABOR,FALSE,739,340932,0.002167588
1976,ILLINOIS,IL,US PRESIDENT,"FORD, GERALD",REPUBLICAN,FALSE,2364269,4721282,0.500768435
1976,ILLINOIS,IL,US PRESIDENT,"CARTER, JIMMY",DEMOCRAT,FALSE,2271295,4721282,0.481075903
1976,ILLINOIS,IL,US PRESIDENT,"MCCARTHY, EUGENE """"GENE""""",INDEPENDENT,FALSE,55939,4721282,0.011848265
1976,ILLINOIS,IL,US PRESIDENT,"HALL, GUS",COMMUNIST PARTY USE,FALSE,9250,4721282,0.001959214
1976,ILLINOIS,IL,US PRESIDENT,"MACBRIDE, ROGER",LIBERTARIAN,FALSE,8057,4721282,0.001706528
1976,ILLINOIS,IL,US PRESIDENT,,,TRUE,4417,4721282,0.000935551
1976,ILLINOIS,IL,US PRESIDENT,"CAMEJO, PETER",SOCIALIST WORKERS,FALSE,3615,4721282,0.000765682
1976,ILLINOIS,IL,US PRESIDENT,"JULIUS """"JULES"""", LEVIN",SOCIALIST LABOR,FALSE,2422,4721282,0.000512996
1976,ILLINOIS,IL,US PRESIDENT,"LAROUCHE, LYNDON, JR.",U.S. LABOR,FALSE,2018,4721282,0.000427426
1976,INDIANA,IN,US PRESIDENT,"FORD, GERALD",REPUBLICAN,FALSE,1183958,2220362,0.533227465
1976,INDIANA,IN,US PRESIDENT,"CARTER, JIMMY",DEMOCRAT,FALSE,1014714,2220362,0.457003858
1976,INDIANA,IN,US PRESIDENT,"ANDERSON, THOMAS J.",AMERICAN,FALSE,14048,2220362,0.006326896
1976,INDIANA,IN,US PRESIDENT,"CAMEJO, PETER",SOCIALIST WORKERS,FALSE,5695,2220362,0.002564897
1976,INDIANA,IN,US PRESIDENT,"LAROUCHE, LYNDON, JR.",U.S. LABOR,FALSE,1947,2220362,0.000876884
1976,IOWA,IA,US PRESIDENT,"FORD, GERALD",REPUBLICAN,FALSE,632864,1279303,0.494694377
1976,IOWA,IA,US PRESIDENT,"CARTER, JIMMY",DEMOCRAT,FALSE,619931,1279303,0.484584965
1976,IOWA,IA,US PRESIDENT,"MCCARTHY, EUGENE """"GENE""""",INDEPENDENT,FALSE,20057,1279303,0.015678068
1976,IOWA,IA,US PRESIDENT,"ANDERSON, THOMAS J.",AMERICAN PARTY OF IOWA,FALSE,3041,1279303,0.002377076
1976,IOWA,IA,US PRESIDENT,"MACBRIDE, ROGER",LIBERTARIAN,FALSE,1454,1279303,0.001136556
1976,IOWA,IA,US PRESIDENT,"HALL, GUS",COMMUNIST PARTY USE,FALSE,551,1279303,0.000430703
1976,IOWA,IA,US PRESIDENT,SCATTERING,,FALSE,509,1279303,0.000397873
1976,IOWA,IA,US PRESIDENT,"CAMEJO, PETER",SOCIALIST WORKERS,FALSE,262,1279303,0.000204799
1976,IOWA,IA,US PRESIDENT,"LAROUCHE, LYNDON, JR.",U.S. LABOR,FALSE,241,1279303,0.000188384
1976,IOWA,IA,US PRESIDENT,"ZEIDLER, FRANK",SOCIALIST U.S.A.,FALSE,233,1279303,0.00018213
1976,IOWA,IA,US PRESIDENT,"JULIUS """"JULES"""", LEVIN",SOCIALIST LABOR,FALSE,160,1279303,0.000125068
1976,KANSAS,KS,US PRESIDENT,"FORD, GERALD",REPUBLICAN,FALSE,502752,957845,0.524878242
1976,KANSAS,KS,US PRESIDENT,"CARTER, JIMMY",DEMOCRAT,FALSE,430421,957845,0.449363937
1976,KANSAS,KS,US PRESIDENT,"MCCARTHY, EUGENE """"GENE""""",INDEPENDENT,FALSE,13185,957845,0.013765275
1976,KANSAS,KS,US PRESIDENT,"ANDERSON, THOMAS J.",AMERICAN,FALSE,4724,957845,0.004931904
1976,KANSAS,KS,US PRESIDENT,"MACBRIDE, ROGER",INDEPENDENT,FALSE,3242,957845,0.003384681
1976,KANSAS,KS,US PRESIDENT,"MADDOX, LESTER",CONSERVATIVE,FALSE,2118,957845,0.002211214
1976,KANSAS,KS,US PRESIDENT,"BUBAR, BENJAMIN """"BEN""""",PROHIBITION,FALSE,1403,957845,0.001464746
1976,KENTUCKY,KY,US PRESIDENT,"CARTER, JIMMY",DEMOCRAT,FALSE,615717,1167142,0.527542493
1976,KENTUCKY,KY,US PRESIDENT,"FORD, GERALD",REPUBLICAN,FALSE,531852,1167142,0.455687483
1976,KENTUCKY,KY,US PRESIDENT,"ANDERSON, THOMAS J.",AMERICAN,FALSE,8308,1167142,0.007118243
1976,KENTUCKY,KY,US PRESIDENT,"MCCARTHY, EUGENE """"GENE""""",INDEPENDENT,FALSE,6837,1167142,0.005857899
1976,KENTUCKY,KY,US PRESIDENT,"MADDOX, LESTER",AMERICAN INDEPENDENT PARTY,FALSE,2328,1167142,0.001994616
1976,KENTUCKY,KY,US PRESIDENT,"MACBRIDE, ROGER",LIBERTARIAN,FALSE,814,1167142,0.00069743
1976,KENTUCKY,KY,US PRESIDENT,"LAROUCHE, LYNDON, JR.",U.S. LABOR,FALSE,510,1167142,0.000436965
1976,KENTUCKY,KY,US PRESIDENT,"HALL, GUS",COMMUNIST PARTY USE,FALSE,426,1167142,0.000364994
1976,KENTUCKY,KY,US PRESIDENT,"CAMEJO, PETER",SOCIALIST WORKERS,FALSE,350,1167142,0.000299878
1976,LOUISIANA,LA,US PRESIDENT,"CARTER, JIMMY",DEMOCRAT,FALSE,661365,1277383,0.517749962
1976,LOUISIANA,LA,US PRESIDENT,"FORD, GERALD",REPUBLICAN,FALSE,587446,1277383,0.459882432
1976,LOUISIANA,LA,US PRESIDENT,"MADDOX, LESTER",AMERICAN INDEPENDENT PARTY,FALSE,10058,1277383,0.007873911
1976,LOUISIANA,LA,US PRESIDENT,"HALL, GUS",COMMUNIST PARTY USE,FALSE,7417,1277383,0.005806403
1976,LOUISIANA,LA,US PRESIDENT,"MCCARTHY, EUGENE """"GENE""""",INDEPENDENT,FALSE,6490,1277383,0.0050807
1976,LOUISIANA,LA,US PRESIDENT,"MACBRIDE, ROGER",LIBERTARIAN,FALSE,3134,1277383,0.002453454
1976,LOUISIANA,LA,US PRESIDENT,"CAMEJO, PETER",SOCIALIST WORKERS,FALSE,1473,1277383,0.001153139
1976,MAINE,ME,US PRESIDENT,"FORD, GERALD",REPUBLICAN,FALSE,236320,482968,0.48930778
1976,MAINE,ME,US PRESIDENT,"CARTER, JIMMY",DEMOCRAT,FALSE,232279,482968,0.480940766
1976,MAINE,ME,US PRESIDENT,"MCCARTHY, EUGENE """"GENE""""",INDEPENDENT,FALSE,10874,482968,0.022514949
1976,MAINE,ME,US PRESIDENT,"BUBAR, BENJAMIN """"BEN""""",PROHIBITION,FALSE,3495,482968,0.007236504
1976,MARYLAND,MD,US PRESIDENT,"CARTER, JIMMY",DEMOCRAT,FALSE,759612,1432273,0.530354199
1976,MARYLAND,MD,US PRESIDENT,"FORD, GERALD",REPUBLICAN,FALSE,672661,1432273,0.469645801
1976,MASSACHUSETTS,MA,US PRESIDENT,"CARTER, JIMMY",DEMOCRAT,FALSE,1429475,2547558,0.561115782
1976,MASSACHUSETTS,MA,US PRESIDENT,"FORD, GERALD",REPUBLICAN,FALSE,1030276,2547558,0.404417093
1976,MASSACHUSETTS,MA,US PRESIDENT,"MCCARTHY, EUGENE """"GENE""""",INDEPENDENT,FALSE,65637,2547558,0.025764673
1976,MASSACHUSETTS,MA,US PRESIDENT,"CAMEJO, PETER",SOCIALIST WORKERS,FALSE,8138,2547558,0.003194432
1976,MASSACHUSETTS,MA,US PRESIDENT,"ANDERSON, THOMAS J.",AMERICAN,FALSE,7555,2547558,0.002965585
1976,MASSACHUSETTS,MA,US PRESIDENT,"LAROUCHE, LYNDON, JR.",U.S. LABOR,FALSE,4922,2547558,0.001932046
1976,MASSACHUSETTS,MA,US PRESIDENT,SCATTERING,,FALSE,1401,2547558,0.000549938
1976,MASSACHUSETTS,MA,US PRESIDENT,"MACBRIDE, ROGER",LIBERTARIAN,FALSE,135,2547558,5.29919E-05
1976,MASSACHUSETTS,MA,US PRESIDENT,"JULIUS """"JULES"""", LEVIN",SOCIALIST LABOR,FALSE,19,2547558,7.45812E-06
1976,MICHIGAN,MI,US PRESIDENT,"FORD, GERALD",REPUBLICAN,FALSE,1893742,3651590,0.518607511
1976,MICHIGAN,MI,US PRESIDENT,"CARTER, JIMMY",DEMOCRAT,FALSE,1696714,3651590,0.464650741
1976,MICHIGAN,MI,US PRESIDENT,"MCCARTHY, EUGENE """"GENE""""",INDEPENDENT,FALSE,47905,3651590,0.013118943
1976,MICHIGAN,MI,US PRESIDENT,"MACBRIDE, ROGER",LIBERTARIAN,FALSE,5407,3651590,0.001480725
1976,MICHIGAN,MI,US PRESIDENT,"WRIGHT, MARGARET",HUMAN RIGHTS,FALSE,3504,3651590,0.000959582
1976,MICHIGAN,MI,US PRESIDENT,"CAMEJO, PETER",SOCIALIST WORKERS,FALSE,1804,3651590,0.000494031
1976,MICHIGAN,MI,US PRESIDENT,"LAROUCHE, LYNDON, JR.",U.S. LABOR,FALSE,1366,3651590,0.000374084
1976,MICHIGAN,MI,US PRESIDENT,"JULIUS """"JULES"""", LEVIN",SOCIALIST LABOR,FALSE,1148,3651590,0.000314384
1976,MINNESOTA,MN,US PRESIDENT,"CARTER, JIMMY",DEMOCRAT,FALSE,1070440,1949931,0.548963015
1976,MINNESOTA,MN,US PRESIDENT,"FORD, GERALD",REPUBLICAN,FALSE,819395,1949931,0.420217433
1976,MINNESOTA,MN,US PRESIDENT,"MCCARTHY, EUGENE """"GENE""""",MCCARTHY '76,FALSE,35490,1949931,0.018200644
1976,MINNESOTA,MN,US PRESIDENT,"ANDERSON, THOMAS J.",AMERICAN,FALSE,13592,1949931,0.006970503
1976,MINNESOTA,MN,US PRESIDENT,"CAMEJO, PETER",SOCIALIST WORKERS,FALSE,4149,1949931,0.002127768
1976,MINNESOTA,MN,US PRESIDENT,"MACBRIDE, ROGER",LIBERTARIAN,FALSE,3529,1949931,0.001809808
1976,MINNESOTA,MN,US PRESIDENT,"HALL, GUS",COMMUNIST PARTY USE,FALSE,1092,1949931,0.00056002
1976,MINNESOTA,MN,US PRESIDENT,"WRIGHT, MARGARET",PEOPLE'S,FALSE,635,1949931,0.000325653
1976,MINNESOTA,MN,US PRESIDENT,"LAROUCHE, LYNDON, JR.",INTERNATIONAL DEVELOPMENT BANK,FALSE,543,1949931,0.000278471
1976,MINNESOTA,MN,US PRESIDENT,"JULIUS """"JULES"""", LEVIN",INDUSTRIAL GOVERNMENT PARTY,FALSE,370,1949931,0.00018975
1976,MINNESOTA,MN,US PRESIDENT,"ZEIDLER, FRANK",SOCIALIST,FALSE,354,1949931,0.000181545
1976,MINNESOTA,MN,US PRESIDENT,,,TRUE,342,1949931,0.000175391
1976,MISSISSIPPI,MS,US PRESIDENT,"CARTER, JIMMY",DEMOCRAT,FALSE,381329,768390,0.496270123
1976,MISSISSIPPI,MS,US PRESIDENT,"FORD, GERALD",REPUBLICAN,FALSE,366846,768390,0.477421622
1976,MISSISSIPPI,MS,US PRESIDENT,"ANDERSON, THOMAS J.",AMERICAN,FALSE,6678,768390,0.008690899
1976,MISSISSIPPI,MS,US PRESIDENT,"MCCARTHY, EUGENE """"GENE""""",INDEPENDENT,FALSE,4074,768390,0.005301995
1976,MISSISSIPPI,MS,US PRESIDENT,"MADDOX, LESTER",AMERICAN INDEPENDENT PARTY,FALSE,4049,768390,0.00526946
1976,MISSISSIPPI,MS,US PRESIDENT,"CAMEJO, PETER",SOCIALIST WORKERS,FALSE,2805,768390,0.00365049
1976,MISSISSIPPI,MS,US PRESIDENT,"MACBRIDE, ROGER",LIBERTARIAN,FALSE,2609,768390,0.003395411
1976,MISSOURI,MO,US PRESIDENT,"CARTER, JIMMY",DEMOCRAT,FALSE,998387,1953600,0.511049857
1976,MISSOURI,MO,US PRESIDENT,"FORD, GERALD",REPUBLICAN,FALSE,927443,1953600,0.47473536
1976,MISSOURI,MO,US PRESIDENT,"MCCARTHY, EUGENE """"GENE""""",INDEPENDENT,FALSE,24029,1953600,0.012299857
1976,MISSOURI,MO,US PRESIDENT,OTHER,,FALSE,3741,1953600,0.001914926
1976,MONTANA,MT,US PRESIDENT,"FORD, GERALD",REPUBLICAN,FALSE,173703,328734,0.528399861
1976,MONTANA,MT,US PRESIDENT,"CARTER, JIMMY",DEMOCRAT,FALSE,149259,328734,0.45404187
1976,MONTANA,MT,US PRESIDENT,"ANDERSON, THOMAS J.",AMERICAN,FALSE,5772,328734,0.017558269
1976,NEBRASKA,NE,US PRESIDENT,"FORD, GERALD",REPUBLICAN,FALSE,359219,606749,0.592038883
1976,NEBRASKA,NE,US PRESIDENT,"CARTER, JIMMY",DEMOCRAT,FALSE,233293,606749,0.384496719
1976,NEBRASKA,NE,US PRESIDENT,"MCCARTHY, EUGENE """"GENE""""",INDEPENDENT,FALSE,9383,606749,0.015464385
1976,NEBRASKA,NE,US PRESIDENT,"MADDOX, LESTER",AMERICAN INDEPENDENT PARTY,FALSE,3378,606749,0.005567376
1976,NEBRASKA,NE,US PRESIDENT,"MACBRIDE, ROGER",LIBERTARIAN,FALSE,1476,606749,0.002432637
1976,NEVADA,NV,US PRESIDENT,"FORD, GERALD",REPUBLICAN,FALSE,101273,201876,0.501659435
1976,NEVADA,NV,US PRESIDENT,"CARTER, JIMMY",DEMOCRAT,FALSE,92479,201876,0.45809804
1976,NEVADA,NV,US PRESIDENT,OTHER,,FALSE,5108,201876,0.025302661
1976,NEVADA,NV,US PRESIDENT,"MACBRIDE, ROGER",LIBERTARIAN,FALSE,1519,201876,0.007524421
1976,NEVADA,NV,US PRESIDENT,"MADDOX, LESTER",AMERICAN INDEPENDENT PARTY,FALSE,1497,201876,0.007415443
1976,NEW HAMPSHIRE,NH,US PRESIDENT,"FORD, GERALD",REPUBLICAN,FALSE,185935,339627,0.547468252
1976,NEW HAMPSHIRE,NH,US PRESIDENT,"CARTER, JIMMY",DEMOCRAT,FALSE,147645,339627,0.434726921
1976,NEW HAMPSHIRE,NH,US PRESIDENT,"MCCARTHY, EUGENE """"GENE""""",INDEPENDENT,FALSE,4095,339627,0.012057345
1976,NEW HAMPSHIRE,NH,US PRESIDENT,"MACBRIDE, ROGER",LIBERTARIAN,FALSE,936,339627,0.002755965
1976,NEW HAMPSHIRE,NH,US PRESIDENT,SCATTERING,,FALSE,603,339627,0.001775477
1976,NEW HAMPSHIRE,NH,US PRESIDENT,"LAROUCHE, LYNDON, JR.",U.S. LABOR,FALSE,186,339627,0.00054766
1976,NEW HAMPSHIRE,NH,US PRESIDENT,"CAMEJO, PETER",SOCIALIST WORKERS,FALSE,161,339627,0.000474049
1976,NEW HAMPSHIRE,NH,US PRESIDENT,"JULIUS """"JULES"""", LEVIN",SOCIALIST LABOR,FALSE,66,339627,0.000194331
1976,NEW JERSEY,NJ,US PRESIDENT,"FORD, GERALD",REPUBLICAN,FALSE,1509688,3014472,0.500813409
1976,NEW JERSEY,NJ,US PRESIDENT,"CARTER, JIMMY",DEMOCRAT,FALSE,1444653,3014472,0.47923915
1976,NEW JERSEY,NJ,US PRESIDENT,"MCCARTHY, EUGENE """"GENE""""",INDEPENDENT,FALSE,32717,3014472,0.01085331
1976,NEW JERSEY,NJ,US PRESIDENT,"MACBRIDE, ROGER",LIBERTARIAN,FALSE,9449,3014472,0.003134546
1976,NEW JERSEY,NJ,US PRESIDENT,"MADDOX, LESTER",AMERICAN INDEPENDENT PARTY,FALSE,7716,3014472,0.002559652
1976,NEW JERSEY,NJ,US PRESIDENT,"JULIUS """"JULES"""", LEVIN",SOCIALIST LABOR,FALSE,3686,3014472,0.001222768
1976,NEW JERSEY,NJ,US PRESIDENT,"HALL, GUS",COMMUNIST PARTY USE,FALSE,1662,3014472,0.00055134
1976,NEW JERSEY,NJ,US PRESIDENT,"LAROUCHE, LYNDON, JR.",U.S. LABOR,FALSE,1650,3014472,0.00054736
1976,NEW JERSEY,NJ,US PRESIDENT,"CAMEJO, PETER",SOCIALIST WORKERS,FALSE,1184,3014472,0.000392772
1976,NEW JERSEY,NJ,US PRESIDENT,"WRIGHT, MARGARET",PEACE & FREEDOM,FALSE,1044,3014472,0.000346329
1976,NEW JERSEY,NJ,US PRESIDENT,"BUBAR, BENJAMIN """"BEN""""",PROHIBITION,FALSE,554,3014472,0.00018378
1976,NEW JERSEY,NJ,US PRESIDENT,"ZEIDLER, FRANK",SOCIALIST,FALSE,469,3014472,0.000155583
1976,NEW MEXICO,NM,US PRESIDENT,"FORD, GERALD",REPUBLICAN,FALSE,211419,416590,0.50749898
1976,NEW MEXICO,NM,US PRESIDENT,"CARTER, JIMMY",DEMOCRAT,FALSE,201148,416590,0.482844043
1976,NEW MEXICO,NM,US PRESIDENT,"CAMEJO, PETER",SOCIALIST WORKERS,FALSE,2462,416590,0.005909887
1976,NEW MEXICO,NM,US PRESIDENT,"MACBRIDE, ROGER",LIBERTARIAN,FALSE,1110,416590,0.00266449
1976,NEW MEXICO,NM,US PRESIDENT,"ZEIDLER, FRANK",SOCIALIST,FALSE,240,416590,0.000576106
1976,NEW MEXICO,NM,US PRESIDENT,"BUBAR, BENJAMIN """"BEN""""",PROHIBITION,FALSE,211,416590,0.000506493
1976,NEW YORK,NY,US PRESIDENT,"CARTER, JIMMY",DEMOCRAT,FALSE,3244165,6668262,0.486508329
1976,NEW YORK,NY,US PRESIDENT,"FORD, GERALD",REPUBLICAN,FALSE,2825913,6668262,0.423785538
1976,NEW YORK,NY,US PRESIDENT,"FORD, GERALD",CONSERVATIVE,FALSE,274878,6668262,0.041221836
1976,NEW YORK,NY,US PRESIDENT,"CARTER, JIMMY",LIBERAL PARTY,FALSE,145393,6668262,0.021803732
1976,NEW YORK,NY,US PRESIDENT,OTHER,,FALSE,143037,6668262,0.021450417
1976,NEW YORK,NY,US PRESIDENT,"MACBRIDE, ROGER",FREE LIBERTARIAN,FALSE,12197,6668262,0.001829112
1976,NEW YORK,NY,US PRESIDENT,"HALL, GUS",COMMUNIST PARTY USE,FALSE,10270,6668262,0.001540131
1976,NEW YORK,NY,US PRESIDENT,"CAMEJO, PETER",SOCIALIST WORKERS,FALSE,6996,6668262,0.001049149
1976,NEW YORK,NY,US PRESIDENT,"LAROUCHE, LYNDON, JR.",LABOR,FALSE,5413,6668262,0.000811756
1976,NORTH CAROLINA,NC,US PRESIDENT,"CARTER, JIMMY",DEMOCRAT,FALSE,927365,1677906,0.552691867
1976,NORTH CAROLINA,NC,US PRESIDENT,"FORD, GERALD",REPUBLICAN,FALSE,741960,1677906,0.44219402
1976,NORTH CAROLINA,NC,US PRESIDENT,"ANDERSON, THOMAS J.",AMERICAN,FALSE,5607,1677906,0.003341665
1976,NORTH CAROLINA,NC,US PRESIDENT,"MACBRIDE, ROGER",LIBERTARIAN,FALSE,2219,1677906,0.001322482
1976,NORTH CAROLINA,NC,US PRESIDENT,"LAROUCHE, LYNDON, JR.",U.S. LABOR,FALSE,755,1677906,0.000449966
1976,NORTH DAKOTA,ND,US PRESIDENT,"FORD, GERALD",REPUBLICAN,FALSE,153684,297308,0.516918482
1976,NORTH DAKOTA,ND,US PRESIDENT,"CARTER, JIMMY",DEMOCRAT,FALSE,136078,297308,0.457700432
1976,NORTH DAKOTA,ND,US PRESIDENT,"ANDERSON, THOMAS J.",AMERICAN,FALSE,3698,297308,0.012438279
1976,NORTH DAKOTA,ND,US PRESIDENT,"MCCARTHY, EUGENE """"GENE""""",INDEPENDENT,FALSE,2952,297308,0.009929097
1976,NORTH DAKOTA,ND,US PRESIDENT,"MADDOX, LESTER",AMERICAN INDEPENDENT PARTY,FALSE,269,297308,0.000904786
1976,NORTH DAKOTA,ND,US PRESIDENT,"MACBRIDE, ROGER",LIBERTARIAN,FALSE,256,297308,0.00086106
1976,NORTH DAKOTA,ND,US PRESIDENT,"LAROUCHE, LYNDON, JR.",U.S. LABOR,FALSE,142,297308,0.000477619
1976,NORTH DAKOTA,ND,US PRESIDENT,"HALL, GUS",COMMUNIST PARTY USE,FALSE,85,297308,0.000285899
1976,NORTH DAKOTA,ND,US PRESIDENT,"BUBAR, BENJAMIN """"BEN""""",PROHIBITION,FALSE,63,297308,0.000211901
1976,NORTH DAKOTA,ND,US PRESIDENT,"CAMEJO, PETER",SOCIALIST WORKERS,FALSE,43,297308,0.000144631
1976,NORTH DAKOTA,ND,US PRESIDENT,"ZEIDLER, FRANK",SOCIALIST,FALSE,38,297308,0.000127814
1976,OHIO,OH,US PRESIDENT,"CARTER, JIMMY",DEMOCRAT,FALSE,2009959,4110456,0.488986867
1976,OHIO,OH,US PRESIDENT,"FORD, GERALD",REPUBLICAN,FALSE,2000626,4110456,0.486716316
1976,OHIO,OH,US PRESIDENT,"MCCARTHY, EUGENE """"GENE""""",INDEPENDENT,FALSE,58267,4110456,0.014175313
1976,OHIO,OH,US PRESIDENT,"MADDOX, LESTER",AMERICAN INDEPENDENT PARTY,FALSE,15508,4110456,0.003772817
1976,OHIO,OH,US PRESIDENT,"MACBRIDE, ROGER",LIBERTARIAN,FALSE,8952,4110456,0.002177861
1976,OHIO,OH,US PRESIDENT,"HALL, GUS",COMMUNIST PARTY USE,FALSE,7817,4110456,0.001901735
1976,OHIO,OH,US PRESIDENT,"CAMEJO, PETER",SOCIALIST WORKERS,FALSE,4833,4110456,0.001175782
1976,OHIO,OH,US PRESIDENT,"LAROUCHE, LYNDON, JR.",U.S. LABOR,FALSE,4364,4110456,0.001061683
1976,OHIO,OH,US PRESIDENT,"JULIUS """"JULES"""", LEVIN",SOCIALIST LABOR,FALSE,68,4110456,1.65432E-05
1976,OHIO,OH,US PRESIDENT,"BUBAR, BENJAMIN """"BEN""""",PROHIBITION,FALSE,62,4110456,1.50835E-05
1976,OKLAHOMA,OK,US PRESIDENT,"FORD, GERALD",REPUBLICAN,FALSE,545708,1092251,0.499617762
1976,OKLAHOMA,OK,US PRESIDENT,"CARTER, JIMMY",DEMOCRAT,FALSE,532442,1092251,0.487472202
1976,OKLAHOMA,OK,US PRESIDENT,"MCCARTHY, EUGENE """"GENE""""",INDEPENDENT,FALSE,14101,1092251,0.012910036
1976,OREGON,OR,US PRESIDENT,"FORD, GERALD",REPUBLICAN,FALSE,492120,1029876,0.477843935
1976,OREGON,OR,US PRESIDENT,"CARTER, JIMMY",DEMOCRAT,FALSE,490407,1029876,0.476180628
1976,OREGON,OR,US PRESIDENT,"MCCARTHY, EUGENE """"GENE""""",INDEPENDENT,FALSE,40207,1029876,0.039040622
1976,OREGON,OR,US PRESIDENT,,,TRUE,6107,1029876,0.00592984
1976,OREGON,OR,US PRESIDENT,"ANDERSON, THOMAS J.",AMERICAN,FALSE,1035,1029876,0.001004975
1976,PENNSYLVANIA,PA,US PRESIDENT,"CARTER, JIMMY",DEMOCRAT,FALSE,2328677,4620787,0.503956794
1976,PENNSYLVANIA,PA,US PRESIDENT,"FORD, GERALD",REPUBLICAN,FALSE,2205604,4620787,0.477322153
1976,PENNSYLVANIA,PA,US PRESIDENT,"MCCARTHY, EUGENE """"GENE""""",MCCARTHY '76,FALSE,50584,4620787,0.010947053
1976,PENNSYLVANIA,PA,US PRESIDENT,"MADDOX, LESTER",CONSTITUTION PARTY,FALSE,25344,4620787,0.00548478
1976,PENNSYLVANIA,PA,US PRESIDENT,"CAMEJO, PETER",SOCIALIST WORKERS,FALSE,3009,4620787,0.000651188
1976,PENNSYLVANIA,PA,US PRESIDENT,OTHER,,FALSE,2934,4620787,0.000634957
1976,PENNSYLVANIA,PA,US PRESIDENT,"LAROUCHE, LYNDON, JR.",U.S. LABOR,FALSE,2744,4620787,0.000593838
1976,PENNSYLVANIA,PA,US PRESIDENT,"HALL, GUS",COMMUNIST PARTY USE,FALSE,1891,4620787,0.000409238
1976,RHODE ISLAND,RI,US PRESIDENT,"CARTER, JIMMY",DEMOCRAT,FALSE,227636,410584,0.554420046
1976,RHODE ISLAND,RI,US PRESIDENT,"FORD, GERALD",REPUBLICAN,FALSE,181249,410584,0.441441946
1976,RHODE ISLAND,RI,US PRESIDENT,"MACBRIDE, ROGER",LIBERTARIAN,FALSE,715,410584,0.001741422
1976,RHODE ISLAND,RI,US PRESIDENT,"CAMEJO, PETER",SOCIALIST WORKERS,FALSE,462,410584,0.001125227
1976,RHODE ISLAND,RI,US PRESIDENT,"HALL, GUS",COMMUNIST PARTY USE,FALSE,334,410584,0.000813475
1976,RHODE ISLAND,RI,US PRESIDENT,"JULIUS """"JULES"""", LEVIN",SOCIALIST LABOR,FALSE,188,410584,0.000457884
1976,SOUTH CAROLINA,SC,US PRESIDENT,"CARTER, JIMMY",DEMOCRAT,FALSE,450807,802583,0.561695177
1976,SOUTH CAROLINA,SC,US PRESIDENT,"FORD, GERALD",REPUBLICAN,FALSE,346149,802583,0.43129371
1976,SOUTH CAROLINA,SC,US PRESIDENT,"ANDERSON, THOMAS J.",AMERICAN,FALSE,2996,802583,0.003732947
1976,SOUTH CAROLINA,SC,US PRESIDENT,"MADDOX, LESTER",AMERICAN INDEPENDENT PARTY,FALSE,1950,802583,0.002429655
1976,SOUTH CAROLINA,SC,US PRESIDENT,,,TRUE,681,802583,0.00084851
1976,SOUTH DAKOTA,SD,US PRESIDENT,"FORD, GERALD",REPUBLICAN,FALSE,151505,300678,0.503877903
1976,SOUTH DAKOTA,SD,US PRESIDENT,"CARTER, JIMMY",DEMOCRAT,FALSE,147068,300678,0.489121253
1976,SOUTH DAKOTA,SD,US PRESIDENT,"MACBRIDE, ROGER",LIBERTARIAN,FALSE,1619,300678,0.005384498
1976,SOUTH DAKOTA,SD,US PRESIDENT,"HALL, GUS",COMMUNIST PARTY USE,FALSE,318,300678,0.00105761
1976,SOUTH DAKOTA,SD,US PRESIDENT,"CAMEJO, PETER",SOCIALIST WORKERS,FALSE,168,300678,0.000558737
1976,TENNESSEE,TN,US PRESIDENT,"CARTER, JIMMY",DEMOCRAT,FALSE,825879,1476346,0.559407483
1976,TENNESSEE,TN,US PRESIDENT,"FORD, GERALD",REPUBLICAN,FALSE,633969,1476346,0.42941763
1976,TENNESSEE,TN,US PRESIDENT,"ANDERSON, THOMAS J.",INDEPENDENT,FALSE,5769,1476346,0.003907621
1976,TENNESSEE,TN,US PRESIDENT,"MCCARTHY, EUGENE """"GENE""""",INDEPENDENT,FALSE,5004,1476346,0.003389449
1976,TENNESSEE,TN,US PRESIDENT,"MADDOX, LESTER",INDEPENDENT,FALSE,2303,1476346,0.001559932
1976,TENNESSEE,TN,US PRESIDENT,"MACBRIDE, ROGER",INDEPENDENT,FALSE,1375,1476346,0.000931353
1976,TENNESSEE,TN,US PRESIDENT,"HALL, GUS",INDEPENDENT,FALSE,547,1476346,0.000370509
1976,TENNESSEE,TN,US PRESIDENT,"LAROUCHE, LYNDON, JR.",INDEPENDENT,FALSE,512,1476346,0.000346802
1976,TENNESSEE,TN,US PRESIDENT,"BUBAR, BENJAMIN """"BEN""""",INDEPENDENT,FALSE,442,1476346,0.000299388
1976,TENNESSEE,TN,US PRESIDENT,,INDEPENDENT,FALSE,316,1476346,0.000214042
1976,TENNESSEE,TN,US PRESIDENT,,,TRUE,230,1476346,0.00015579
1976,TEXAS,TX,US PRESIDENT,"CARTER, JIMMY",DEMOCRAT,FALSE,2082319,4071884,0.511389568
1976,TEXAS,TX,US PRESIDENT,"FORD, GERALD",REPUBLICAN,FALSE,1953300,4071884,0.479704235
1976,TEXAS,TX,US PRESIDENT,"MCCARTHY, EUGENE """"GENE""""",INDEPENDENT,FALSE,20118,4071884,0.00494071
1976,TEXAS,TX,US PRESIDENT,"ANDERSON, THOMAS J.",AMERICAN,FALSE,11442,4071884,0.002810001
1976,TEXAS,TX,US PRESIDENT,,,TRUE,2982,4071884,0.000732339
1976,TEXAS,TX,US PRESIDENT,"CAMEJO, PETER",SOCIALIST WORKERS,FALSE,1723,4071884,0.000423146
1976,UTAH,UT,US PRESIDENT,"FORD, GERALD",REPUBLICAN,FALSE,337908,541218,0.624347306
1976,UTAH,UT,US PRESIDENT,"CARTER, JIMMY",DEMOCRAT,FALSE,182110,541218,0.336481787
1976,UTAH,UT,US PRESIDENT,"ANDERSON, THOMAS J.",AMERICAN,FALSE,13304,541218,0.024581592
1976,UTAH,UT,US PRESIDENT,"MCCARTHY, EUGENE """"GENE""""",INDEPENDENT,FALSE,3907,541218,0.007218903
1976,UTAH,UT,US PRESIDENT,"MACBRIDE, ROGER",LIBERAL PARTY,FALSE,2438,541218,0.004504654
1976,UTAH,UT,US PRESIDENT,"MADDOX, LESTER",CONCERNED CITIZENS,FALSE,1162,541218,0.002147009
1976,UTAH,UT,US PRESIDENT,"CAMEJO, PETER",INDEPENDENT,FALSE,268,541218,0.000495179
1976,UTAH,UT,US PRESIDENT,"HALL, GUS",INDEPENDENT,FALSE,121,541218,0.00022357
1976,VERMONT,VT,US PRESIDENT,"FORD, GERALD",REPUBLICAN,FALSE,100387,183902,0.545872258
1976,VERMONT,VT,US PRESIDENT,"CARTER, JIMMY",DEMOCRAT,FALSE,77798,183902,0.423040532
1976,VERMONT,VT,US PRESIDENT,"MCCARTHY, EUGENE """"GENE""""",INDEPENDENT,FALSE,4001,183902,0.021756153
1976,VERMONT,VT,US PRESIDENT,OTHER,,FALSE,1090,183902,0.00592707
1976,VERMONT,VT,US PRESIDENT,"CAMEJO, PETER",SOCIALIST WORKERS,FALSE,430,183902,0.002338202
1976,VERMONT,VT,US PRESIDENT,"LAROUCHE, LYNDON, JR.",U.S. LABOR,FALSE,196,183902,0.001065785
1976,VIRGINIA,VA,US PRESIDENT,"FORD, GERALD",REPUBLICAN,FALSE,836554,1697094,0.492933214
1976,VIRGINIA,VA,US PRESIDENT,"CARTER, JIMMY",DEMOCRAT,FALSE,813896,1697094,0.479582156
1976,VIRGINIA,VA,US PRESIDENT,"CAMEJO, PETER",SOCIALIST WORKERS,FALSE,17802,1697094,0.010489696
1976,VIRGINIA,VA,US PRESIDENT,"ANDERSON, THOMAS J.",AMERICAN,FALSE,16686,1697094,0.009832101
1976,VIRGINIA,VA,US PRESIDENT,"LAROUCHE, LYNDON, JR.",U.S. LABOR,FALSE,7508,1697094,0.004424033
1976,VIRGINIA,VA,US PRESIDENT,"MACBRIDE, ROGER",LIBERTARIAN,FALSE,4648,1697094,0.002738799
1976,WASHINGTON,WA,US PRESIDENT,"FORD, GERALD",REPUBLICAN,FALSE,777732,1555534,0.4999775
1976,WASHINGTON,WA,US PRESIDENT,"CARTER, JIMMY",DEMOCRAT,FALSE,717323,1555534,0.461142604
1976,WASHINGTON,WA,US PRESIDENT,"MCCARTHY, EUGENE """"GENE""""",INDEPENDENT,FALSE,36986,1555534,0.023777044
1976,WASHINGTON,WA,US PRESIDENT,"MADDOX, LESTER",AMERICAN INDEPENDENT PARTY,FALSE,8585,1555534,0.005519005
1976,WASHINGTON,WA,US PRESIDENT,OTHER,,FALSE,5482,1555534,0.003524192
1976,WASHINGTON,WA,US PRESIDENT,"MACBRIDE, ROGER",LIBERTARIAN,FALSE,5042,1555534,0.003241331
1976,WASHINGTON,WA,US PRESIDENT,"ANDERSON, THOMAS J.",CONSTITUTION PARTY,FALSE,1046,1555534,0.000672438
1976,WASHINGTON,WA,US PRESIDENT,"CAMEJO, PETER",SOCIALIST WORKERS,FALSE,905,1555534,0.000581794
1976,WASHINGTON,WA,US PRESIDENT,"LAROUCHE, LYNDON, JR.",U.S. LABOR,FALSE,903,1555534,0.000580508
1976,WASHINGTON,WA,US PRESIDENT,"HALL, GUS",COMMUNIST PARTY USE,FALSE,817,1555534,0.000525222
1976,WASHINGTON,WA,US PRESIDENT,"JULIUS """"JULES"""", LEVIN",SOCIALIST LABOR,FALSE,713,1555534,0.000458363
1976,WEST VIRGINIA,WV,US PRESIDENT,"CARTER, JIMMY",DEMOCRAT,FALSE,435864,750590,0.580695186
1976,WEST VIRGINIA,WV,US PRESIDENT,"FORD, GERALD",REPUBLICAN,FALSE,314726,750590,0.419304814
1976,WISCONSIN,WI,US PRESIDENT,"CARTER, JIMMY",DEMOCRAT,FALSE,1040232,2101336,0.495033636
1976,WISCONSIN,WI,US PRESIDENT,"FORD, GERALD",REPUBLICAN,FALSE,1004987,2101336,0.478260973
1976,WISCONSIN,WI,US PRESIDENT,"MCCARTHY, EUGENE """"GENE""""",INDEPENDENT,FALSE,34943,2101336,0.016628945
1976,WISCONSIN,WI,US PRESIDENT,"MADDOX, LESTER",AMERICAN INDEPENDENT PARTY,FALSE,8552,2101336,0.004069792
1976,WISCONSIN,WI,US PRESIDENT,"ZEIDLER, FRANK",SOCIALIST,FALSE,4298,2101336,0.002045365
1976,WISCONSIN,WI,US PRESIDENT,"MACBRIDE, ROGER",LIBERTARIAN,FALSE,3814,2101336,0.001815036
1976,WISCONSIN,WI,US PRESIDENT,OTHER,,FALSE,2430,2101336,0.001156407
1976,WISCONSIN,WI,US PRESIDENT,"CAMEJO, PETER",SOCIALIST WORKERS,FALSE,1691,2101336,0.000804726
1976,WISCONSIN,WI,US PRESIDENT,"JULIUS """"JULES"""", LEVIN",SOCIALIST LABOR,FALSE,389,2101336,0.00018512
1976,WYOMING,WY,US PRESIDENT,"FORD, GERALD",REPUBLICAN,FALSE,92717,156343,0.593035825
1976,WYOMING,WY,US PRESIDENT,"CARTER, JIMMY",DEMOCRAT,FALSE,62239,156343,0.398092655
1976,WYOMING,WY,US PRESIDENT,,,TRUE,1387,156343,0.00887152
1980,ALABAMA,AL,US PRESIDENT,"REAGAN, RONALD",REPUBLICAN,FALSE,654192,1341929,0.487501202
1980,ALABAMA,AL,US PRESIDENT,"CARTER, JIMMY",DEMOCRAT,FALSE,636730,1341929,0.474488591
1980,ALABAMA,AL,US PRESIDENT,"ANDERSON, JOHN B.",INDEPENDENT,FALSE,16481,1341929,0.012281574
1980,ALABAMA,AL,US PRESIDENT,"RARICK, JOHN",CONSERVATIVE,FALSE,15010,1341929,0.011185391
1980,ALABAMA,AL,US PRESIDENT,"CLARK, EDWARD """"ED""""",LIBERTARIAN,FALSE,13318,1341929,0.009924519
1980,ALABAMA,AL,US PRESIDENT,"BUBAR, BENJAMIN """"BEN""""",STATESMAN,FALSE,1743,1341929,0.001298876
1980,ALABAMA,AL,US PRESIDENT,"HALL, GUS",COMMUNIST PARTY USE,FALSE,1629,1341929,0.001213924
1980,ALABAMA,AL,US PRESIDENT,"DEBERRY, CLIFTON",SOCIALIST WORKERS,FALSE,1303,1341929,0.00097099
1980,ALABAMA,AL,US PRESIDENT,"MCREYNOLDS, DAVID",SOCIALIST,FALSE,1006,1341929,0.000749667
1980,ALABAMA,AL,US PRESIDENT,"COMMONER, BARRY",CITIZENS,FALSE,517,1341929,0.000385266
1980,ALASKA,AK,US PRESIDENT,"REAGAN, RONALD",REPUBLICAN,FALSE,86112,158445,0.543481965
1980,ALASKA,AK,US PRESIDENT,"CARTER, JIMMY",DEMOCRAT,FALSE,41842,158445,0.264079018
1980,ALASKA,AK,US PRESIDENT,"CLARK, EDWARD """"ED""""",LIBERTARIAN,FALSE,18479,158445,0.116627221
1980,ALASKA,AK,US PRESIDENT,"ANDERSON, JOHN B.",INDEPENDENT,FALSE,11155,158445,0.070402979
1980,ALASKA,AK,US PRESIDENT,,,TRUE,857,158445,0.005408817
1980,ARIZONA,AZ,US PRESIDENT,"REAGAN, RONALD",REPUBLICAN,FALSE,529688,873945,0.606088484
1980,ARIZONA,AZ,US PRESIDENT,"CARTER, JIMMY",DEMOCRAT,FALSE,246843,873945,0.282446836
1980,ARIZONA,AZ,US PRESIDENT,"ANDERSON, JOHN B.",INDEPENDENT,FALSE,76952,873945,0.088051308
1980,ARIZONA,AZ,US PRESIDENT,"CLARK, EDWARD """"ED""""",LIBERTARIAN,FALSE,18784,873945,0.021493343
1980,ARIZONA,AZ,US PRESIDENT,"DEBERRY, CLIFTON",SOCIALIST WORKERS,FALSE,1100,873945,0.00125866
1980,ARIZONA,AZ,US PRESIDENT,"COMMONER, BARRY",CITIZENS,FALSE,551,873945,0.000630474
1980,ARIZONA,AZ,US PRESIDENT,"HALL, GUS",COMMUNIST PARTY USE,FALSE,25,873945,2.86059E-05
1980,ARIZONA,AZ,US PRESIDENT,"GRISWOLD, DEIRDRE",WORKERS WORLD,FALSE,2,873945,2.28847E-06
1980,ARKANSAS,AR,US PRESIDENT,"REAGAN, RONALD",REPUBLICAN,FALSE,403164,837582,0.481342722
1980,ARKANSAS,AR,US PRESIDENT,"CARTER, JIMMY",DEMOCRAT,FALSE,398041,837582,0.475226306
1980,ARKANSAS,AR,US PRESIDENT,"ANDERSON, JOHN B.",INDEPENDENT,FALSE,22468,837582,0.026824836
1980,ARKANSAS,AR,US PRESIDENT,"CLARK, EDWARD """"ED""""",LIBERTARIAN,FALSE,8970,837582,0.010709399
1980,ARKANSAS,AR,US PRESIDENT,"COMMONER, BARRY",CITIZENS,FALSE,2345,837582,0.002799726
1980,ARKANSAS,AR,US PRESIDENT,"BUBAR, BENJAMIN """"BEN""""",STATESMAN,FALSE,1350,837582,0.001611782
1980,ARKANSAS,AR,US PRESIDENT,"HALL, GUS",COMMUNIST PARTY USE,FALSE,1244,837582,0.001485228
1980,CALIFORNIA,CA,US PRESIDENT,"REAGAN, RONALD",REPUBLICAN,FALSE,4522994,8582938,0.526975029
1980,CALIFORNIA,CA,US PRESIDENT,"CARTER, JIMMY",DEMOCRAT,FALSE,3082943,8582938,0.359194369
1980,CALIFORNIA,CA,US PRESIDENT,"ANDERSON, JOHN B.",INDEPENDENT,FALSE,739618,8582938,0.086173056
1980,CALIFORNIA,CA,US PRESIDENT,"CLARK, EDWARD """"ED""""",LIBERTARIAN,FALSE,148390,8582938,0.017288952
1980,CALIFORNIA,CA,US PRESIDENT,"COMMONER, BARRY",CITIZENS,FALSE,61046,8582938,0.007112483
1980,CALIFORNIA,CA,US PRESIDENT,"SMITH, MAUREEN",PEACE & FREEDOM,FALSE,18106,8582938,0.002109534
1980,CALIFORNIA,CA,US PRESIDENT,"RARICK, JOHN",AMERICAN INDEPENDENT PARTY,FALSE,9841,8582938,0.001146577
1980,COLORADO,CO,US PRESIDENT,"REAGAN, RONALD",REPUBLICAN,FALSE,652264,1184450,0.550689349
1980,COLORADO,CO,US PRESIDENT,"CARTER, JIMMY",DEMOCRAT,FALSE,368009,1184450,0.310700325
1980,COLORADO,CO,US PRESIDENT,"ANDERSON, JOHN B.",NATIONAL UNITY CAMPAIGN,FALSE,130633,1184450,0.110290008
1980,COLORADO,CO,US PRESIDENT,"CLARK, EDWARD """"ED""""",LIBERTARIAN,FALSE,25744,1184450,0.021734982
1980,COLORADO,CO,US PRESIDENT,"COMMONER, BARRY",CITIZENS,FALSE,5614,1184450,0.004739753
1980,COLORADO,CO,US PRESIDENT,"BUBAR, BENJAMIN """"BEN""""",STATESMAN,FALSE,1180,1184450,0.000996243
1980,COLORADO,CO,US PRESIDENT,"PULLEY, ANDREW",SOCIALIST WORKERS,FALSE,519,1184450,0.000438178
1980,COLORADO,CO,US PRESIDENT,"HALL, GUS",COMMUNIST PARTY USE,FALSE,487,1184450,0.000411161
1980,CONNECTICUT,CT,US PRESIDENT,"REAGAN, RONALD",REPUBLICAN,FALSE,677210,1406285,0.48155957
1980,CONNECTICUT,CT,US PRESIDENT,"CARTER, JIMMY",DEMOCRAT,FALSE,541732,1406285,0.385222057
1980,CONNECTICUT,CT,US PRESIDENT,"ANDERSON, JOHN B.",ANDERSON COALITION,FALSE,171807,1406285,0.122170826
1980,CONNECTICUT,CT,US PRESIDENT,"CLARK, EDWARD """"ED""""",LIBERTARIAN,FALSE,8570,1406285,0.006094071
1980,CONNECTICUT,CT,US PRESIDENT,"COMMONER, BARRY",CITIZENS,FALSE,6130,1406285,0.004359003
1980,CONNECTICUT,CT,US PRESIDENT,,,TRUE,836,1406285,0.000594474
1980,DELAWARE,DE,US PRESIDENT,"REAGAN, RONALD",REPUBLICAN,FALSE,111252,235668,0.472070879
1980,DELAWARE,DE,US PRESIDENT,"CARTER, JIMMY",DEMOCRAT,FALSE,105754,235668,0.44874145
1980,DELAWARE,DE,US PRESIDENT,"ANDERSON, JOHN B.",INDEPENDENT,FALSE,16288,235668,0.069114178
1980,DELAWARE,DE,US PRESIDENT,"CLARK, EDWARD """"ED""""",LIBERTARIAN,FALSE,1974,235668,0.00837619
1980,DELAWARE,DE,US PRESIDENT,"GREAVES, PERCY L, JR.",AMERICAN,FALSE,400,235668,0.001697303
1980,DISTRICT OF COLUMBIA,DC,US PRESIDENT,"CARTER, JIMMY",DEMOCRAT,FALSE,130231,173889,0.74893179
1980,DISTRICT OF COLUMBIA,DC,US PRESIDENT,"REAGAN, RONALD",REPUBLICAN,FALSE,23313,173889,0.134068285
1980,DISTRICT OF COLUMBIA,DC,US PRESIDENT,"ANDERSON, JOHN B.",INDEPENDENT,FALSE,16131,173889,0.092766075
1980,DISTRICT OF COLUMBIA,DC,US PRESIDENT,"COMMONER, BARRY",CITIZENS,FALSE,1826,173889,0.010500952
1980,DISTRICT OF COLUMBIA,DC,US PRESIDENT,"CLARK, EDWARD """"ED""""",LIBERTARIAN,FALSE,1104,173889,0.006348878
1980,DISTRICT OF COLUMBIA,DC,US PRESIDENT,,,TRUE,690,173889,0.003968049
1980,DISTRICT OF COLUMBIA,DC,US PRESIDENT,"HALL, GUS",COMMUNIST PARTY USE,FALSE,369,173889,0.002122043
1980,DISTRICT OF COLUMBIA,DC,US PRESIDENT,"DEBERRY, CLIFTON",SOCIALIST WORKERS,FALSE,173,173889,0.000994888
1980,DISTRICT OF COLUMBIA,DC,US PRESIDENT,"GRISWOLD, DEIRDRE",WORKERS WORLD,FALSE,52,173889,0.000299041
1980,FLORIDA,FL,US PRESIDENT,"REAGAN, RONALD",REPUBLICAN,FALSE,2046951,3686927,0.555191627
1980,FLORIDA,FL,US PRESIDENT,"CARTER, JIMMY",DEMOCRAT,FALSE,1419475,3686927,0.385002198
1980,FLORIDA,FL,US PRESIDENT,"ANDERSON, JOHN B.",INDEPENDENT,FALSE,189692,3686927,0.051449893
1980,FLORIDA,FL,US PRESIDENT,"CLARK, EDWARD """"ED""""",LIBERTARIAN,FALSE,30524,3686927,0.008278981
1980,FLORIDA,FL,US PRESIDENT,,,TRUE,285,3686927,7.73001E-05
1980,GEORGIA,GA,US PRESIDENT,"CARTER, JIMMY",DEMOCRAT,FALSE,890955,1596805,0.557961053
1980,GEORGIA,GA,US PRESIDENT,"REAGAN, RONALD",REPUBLICAN,FALSE,654168,1596805,0.409673066
1980,GEORGIA,GA,US PRESIDENT,"ANDERSON, JOHN B.",INDEPENDENT,FALSE,36055,1596805,0.022579463
1980,GEORGIA,GA,US PRESIDENT,"CLARK, EDWARD """"ED""""",LIBERTARIAN,FALSE,15627,1596805,0.009786417
1980,HAWAII,HI,US PRESIDENT,"CARTER, JIMMY",DEMOCRAT,FALSE,135879,303287,0.448021181
1980,HAWAII,HI,US PRESIDENT,"REAGAN, RONALD",REPUBLICAN,FALSE,130112,303287,0.429006189
1980,HAWAII,HI,US PRESIDENT,"ANDERSON, JOHN B.",INDEPENDENT,FALSE,32021,303287,0.105579863
1980,HAWAII,HI,US PRESIDENT,"CLARK, EDWARD """"ED""""",LIBERTARIAN,FALSE,3269,303287,0.010778569
1980,HAWAII,HI,US PRESIDENT,"COMMONER, BARRY",CITIZENS,FALSE,1548,303287,0.005104076
1980,HAWAII,HI,US PRESIDENT,"HALL, GUS",COMMUNIST PARTY USE,FALSE,458,303287,0.001510121
1980,IDAHO,ID,US PRESIDENT,"REAGAN, RONALD",REPUBLICAN,FALSE,290699,437431,0.664559668
1980,IDAHO,ID,US PRESIDENT,"CARTER, JIMMY",DEMOCRAT,FALSE,110192,437431,0.251907158
1980,IDAHO,ID,US PRESIDENT,"ANDERSON, JOHN B.",INDEPENDENT,FALSE,27058,437431,0.061856613
1980,IDAHO,ID,US PRESIDENT,"CLARK, EDWARD """"ED""""",LIBERTARIAN,FALSE,8425,437431,0.01926018
1980,IDAHO,ID,US PRESIDENT,"RARICK, JOHN",AMERICAN INDEPENDENT PARTY,FALSE,1057,437431,0.002416381
1980,ILLINOIS,IL,US PRESIDENT,"REAGAN, RONALD",REPUBLICAN,FALSE,2358049,4749721,0.496460529
1980,ILLINOIS,IL,US PRESIDENT,"CARTER, JIMMY",DEMOCRAT,FALSE,1981413,4749721,0.417164082
1980,ILLINOIS,IL,US PRESIDENT,"ANDERSON, JOHN B.",INDEPENDENT,FALSE,346754,4749721,0.07300513
1980,ILLINOIS,IL,US PRESIDENT,"CLARK, EDWARD """"ED""""",LIBERTARIAN,FALSE,38939,4749721,0.008198166
1980,ILLINOIS,IL,US PRESIDENT,"COMMONER, BARRY",CITIZENS,FALSE,10692,4749721,0.00225108
1980,ILLINOIS,IL,US PRESIDENT,"HALL, GUS",COMMUNIST PARTY USE,FALSE,9711,4749721,0.002044541
1980,ILLINOIS,IL,US PRESIDENT,"GRISWOLD, DEIRDRE",WORKERS WORLD,FALSE,2257,4749721,0.000475186
1980,ILLINOIS,IL,US PRESIDENT,"DEBERRY, CLIFTON",SOCIALIST WORKERS,FALSE,1302,4749721,0.000274121
1980,ILLINOIS,IL,US PRESIDENT,,,TRUE,604,4749721,0.000127165
1980,INDIANA,IN,US PRESIDENT,"REAGAN, RONALD",REPUBLICAN,FALSE,1255656,2242033,0.560052417
1980,INDIANA,IN,US PRESIDENT,"CARTER, JIMMY",DEMOCRAT,FALSE,844197,2242033,0.376531924
1980,INDIANA,IN,US PRESIDENT,"ANDERSON, JOHN B.",INDEPENDENT,FALSE,111639,2242033,0.049793647
1980,INDIANA,IN,US PRESIDENT,"CLARK, EDWARD """"ED""""",LIBERTARIAN,FALSE,19627,2242033,0.008754108
1980,INDIANA,IN,US PRESIDENT,"COMMONER, BARRY",CITIZENS,FALSE,4852,2242033,0.002164107
1980,INDIANA,IN,US PRESIDENT,"GREAVES, PERCY L, JR.",AMERICAN,FALSE,4750,2242033,0.002118613
1980,INDIANA,IN,US PRESIDENT,"HALL, GUS",COMMUNIST PARTY USE,FALSE,702,2242033,0.000313109
1980,INDIANA,IN,US PRESIDENT,"DEBERRY, CLIFTON",SOCIALIST WORKERS,FALSE,610,2242033,0.000272074
1980,IOWA,IA,US PRESIDENT,"REAGAN, RONALD",REPUBLICAN,FALSE,676026,1317661,0.513050018
1980,IOWA,IA,US PRESIDENT,"CARTER, JIMMY",DEMOCRAT,FALSE,508672,1317661,0.38604163
1980,IOWA,IA,US PRESIDENT,"ANDERSON, JOHN B.",NOMINATED BY PETITION,FALSE,115633,1317661,0.087756259
1980,IOWA,IA,US PRESIDENT,"CLARK, EDWARD """"ED""""",LIBERTARIAN,FALSE,13123,1317661,0.009959314
1980,IOWA,IA,US PRESIDENT,"COMMONER, BARRY",CITIZENS,FALSE,2273,1317661,0.001725026
1980,IOWA,IA,US PRESIDENT,"MCREYNOLDS, DAVID",SOCIALIST,FALSE,534,1317661,0.000405264
1980,IOWA,IA,US PRESIDENT,,,TRUE,519,1317661,0.00039388
1980,IOWA,IA,US PRESIDENT,"HALL, GUS",COMMUNIST PARTY USE,FALSE,298,1317661,0.000226158
1980,IOWA,IA,US PRESIDENT,"DEBERRY, CLIFTON",SOCIALIST WORKERS,FALSE,244,1317661,0.000185177
1980,IOWA,IA,US PRESIDENT,"GREAVES, PERCY L, JR.",AMERICAN,FALSE,189,1317661,0.000143436
1980,IOWA,IA,US PRESIDENT,"BUBAR, BENJAMIN """"BEN""""",STATESMAN,FALSE,150,1317661,0.000113838
1980,KANSAS,KS,US PRESIDENT,"REAGAN, RONALD",REPUBLICAN,FALSE,566812,979795,0.578500605
1980,KANSAS,KS,US PRESIDENT,"CARTER, JIMMY",DEMOCRAT,FALSE,326150,979795,0.332875755
1980,KANSAS,KS,US PRESIDENT,"ANDERSON, JOHN B.",INDEPENDENT,FALSE,68231,979795,0.069638037
1980,KANSAS,KS,US PRESIDENT,"CLARK, EDWARD """"ED""""",LIBERTARIAN,FALSE,14470,979795,0.014768395
1980,KANSAS,KS,US PRESIDENT,"SHELTON, FRANK, JR.",AMERICAN,FALSE,1555,979795,0.001587067
1980,KANSAS,KS,US PRESIDENT,"HALL, GUS",COMMUNIST PARTY USE,FALSE,967,979795,0.000986941
1980,KANSAS,KS,US PRESIDENT,"BUBAR, BENJAMIN """"BEN""""",STATESMAN,FALSE,821,979795,0.00083793
1980,KANSAS,KS,US PRESIDENT,"RARICK, JOHN",AMERICAN INDEPENDENT PARTY,FALSE,789,979795,0.00080527
1980,KENTUCKY,KY,US PRESIDENT,"REAGAN, RONALD",REPUBLICAN,FALSE,635274,1295627,0.490321674
1980,KENTUCKY,KY,US PRESIDENT,"CARTER, JIMMY",DEMOCRAT,FALSE,617417,1295627,0.476539158
1980,KENTUCKY,KY,US PRESIDENT,"ANDERSON, JOHN B.",INDEPENDENT,FALSE,31127,1295627,0.024024661
1980,KENTUCKY,KY,US PRESIDENT,"CLARK, EDWARD """"ED""""",LIBERTARIAN,FALSE,5531,1295627,0.004268976
1980,KENTUCKY,KY,US PRESIDENT,"MCCORMACK, ELLEN",RESPECT FOR LIFE,FALSE,4233,1295627,0.003267144
1980,KENTUCKY,KY,US PRESIDENT,"COMMONER, BARRY",CITIZENS,FALSE,1304,1295627,0.001006463
1980,KENTUCKY,KY,US PRESIDENT,"PULLEY, ANDREW",SOCIALIST WORKERS,FALSE,393,1295627,0.000303328
1980,KENTUCKY,KY,US PRESIDENT,"HALL, GUS",COMMUNIST PARTY USE,FALSE,348,1295627,0.000268596
1980,LOUISIANA,LA,US PRESIDENT,"REAGAN, RONALD",REPUBLICAN,FALSE,792853,1548591,0.511983474
1980,LOUISIANA,LA,US PRESIDENT,"CARTER, JIMMY",DEMOCRAT,FALSE,708453,1548591,0.457482318
1980,LOUISIANA,LA,US PRESIDENT,"ANDERSON, JOHN B.",INDEPENDENT,FALSE,26345,1548591,0.017012239
1980,LOUISIANA,LA,US PRESIDENT,"RARICK, JOHN",AMERICAN INDEPENDENT PARTY,FALSE,10333,1548591,0.006672517
1980,LOUISIANA,LA,US PRESIDENT,"CLARK, EDWARD """"ED""""",LIBERTARIAN,FALSE,8240,1548591,0.005320966
1980,LOUISIANA,LA,US PRESIDENT,"COMMONER, BARRY",CITIZENS,FALSE,1584,1548591,0.001022865
1980,LOUISIANA,LA,US PRESIDENT,"DEBERRY, CLIFTON",SOCIALIST WORKERS,FALSE,783,1548591,0.000505621
1980,MAINE,ME,US PRESIDENT,"REAGAN, RONALD",REPUBLICAN,FALSE,238522,523011,0.456055418
1980,MAINE,ME,US PRESIDENT,"CARTER, JIMMY",DEMOCRAT,FALSE,220974,523011,0.422503542
1980,MAINE,ME,US PRESIDENT,"ANDERSON, JOHN B.",INDEPENDENT,FALSE,53327,523011,0.101961527
1980,MAINE,ME,US PRESIDENT,"CLARK, EDWARD """"ED""""",LIBERTARIAN,FALSE,5119,523011,0.009787557
1980,MAINE,ME,US PRESIDENT,"COMMONER, BARRY",CITIZENS,FALSE,4394,523011,0.008401353
1980,MAINE,ME,US PRESIDENT,"HALL, GUS",COMMUNIST PARTY USE,FALSE,591,523011,0.001129995
1980,MAINE,ME,US PRESIDENT,,,TRUE,84,523011,0.000160608
1980,MARYLAND,MD,US PRESIDENT,"CARTER, JIMMY",DEMOCRAT,FALSE,726161,1540496,0.471381295
1980,MARYLAND,MD,US PRESIDENT,"REAGAN, RONALD",REPUBLICAN,FALSE,680606,1540496,0.441809651
1980,MARYLAND,MD,US PRESIDENT,"ANDERSON, JOHN B.",INDEPENDENT,FALSE,119537,1540496,0.077596436
1980,MARYLAND,MD,US PRESIDENT,"CLARK, EDWARD """"ED""""",LIBERTARIAN,FALSE,14192,1540496,0.009212617
1980,MASSACHUSETTS,MA,US PRESIDENT,"REAGAN, RONALD",REPUBLICAN,FALSE,1057631,2524090,0.419014774
1980,MASSACHUSETTS,MA,US PRESIDENT,"CARTER, JIMMY",DEMOCRAT,FALSE,1053802,2524090,0.417497791
1980,MASSACHUSETTS,MA,US PRESIDENT,"ANDERSON, JOHN B.",INDEPENDENT,FALSE,382539,2524090,0.151555214
1980,MASSACHUSETTS,MA,US PRESIDENT,"CLARK, EDWARD """"ED""""",LIBERTARIAN,FALSE,22038,2524090,0.008731067
1980,MASSACHUSETTS,MA,US PRESIDENT,"DEBERRY, CLIFTON",SOCIALIST WORKERS,FALSE,3735,2524090,0.001479741
1980,MASSACHUSETTS,MA,US PRESIDENT,,,TRUE,2289,2524090,0.000906861
1980,MASSACHUSETTS,MA,US PRESIDENT,"COMMONER, BARRY",CITIZENS,FALSE,2056,2524090,0.000814551
1980,MICHIGAN,MI,US PRESIDENT,"REAGAN, RONALD",REPUBLICAN,FALSE,1915225,3909725,0.489861819
1980,MICHIGAN,MI,US PRESIDENT,"CARTER, JIMMY",DEMOCRAT,FALSE,1661532,3909725,0.424974135
1980,MICHIGAN,MI,US PRESIDENT,"ANDERSON, JOHN B.",INDEPENDENT,FALSE,275223,3909725,0.070394465
1980,MICHIGAN,MI,US PRESIDENT,"CLARK, EDWARD """"ED""""",LIBERTARIAN,FALSE,41597,3909725,0.010639367
1980,MICHIGAN,MI,US PRESIDENT,"COMMONER, BARRY",CITIZENS,FALSE,11930,3909725,0.003051366
1980,MICHIGAN,MI,US PRESIDENT,"HALL, GUS",COMMUNIST PARTY USE,FALSE,3262,3909725,0.00083433
1980,MICHIGAN,MI,US PRESIDENT,,,TRUE,956,3909725,0.000244518
1980,MINNESOTA,MN,US PRESIDENT,"CARTER, JIMMY",DEMOCRAT,FALSE,954173,2051916,0.465015624
1980,MINNESOTA,MN,US PRESIDENT,"REAGAN, RONALD",REPUBLICAN,FALSE,873268,2051916,0.425586622
1980,MINNESOTA,MN,US PRESIDENT,"ANDERSON, JOHN B.",INDEPENDENT,FALSE,174997,2051916,0.08528468
1980,MINNESOTA,MN,US PRESIDENT,"CLARK, EDWARD """"ED""""",LIBERTARIAN,FALSE,31593,2051916,0.015396829
1980,MINNESOTA,MN,US PRESIDENT,"COMMONER, BARRY",CITIZENS,FALSE,8406,2051916,0.004096659
1980,MINNESOTA,MN,US PRESIDENT,,AMERICAN,FALSE,6136,2051916,0.002990376
1980,MINNESOTA,MN,US PRESIDENT,"HALL, GUS",COMMUNIST PARTY USE,FALSE,1117,2051916,0.000544369
1980,MINNESOTA,MN,US PRESIDENT,"DEBERRY, CLIFTON",SOCIALIST WORKERS,FALSE,711,2051916,0.000346505
1980,MINNESOTA,MN,US PRESIDENT,"GRISWOLD, DEIRDRE",WORKERS WORLD,FALSE,698,2051916,0.00034017
1980,MINNESOTA,MN,US PRESIDENT,"MCREYNOLDS, DAVID",SOCIALIST,FALSE,536,2051916,0.000261219
1980,MINNESOTA,MN,US PRESIDENT,,,TRUE,281,2051916,0.000136945
1980,MISSISSIPPI,MS,US PRESIDENT,"REAGAN, RONALD",REPUBLICAN,FALSE,441089,891750,0.494633025
1980,MISSISSIPPI,MS,US PRESIDENT,"CARTER, JIMMY",DEMOCRAT,FALSE,429281,891750,0.481391646
1980,MISSISSIPPI,MS,US PRESIDENT,"ANDERSON, JOHN B.",INDEPENDENT,FALSE,12036,891750,0.013497056
1980,MISSISSIPPI,MS,US PRESIDENT,"CLARK, EDWARD """"ED""""",LIBERTARIAN,FALSE,4702,891750,0.005272778
1980,MISSISSIPPI,MS,US PRESIDENT,"GRISWOLD, DEIRDRE",WORKERS WORLD,FALSE,2402,891750,0.00269358
1980,MISSISSIPPI,MS,US PRESIDENT,"PULLEY, ANDREW",SOCIALIST WORKERS,FALSE,2240,891750,0.002511915
1980,MISSOURI,MO,US PRESIDENT,"REAGAN, RONALD",REPUBLICAN,FALSE,1074181,2099824,0.511557635
1980,MISSOURI,MO,US PRESIDENT,"CARTER, JIMMY",DEMOCRAT,FALSE,931182,2099824,0.443457166
1980,MISSOURI,MO,US PRESIDENT,"ANDERSON, JOHN B.",INDEPENDENT,FALSE,77920,2099824,0.037107872
1980,MISSOURI,MO,US PRESIDENT,"CLARK, EDWARD """"ED""""",LIBERTARIAN,FALSE,14422,2099824,0.006868195
1980,MISSOURI,MO,US PRESIDENT,"DEBERRY, CLIFTON",SOCIALIST WORKERS,FALSE,1515,2099824,0.000721489
1980,MISSOURI,MO,US PRESIDENT,,,TRUE,604,2099824,0.000287643
1980,MONTANA,MT,US PRESIDENT,"REAGAN, RONALD",REPUBLICAN,FALSE,206814,363952,0.568245263
1980,MONTANA,MT,US PRESIDENT,"CARTER, JIMMY",DEMOCRAT,FALSE,118032,363952,0.324306502
1980,MONTANA,MT,US PRESIDENT,"ANDERSON, JOHN B.",INDEPENDENT,FALSE,29281,363952,0.080452917
1980,MONTANA,MT,US PRESIDENT,"CLARK, EDWARD """"ED""""",LIBERTARIAN,FALSE,9825,363952,0.026995318
1980,NEBRASKA,NE,US PRESIDENT,"REAGAN, RONALD",REPUBLICAN,FALSE,419214,639533,0.655500185
1980,NEBRASKA,NE,US PRESIDENT,"CARTER, JIMMY",DEMOCRAT,FALSE,166424,639533,0.260227385
1980,NEBRASKA,NE,US PRESIDENT,"ANDERSON, JOHN B.",INDEPENDENT,FALSE,44854,639533,0.070135552
1980,NEBRASKA,NE,US PRESIDENT,"CLARK, EDWARD """"ED""""",LIBERTARIAN,FALSE,9041,639533,0.014136878
1980,NEVADA,NV,US PRESIDENT,"REAGAN, RONALD",REPUBLICAN,FALSE,155017,243692,0.636118543
1980,NEVADA,NV,US PRESIDENT,"CARTER, JIMMY",DEMOCRAT,FALSE,66666,243692,0.273566633
1980,NEVADA,NV,US PRESIDENT,"ANDERSON, JOHN B.",INDEPENDENT,FALSE,17651,243692,0.072431594
1980,NEVADA,NV,US PRESIDENT,"CLARK, EDWARD """"ED""""",LIBERTARIAN,FALSE,4358,243692,0.01788323
1980,NEW HAMPSHIRE,NH,US PRESIDENT,"REAGAN, RONALD",REPUBLICAN,FALSE,221705,383990,0.577371807
1980,NEW HAMPSHIRE,NH,US PRESIDENT,"CARTER, JIMMY",DEMOCRAT,FALSE,108864,383990,0.283507383
1980,NEW HAMPSHIRE,NH,US PRESIDENT,"ANDERSON, JOHN B.",INDEPENDENT,FALSE,49693,383990,0.129412224
1980,NEW HAMPSHIRE,NH,US PRESIDENT,"CLARK, EDWARD """"ED""""",LIBERTARIAN,FALSE,2064,383990,0.00537514
1980,NEW HAMPSHIRE,NH,US PRESIDENT,"COMMONER, BARRY",CITIZENS,FALSE,1320,383990,0.00343759
1980,NEW HAMPSHIRE,NH,US PRESIDENT,"HALL, GUS",COMMUNIST PARTY USE,FALSE,129,383990,0.000335946
1980,NEW HAMPSHIRE,NH,US PRESIDENT,"GRISWOLD, DEIRDRE",WORKERS WORLD,FALSE,76,383990,0.000197922
1980,NEW HAMPSHIRE,NH,US PRESIDENT,"DEBERRY, CLIFTON",SOCIALIST WORKERS,FALSE,71,383990,0.000184901
1980,NEW HAMPSHIRE,NH,US PRESIDENT,,,TRUE,68,383990,0.000177088
1980,NEW JERSEY,NJ,US PRESIDENT,"REAGAN, RONALD",REPUBLICAN,FALSE,1546557,2975684,0.519731598
1980,NEW JERSEY,NJ,US PRESIDENT,"CARTER, JIMMY",DEMOCRAT,FALSE,1147364,2975684,0.38557992
1980,NEW JERSEY,NJ,US PRESIDENT,"ANDERSON, JOHN B.",INDEPENDENT,FALSE,234632,2975684,0.07884977
1980,NEW JERSEY,NJ,US PRESIDENT,"CLARK, EDWARD """"ED""""",LIBERTARIAN,FALSE,20652,2975684,0.006940253
1980,NEW JERSEY,NJ,US PRESIDENT,"COMMONER, BARRY",CITIZENS,FALSE,8203,2975684,0.002756677
1980,NEW JERSEY,NJ,US PRESIDENT,"MCCORMACK, ELLEN",RIGHT-TO-LIFE,FALSE,3927,2975684,0.001319697
1980,NEW JERSEY,NJ,US PRESIDENT,"LYNEN, KURT",MIDDLE CLASS CANDIDATE,FALSE,3694,2975684,0.001241395
1980,NEW JERSEY,NJ,US PRESIDENT,"HALL, GUS",COMMUNIST PARTY USE,FALSE,2555,2975684,0.000858626
1980,NEW JERSEY,NJ,US PRESIDENT,"PULLEY, ANDREW",SOCIALIST WORKERS,FALSE,2198,2975684,0.000738654
1980,NEW JERSEY,NJ,US PRESIDENT,"MCREYNOLDS, DAVID",SOCIALIST,FALSE,1973,2975684,0.000663041
1980,NEW JERSEY,NJ,US PRESIDENT,"GAHRES, WILLIAM """"BILL""""",DOWN WITH LAWYERS,FALSE,1718,2975684,0.000577346
1980,NEW JERSEY,NJ,US PRESIDENT,"GRISWOLD, DEIRDRE",WORKERS WORLD,FALSE,1288,2975684,0.000432842
1980,NEW JERSEY,NJ,US PRESIDENT,"WENDELKEN, MARTIN E.",INDEPENDENT,FALSE,923,2975684,0.000310181
1980,NEW MEXICO,NM,US PRESIDENT,"REAGAN, RONALD",REPUBLICAN,FALSE,250779,456237,0.549668265
1980,NEW MEXICO,NM,US PRESIDENT,"CARTER, JIMMY",DEMOCRAT,FALSE,167826,456237,0.367848289
1980,NEW MEXICO,NM,US PRESIDENT,"ANDERSON, JOHN B.",INDEPENDENT,FALSE,29459,456237,0.064569511
1980,NEW MEXICO,NM,US PRESIDENT,"CLARK, EDWARD """"ED""""",LIBERTARIAN,FALSE,4365,456237,0.009567396
1980,NEW MEXICO,NM,US PRESIDENT,"COMMONER, BARRY",CITIZENS,FALSE,2202,456237,0.004826439
1980,NEW MEXICO,NM,US PRESIDENT,"BUBAR, BENJAMIN """"BEN""""",STATESMAN,FALSE,1281,456237,0.002807751
1980,NEW MEXICO,NM,US PRESIDENT,"PULLEY, ANDREW",SOCIALIST WORKERS,FALSE,325,456237,0.000712349
1980,NEW YORK,NY,US PRESIDENT,"CARTER, JIMMY",DEMOCRAT,FALSE,2728372,6201959,0.439920999
1980,NEW YORK,NY,US PRESIDENT,"REAGAN, RONALD",REPUBLICAN,FALSE,2637700,6201959,0.425301102
1980,NEW YORK,NY,US PRESIDENT,"ANDERSON, JOHN B.",LIBERAL PARTY,FALSE,467801,6201959,0.075427941
1980,NEW YORK,NY,US PRESIDENT,"REAGAN, RONALD",CONSERVATIVE,FALSE,256131,6201959,0.041298403
1980,NEW YORK,NY,US PRESIDENT,"CLARK, EDWARD """"ED""""",FREE LIBERTARIAN,FALSE,52648,6201959,0.008488931
1980,NEW YORK,NY,US PRESIDENT,"MCCORMACK, ELLEN",RIGHT-TO-LIFE,FALSE,24159,6201959,0.003895382
1980,NEW YORK,NY,US PRESIDENT,"COMMONER, BARRY",CITIZENS,FALSE,23186,6201959,0.003738496
1980,NEW YORK,NY,US PRESIDENT,"HALL, GUS",COMMUNIST PARTY USE,FALSE,7414,6201959,0.001195429
1980,NEW YORK,NY,US PRESIDENT,"DEBERRY, CLIFTON",SOCIALIST WORKERS,FALSE,2068,6201959,0.000333443
1980,NEW YORK,NY,US PRESIDENT,"GRISWOLD, DEIRDRE",WORKERS WORLD,FALSE,1416,6201959,0.000228315
1980,NEW YORK,NY,US PRESIDENT,,,TRUE,1064,6201959,0.000171559
1980,NORTH CAROLINA,NC,US PRESIDENT,"REAGAN, RONALD",REPUBLICAN,FALSE,915018,1855833,0.493049752
1980,NORTH CAROLINA,NC,US PRESIDENT,"CARTER, JIMMY",DEMOCRAT,FALSE,875635,1855833,0.471828554
1980,NORTH CAROLINA,NC,US PRESIDENT,"ANDERSON, JOHN B.",INDEPENDENT,FALSE,52800,1855833,0.028450836
1980,NORTH CAROLINA,NC,US PRESIDENT,"CLARK, EDWARD """"ED""""",LIBERTARIAN,FALSE,9677,1855833,0.00521437
1980,NORTH CAROLINA,NC,US PRESIDENT,"COMMONER, BARRY",CITIZENS,FALSE,2287,1855833,0.001232331
1980,NORTH CAROLINA,NC,US PRESIDENT,"DEBERRY, CLIFTON",SOCIALIST WORKERS,FALSE,416,1855833,0.000224158
1980,NORTH DAKOTA,ND,US PRESIDENT,"REAGAN, RONALD",REPUBLICAN,FALSE,193695,301116,0.643257084
1980,NORTH DAKOTA,ND,US PRESIDENT,"CARTER, JIMMY",DEMOCRAT,FALSE,79189,301116,0.262985029
1980,NORTH DAKOTA,ND,US PRESIDENT,"ANDERSON, JOHN B.",INDEPENDENT,FALSE,23640,301116,0.07850795
1980,NORTH DAKOTA,ND,US PRESIDENT,"CLARK, EDWARD """"ED""""",LIBERTARIAN,FALSE,3743,301116,0.012430425
1980,NORTH DAKOTA,ND,US PRESIDENT,"MCLAIN, HARLEY",NATURAL PEOPLE'S LEAGUE,FALSE,296,301116,0.00098301
1980,NORTH DAKOTA,ND,US PRESIDENT,"GREAVES, PERCY L, JR.",AMERICAN,FALSE,235,301116,0.00078043
1980,NORTH DAKOTA,ND,US PRESIDENT,"HALL, GUS",COMMUNIST PARTY USE,FALSE,93,301116,0.000308851
1980,NORTH DAKOTA,ND,US PRESIDENT,"DEBERRY, CLIFTON",SOCIALIST WORKERS,FALSE,89,301116,0.000295567
1980,NORTH DAKOTA,ND,US PRESIDENT,"MCREYNOLDS, DAVID",SOCIALIST,FALSE,82,301116,0.00027232
1980,NORTH DAKOTA,ND,US PRESIDENT,"BUBAR, BENJAMIN """"BEN""""",STATESMAN,FALSE,54,301116,0.000179333
1980,OHIO,OH,US PRESIDENT,"REAGAN, RONALD",REPUBLICAN,FALSE,2206545,4283603,0.515114262
1980,OHIO,OH,US PRESIDENT,"CARTER, JIMMY",DEMOCRAT,FALSE,1752414,4283603,0.409098135
1980,OHIO,OH,US PRESIDENT,"ANDERSON, JOHN B.",INDEPENDENT,FALSE,254472,4283603,0.059406065
1980,OHIO,OH,US PRESIDENT,"CLARK, EDWARD """"ED""""",LIBERTARIAN,FALSE,49033,4283603,0.011446672
1980,OHIO,OH,US PRESIDENT,"COMMONER, BARRY",CITIZENS,FALSE,8564,4283603,0.001999252
1980,OHIO,OH,US PRESIDENT,"HALL, GUS",COMMUNIST PARTY USE,FALSE,4729,4283603,0.001103977
1980,OHIO,OH,US PRESIDENT,"CONGRESS, RICHARD",SOCIALIST WORKERS,FALSE,4029,4283603,0.000940563
1980,OHIO,OH,US PRESIDENT,"GRISWOLD, DEIRDRE",WORKERS WORLD,FALSE,3790,4283603,0.000884769
1980,OHIO,OH,US PRESIDENT,"BUBAR, BENJAMIN """"BEN""""",STATESMAN,FALSE,27,4283603,6.30311E-06
1980,OKLAHOMA,OK,US PRESIDENT,"REAGAN, RONALD",REPUBLICAN,FALSE,695570,1149708,0.604997095
1980,OKLAHOMA,OK,US PRESIDENT,"CARTER, JIMMY",DEMOCRAT,FALSE,402026,1149708,0.349676614
1980,OKLAHOMA,OK,US PRESIDENT,"ANDERSON, JOHN B.",INDEPENDENT,FALSE,38284,1149708,0.03329889
1980,OKLAHOMA,OK,US PRESIDENT,"CLARK, EDWARD """"ED""""",LIBERTARIAN,FALSE,13828,1149708,0.012027402
1980,OREGON,OR,US PRESIDENT,"REAGAN, RONALD",REPUBLICAN,FALSE,571044,1181516,0.483314657
1980,OREGON,OR,US PRESIDENT,"CARTER, JIMMY",DEMOCRAT,FALSE,456890,1181516,0.386698107
1980,OREGON,OR,US PRESIDENT,"ANDERSON, JOHN B.",INDEPENDENT,FALSE,112389,1181516,0.095122707
1980,OREGON,OR,US PRESIDENT,"CLARK, EDWARD """"ED""""",LIBERTARIAN,FALSE,25838,1181516,0.021868515
1980,OREGON,OR,US PRESIDENT,"COMMONER, BARRY",CITIZENS,FALSE,13642,1181516,0.011546183
1980,OREGON,OR,US PRESIDENT,,,TRUE,1713,1181516,0.001449832
1980,PENNSYLVANIA,PA,US PRESIDENT,"REAGAN, RONALD",REPUBLICAN,FALSE,2261872,4561501,0.49586134
1980,PENNSYLVANIA,PA,US PRESIDENT,"CARTER, JIMMY",DEMOCRAT,FALSE,1937540,4561501,0.424759306
1980,PENNSYLVANIA,PA,US PRESIDENT,"ANDERSON, JOHN B.",INDEPENDENT,FALSE,292921,4561501,0.064215924
1980,PENNSYLVANIA,PA,US PRESIDENT,"CLARK, EDWARD """"ED""""",LIBERTARIAN,FALSE,33263,4561501,0.007292117
1980,PENNSYLVANIA,PA,US PRESIDENT,"DEBERRY, CLIFTON",SOCIALIST WORKERS,FALSE,20291,4561501,0.004448316
1980,PENNSYLVANIA,PA,US PRESIDENT,"COMMONER, BARRY",CITIZENS,FALSE,10430,4561501,0.002286528
1980,PENNSYLVANIA,PA,US PRESIDENT,"HALL, GUS",COMMUNIST PARTY USE,FALSE,5184,4561501,0.001136468
1980,RHODE ISLAND,RI,US PRESIDENT,"CARTER, JIMMY",DEMOCRAT,FALSE,198342,415967,0.476821479
1980,RHODE ISLAND,RI,US PRESIDENT,"REAGAN, RONALD",REPUBLICAN,FALSE,154793,415967,0.372128077
1980,RHODE ISLAND,RI,US PRESIDENT,"ANDERSON, JOHN B.",INDEPENDENT,FALSE,59819,415967,0.143807081
1980,RHODE ISLAND,RI,US PRESIDENT,"CLARK, EDWARD """"ED""""",LIBERTARIAN,FALSE,2458,415967,0.005909123
1980,RHODE ISLAND,RI,US PRESIDENT,"HALL, GUS",COMMUNIST PARTY USE,FALSE,218,415967,0.00052408
1980,RHODE ISLAND,RI,US PRESIDENT,"MCREYNOLDS, DAVID",SOCIALIST,FALSE,170,415967,0.000408686
1980,RHODE ISLAND,RI,US PRESIDENT,"DEBERRY, CLIFTON",SOCIALIST WORKERS,FALSE,90,415967,0.000216363
1980,RHODE ISLAND,RI,US PRESIDENT,"GRISWOLD, DEIRDRE",WORKERS WORLD,FALSE,77,415967,0.000185111
1980,SOUTH CAROLINA,SC,US PRESIDENT,"REAGAN, RONALD",REPUBLICAN,FALSE,439277,888258,0.494537623
1980,SOUTH CAROLINA,SC,US PRESIDENT,"CARTER, JIMMY",DEMOCRAT,FALSE,428220,888258,0.482089663
1980,SOUTH CAROLINA,SC,US PRESIDENT,"ANDERSON, JOHN B.",INDEPENDENT,FALSE,13868,888258,0.015612581
1980,SOUTH CAROLINA,SC,US PRESIDENT,"CLARK, EDWARD """"ED""""",LIBERTARIAN,FALSE,4807,888258,0.005411716
1980,SOUTH CAROLINA,SC,US PRESIDENT,"RARICK, JOHN",AMERICAN INDEPENDENT PARTY,FALSE,2086,888258,0.002348417
1980,SOUTH DAKOTA,SD,US PRESIDENT,"REAGAN, RONALD",REPUBLICAN,FALSE,198343,327703,0.605252317
1980,SOUTH DAKOTA,SD,US PRESIDENT,"CARTER, JIMMY",DEMOCRAT,FALSE,103855,327703,0.316918063
1980,SOUTH DAKOTA,SD,US PRESIDENT,"ANDERSON, JOHN B.",INDEPENDENT,FALSE,21431,327703,0.065397631
1980,SOUTH DAKOTA,SD,US PRESIDENT,"CLARK, EDWARD """"ED""""",LIBERTARIAN,FALSE,3824,327703,0.011669103
1980,SOUTH DAKOTA,SD,US PRESIDENT,"PULLEY, ANDREW",SOCIALIST WORKERS,FALSE,250,327703,0.000762886
1980,TENNESSEE,TN,US PRESIDENT,"REAGAN, RONALD",REPUBLICAN,FALSE,787761,1617616,0.486988877
1980,TENNESSEE,TN,US PRESIDENT,"CARTER, JIMMY",DEMOCRAT,FALSE,783051,1617616,0.484077185
1980,TENNESSEE,TN,US PRESIDENT,"ANDERSON, JOHN B.",INDEPENDENT,FALSE,35991,1617616,0.022249409
1980,TENNESSEE,TN,US PRESIDENT,"CLARK, EDWARD """"ED""""",LIBERTARIAN,FALSE,7116,1617616,0.004399066
1980,TENNESSEE,TN,US PRESIDENT,"COMMONER, BARRY",CITIZENS,FALSE,1112,1617616,0.000687431
1980,TENNESSEE,TN,US PRESIDENT,"BUBAR, BENJAMIN """"BEN""""",STATESMAN,FALSE,521,1617616,0.000322079
1980,TENNESSEE,TN,US PRESIDENT,"MCREYNOLDS, DAVID",SOCIALIST,FALSE,519,1617616,0.000320843
1980,TENNESSEE,TN,US PRESIDENT,"HALL, GUS",COMMUNIST PARTY USE,FALSE,503,1617616,0.000310951
1980,TENNESSEE,TN,US PRESIDENT,"DEBERRY, CLIFTON",SOCIALIST WORKERS,FALSE,490,1617616,0.000302915
1980,TENNESSEE,TN,US PRESIDENT,"GRISWOLD, DEIRDRE",WORKERS WORLD,FALSE,400,1617616,0.000247277
1980,TENNESSEE,TN,US PRESIDENT,,,TRUE,152,1617616,9.39654E-05
1980,TEXAS,TX,US PRESIDENT,"REAGAN, RONALD",REPUBLICAN,FALSE,2510705,4541636,0.552819513
1980,TEXAS,TX,US PRESIDENT,"CARTER, JIMMY",DEMOCRAT,FALSE,1881147,4541636,0.414200301
1980,TEXAS,TX,US PRESIDENT,"ANDERSON, JOHN B.",INDEPENDENT,FALSE,111613,4541636,0.024575505
1980,TEXAS,TX,US PRESIDENT,"CLARK, EDWARD """"ED""""",LIBERTARIAN,FALSE,37643,4541636,0.008288423
1980,TEXAS,TX,US PRESIDENT,,,TRUE,528,4541636,0.000116258
1980,UTAH,UT,US PRESIDENT,"REAGAN, RONALD",REPUBLICAN,FALSE,439687,604152,0.72777546
1980,UTAH,UT,US PRESIDENT,"CARTER, JIMMY",DEMOCRAT,FALSE,124266,604152,0.205686648
1980,UTAH,UT,US PRESIDENT,"ANDERSON, JOHN B.",INDEPENDENT,FALSE,30284,604152,0.050126458
1980,UTAH,UT,US PRESIDENT,"CLARK, EDWARD """"ED""""",LIBERTARIAN,FALSE,7156,604152,0.011844701
1980,UTAH,UT,US PRESIDENT,"COMMONER, BARRY",CITIZENS,FALSE,1009,604152,0.00167011
1980,UTAH,UT,US PRESIDENT,"GREAVES, PERCY L, JR.",AMERICAN,FALSE,965,604152,0.00159728
1980,UTAH,UT,US PRESIDENT,"RARICK, JOHN",AMERICAN INDEPENDENT PARTY,FALSE,522,604152,0.000864021
1980,UTAH,UT,US PRESIDENT,"HALL, GUS",COMMUNIST PARTY USE,FALSE,139,604152,0.000230075
1980,UTAH,UT,US PRESIDENT,"DEBERRY, CLIFTON",SOCIALIST WORKERS,FALSE,124,604152,0.000205246
1980,VERMONT,VT,US PRESIDENT,"REAGAN, RONALD",REPUBLICAN,FALSE,94628,213299,0.443640148
1980,VERMONT,VT,US PRESIDENT,"CARTER, JIMMY",DEMOCRAT,FALSE,81952,213299,0.384211834
1980,VERMONT,VT,US PRESIDENT,"ANDERSON, JOHN B.",INDEPENDENT,FALSE,31761,213299,0.148903652
1980,VERMONT,VT,US PRESIDENT,"COMMONER, BARRY",CITIZENS,FALSE,2316,213299,0.010857997
1980,VERMONT,VT,US PRESIDENT,"CLARK, EDWARD """"ED""""",LIBERTARIAN,FALSE,1900,213299,0.008907684
1980,VERMONT,VT,US PRESIDENT,,,TRUE,413,213299,0.001936249
1980,VERMONT,VT,US PRESIDENT,"MCREYNOLDS, DAVID",SOCIALIST,FALSE,136,213299,0.000637603
1980,VERMONT,VT,US PRESIDENT,"HALL, GUS",COMMUNIST PARTY USE,FALSE,118,213299,0.000553214
1980,VERMONT,VT,US PRESIDENT,"DEBERRY, CLIFTON",SOCIALIST WORKERS,FALSE,75,213299,0.000351619
1980,VIRGINIA,VA,US PRESIDENT,"REAGAN, RONALD",REPUBLICAN,FALSE,989609,1866032,0.53032799
1980,VIRGINIA,VA,US PRESIDENT,"CARTER, JIMMY",DEMOCRAT,FALSE,752174,1866032,0.403087407
1980,VIRGINIA,VA,US PRESIDENT,"ANDERSON, JOHN B.",INDEPENDENT,FALSE,95418,1866032,0.051134171
1980,VIRGINIA,VA,US PRESIDENT,"COMMONER, BARRY",CITIZENS,FALSE,14024,1866032,0.007515412
1980,VIRGINIA,VA,US PRESIDENT,"CLARK, EDWARD """"ED""""",LIBERTARIAN,FALSE,12821,1866032,0.006870729
1980,VIRGINIA,VA,US PRESIDENT,"DEBERRY, CLIFTON",SOCIALIST WORKERS,FALSE,1986,1866032,0.00106429
1980,WASHINGTON,WA,US PRESIDENT,"REAGAN, RONALD",REPUBLICAN,FALSE,865244,1742394,0.496583436
1980,WASHINGTON,WA,US PRESIDENT,"CARTER, JIMMY",DEMOCRAT,FALSE,650193,1742394,0.37316072
1980,WASHINGTON,WA,US PRESIDENT,"ANDERSON, JOHN B.",INDEPENDENT,FALSE,185073,1742394,0.106217652
1980,WASHINGTON,WA,US PRESIDENT,"CLARK, EDWARD """"ED""""",LIBERTARIAN,FALSE,29213,1742394,0.016766013
1980,WASHINGTON,WA,US PRESIDENT,"COMMONER, BARRY",CITIZENS,FALSE,9403,1742394,0.005396598
1980,WASHINGTON,WA,US PRESIDENT,"DEBERRY, CLIFTON",SOCIALIST WORKERS,FALSE,1137,1742394,0.00065255
1980,WASHINGTON,WA,US PRESIDENT,"MCREYNOLDS, DAVID",SOCIALIST,FALSE,956,1742394,0.00054867
1980,WASHINGTON,WA,US PRESIDENT,"HALL, GUS",COMMUNIST PARTY USE,FALSE,834,1742394,0.000478652
1980,WASHINGTON,WA,US PRESIDENT,"GRISWOLD, DEIRDRE",WORKERS WORLD,FALSE,341,1742394,0.000195708
1980,WEST VIRGINIA,WV,US PRESIDENT,"CARTER, JIMMY",DEMOCRAT,FALSE,367462,737715,0.498108348
1980,WEST VIRGINIA,WV,US PRESIDENT,"REAGAN, RONALD",REPUBLICAN,FALSE,334206,737715,0.453028609
1980,WEST VIRGINIA,WV,US PRESIDENT,"ANDERSON, JOHN B.",INDEPENDENT,FALSE,31691,737715,0.042958324
1980,WEST VIRGINIA,WV,US PRESIDENT,"CLARK, EDWARD """"ED""""",LIBERTARIAN,FALSE,4356,737715,0.005904719
1980,WISCONSIN,WI,US PRESIDENT,"REAGAN, RONALD",REPUBLICAN,FALSE,1088845,2273221,0.478987745
1980,WISCONSIN,WI,US PRESIDENT,"CARTER, JIMMY",DEMOCRAT,FALSE,981584,2273221,0.431803155
1980,WISCONSIN,WI,US PRESIDENT,"ANDERSON, JOHN B.",INDEPENDENT,FALSE,160657,2273221,0.070673727
1980,WISCONSIN,WI,US PRESIDENT,"CLARK, EDWARD """"ED""""",LIBERTARIAN,FALSE,29135,2273221,0.012816616
1980,WISCONSIN,WI,US PRESIDENT,"COMMONER, BARRY",CITIZENS,FALSE,7767,2273221,0.003416738
1980,WISCONSIN,WI,US PRESIDENT,"RARICK, JOHN",AMERICAN INDEPENDENT PARTY,FALSE,1519,2273221,0.000668215
1980,WISCONSIN,WI,US PRESIDENT,,,TRUE,1337,2273221,0.000588152
1980,WISCONSIN,WI,US PRESIDENT,"MCREYNOLDS, DAVID",SOCIALIST,FALSE,808,2273221,0.000355443
1980,WISCONSIN,WI,US PRESIDENT,"HALL, GUS",COMMUNIST PARTY USE,FALSE,772,2273221,0.000339606
1980,WISCONSIN,WI,US PRESIDENT,"GRISWOLD, DEIRDRE",WORKERS WORLD,FALSE,414,2273221,0.00018212
1980,WISCONSIN,WI,US PRESIDENT,"DEBERRY, CLIFTON",SOCIALIST WORKERS,FALSE,383,2273221,0.000168483
1980,WYOMING,WY,US PRESIDENT,"REAGAN, RONALD",REPUBLICAN,FALSE,110700,176713,0.626439481
1980,WYOMING,WY,US PRESIDENT,"CARTER, JIMMY",DEMOCRAT,FALSE,49427,176713,0.279702116
1980,WYOMING,WY,US PRESIDENT,"ANDERSON, JOHN B.",INDEPENDENT,FALSE,12072,176713,0.068314159
1980,WYOMING,WY,US PRESIDENT,"CLARK, EDWARD """"ED""""",LIBERTARIAN,FALSE,4514,176713,0.025544244
1984,ALABAMA,AL,US PRESIDENT,"REAGAN, RONALD",REPUBLICAN,FALSE,872849,1441713,0.605424935
1984,ALABAMA,AL,US PRESIDENT,"MONDALE, WALTER",DEMOCRAT,FALSE,551899,1441713,0.382807813
1984,ALABAMA,AL,US PRESIDENT,"BERGLAND, DAVID",LIBERTARIAN,FALSE,9504,1441713,0.006592158
1984,ALABAMA,AL,US PRESIDENT,"HALL, GUS",COMMUNIST PARTY USE,FALSE,4671,1441713,0.003239896
1984,ALABAMA,AL,US PRESIDENT,"RICHARDS, BOB",POPULIST,FALSE,1401,1441713,0.000971761
1984,ALABAMA,AL,US PRESIDENT,"MASON, MELVIN",SOCIALIST WORKERS,FALSE,730,1441713,0.000506342
1984,ALABAMA,AL,US PRESIDENT,"SERRETTE, DENNIS",ALLIANCE,FALSE,659,1441713,0.000457095
1984,ALASKA,AK,US PRESIDENT,"REAGAN, RONALD",REPUBLICAN,FALSE,138377,207605,0.666539823
1984,ALASKA,AK,US PRESIDENT,"MONDALE, WALTER",DEMOCRAT,FALSE,62007,207605,0.298677778
1984,ALASKA,AK,US PRESIDENT,"BERGLAND, DAVID",LIBERTARIAN,FALSE,6378,207605,0.030721803
1984,ALASKA,AK,US PRESIDENT,OTHER,,FALSE,843,207605,0.004060596
1984,ARIZONA,AZ,US PRESIDENT,"REAGAN, RONALD",REPUBLICAN,FALSE,681416,1025897,0.664214829
1984,ARIZONA,AZ,US PRESIDENT,"MONDALE, WALTER",DEMOCRAT,FALSE,333854,1025897,0.325426432
1984,ARIZONA,AZ,US PRESIDENT,"BERGLAND, DAVID",LIBERTARIAN,FALSE,10585,1025897,0.0103178
1984,ARIZONA,AZ,US PRESIDENT,OTHER,,FALSE,42,1025897,4.09398E-05
1984,ARKANSAS,AR,US PRESIDENT,"REAGAN, RONALD",REPUBLICAN,FALSE,534774,884406,0.604670253
1984,ARKANSAS,AR,US PRESIDENT,"MONDALE, WALTER",DEMOCRAT,FALSE,338646,884406,0.38290785
1984,ARKANSAS,AR,US PRESIDENT,"BERGLAND, DAVID",LIBERTARIAN,FALSE,2221,884406,0.00251129
1984,ARKANSAS,AR,US PRESIDENT,"LAROUCHE, LYNDON, JR.",INDEPENDENT,FALSE,1890,884406,0.002137028
1984,ARKANSAS,AR,US PRESIDENT,"HALL, GUS",COMMUNIST PARTY USE,FALSE,1499,884406,0.001694923
1984,ARKANSAS,AR,US PRESIDENT,"RICHARDS, BOB",POPULIST,FALSE,1461,884406,0.001651956
1984,ARKANSAS,AR,US PRESIDENT,"SERRETTE, DENNIS",ALLIANCE,FALSE,1291,884406,0.001459737
1984,ARKANSAS,AR,US PRESIDENT,"JOHNSON, SONIA",CITIZENS,FALSE,960,884406,0.001085474
1984,ARKANSAS,AR,US PRESIDENT,"DODGE, EARL",PROHIBITION,FALSE,842,884406,0.000952051
1984,ARKANSAS,AR,US PRESIDENT,"LOWERY, ARTHUR",UNITED SOVEREIGN CITIZENS,FALSE,822,884406,0.000929437
1984,CALIFORNIA,CA,US PRESIDENT,"REAGAN, RONALD",REPUBLICAN,FALSE,5467009,9505041,0.575169429
1984,CALIFORNIA,CA,US PRESIDENT,"MONDALE, WALTER",DEMOCRAT,FALSE,3922519,9505041,0.412677757
1984,CALIFORNIA,CA,US PRESIDENT,"BERGLAND, DAVID",LIBERTARIAN,FALSE,49951,9505041,0.005255211
1984,CALIFORNIA,CA,US PRESIDENT,"RICHARDS, BOB",POPULIST,FALSE,39265,9505041,0.004130966
1984,CALIFORNIA,CA,US PRESIDENT,"JOHNSON, SONIA",CITIZENS,FALSE,26297,9505041,0.002766637
1984,COLORADO,CO,US PRESIDENT,"REAGAN, RONALD",REPUBLICAN,FALSE,821817,1295380,0.63442156
1984,COLORADO,CO,US PRESIDENT,"MONDALE, WALTER",DEMOCRAT,FALSE,454975,1295380,0.351228983
1984,COLORADO,CO,US PRESIDENT,"BERGLAND, DAVID",LIBERTARIAN,FALSE,11257,1295380,0.008690114
1984,COLORADO,CO,US PRESIDENT,"LAROUCHE, LYNDON, JR.",INDEPENDENT,FALSE,4662,1295380,0.003598944
1984,COLORADO,CO,US PRESIDENT,"SERRETTE, DENNIS",ALLIANCE,FALSE,978,1295380,0.000754991
1984,COLORADO,CO,US PRESIDENT,"DODGE, EARL",PROHIBITION,FALSE,858,1295380,0.000662354
1984,COLORADO,CO,US PRESIDENT,"MASON, MELVIN",SOCIALIST WORKERS,FALSE,810,1295380,0.000625299
1984,COLORADO,CO,US PRESIDENT,OTHER,,FALSE,23,1295380,1.77554E-05
1984,CONNECTICUT,CT,US PRESIDENT,"REAGAN, RONALD",REPUBLICAN,FALSE,890877,1466900,0.607319517
1984,CONNECTICUT,CT,US PRESIDENT,"MONDALE, WALTER",DEMOCRAT,FALSE,569597,1466900,0.388299816
1984,CONNECTICUT,CT,US PRESIDENT,"HALL, GUS",COMMUNIST PARTY USE,FALSE,4826,1466900,0.003289931
1984,CONNECTICUT,CT,US PRESIDENT,"SERRETTE, DENNIS",ALLIANCE,FALSE,1374,1466900,0.000936669
1984,CONNECTICUT,CT,US PRESIDENT,OTHER,,FALSE,226,1466900,0.000154066
1984,DELAWARE,DE,US PRESIDENT,"REAGAN, RONALD",REPUBLICAN,FALSE,152190,254572,0.597826941
1984,DELAWARE,DE,US PRESIDENT,"MONDALE, WALTER",DEMOCRAT,FALSE,101656,254572,0.399321214
1984,DELAWARE,DE,US PRESIDENT,"DENNIS, DELMAR",AMERICAN,FALSE,269,254572,0.001056676
1984,DELAWARE,DE,US PRESIDENT,"BERGLAND, DAVID",LIBERTARIAN,FALSE,268,254572,0.001052747
1984,DELAWARE,DE,US PRESIDENT,"JOHNSON, SONIA",CITIZENS,FALSE,121,254572,0.000475308
1984,DELAWARE,DE,US PRESIDENT,"SERRETTE, DENNIS",ALLIANCE,FALSE,68,254572,0.000267115
1984,DISTRICT OF COLUMBIA,DC,US PRESIDENT,"MONDALE, WALTER",DEMOCRAT,FALSE,180408,211288,0.853848775
1984,DISTRICT OF COLUMBIA,DC,US PRESIDENT,"REAGAN, RONALD",REPUBLICAN,FALSE,29009,211288,0.137296013
1984,DISTRICT OF COLUMBIA,DC,US PRESIDENT,OTHER,,FALSE,809,211288,0.003828897
1984,DISTRICT OF COLUMBIA,DC,US PRESIDENT,"BERGLAND, DAVID",LIBERTARIAN,FALSE,279,211288,0.001320473
1984,DISTRICT OF COLUMBIA,DC,US PRESIDENT,"HALL, GUS",COMMUNIST PARTY USE,FALSE,257,211288,0.001216349
1984,DISTRICT OF COLUMBIA,DC,US PRESIDENT,"SERRETTE, DENNIS",ALLIANCE,FALSE,165,211288,0.000780925
1984,DISTRICT OF COLUMBIA,DC,US PRESIDENT,"LAROUCHE, LYNDON, JR.",INDEPENDENT,FALSE,127,211288,0.000601075
1984,DISTRICT OF COLUMBIA,DC,US PRESIDENT,"MASON, MELVIN",SOCIALIST WORKERS,FALSE,127,211288,0.000601075
1984,DISTRICT OF COLUMBIA,DC,US PRESIDENT,"HOLMES, LARRY",WORKERS WORLD,FALSE,107,211288,0.000506418
1984,FLORIDA,FL,US PRESIDENT,"REAGAN, RONALD",REPUBLICAN,FALSE,2730350,4180051,0.65318581
1984,FLORIDA,FL,US PRESIDENT,"MONDALE, WALTER",DEMOCRAT,FALSE,1448816,4180051,0.34660247
1984,FLORIDA,FL,US PRESIDENT,OTHER,,FALSE,885,4180051,0.00021172
1984,GEORGIA,GA,US PRESIDENT,"REAGAN, RONALD",REPUBLICAN,FALSE,1068722,1776103,0.601722986
1984,GEORGIA,GA,US PRESIDENT,"MONDALE, WALTER",DEMOCRAT,FALSE,706628,1776103,0.397853052
1984,GEORGIA,GA,US PRESIDENT,OTHER,,FALSE,753,1776103,0.000423962
1984,HAWAII,HI,US PRESIDENT,"REAGAN, RONALD",REPUBLICAN,FALSE,185050,335846,0.550996588
1984,HAWAII,HI,US PRESIDENT,"MONDALE, WALTER",DEMOCRAT,FALSE,147154,335846,0.438159156
1984,HAWAII,HI,US PRESIDENT,"BERGLAND, DAVID",LIBERTARIAN,FALSE,2167,335846,0.006452362
1984,HAWAII,HI,US PRESIDENT,"HALL, GUS",COMMUNIST PARTY USE,FALSE,821,335846,0.002444573
1984,HAWAII,HI,US PRESIDENT,"LAROUCHE, LYNDON, JR.",INDEPENDENT,FALSE,654,335846,0.001947321
1984,IDAHO,ID,US PRESIDENT,"REAGAN, RONALD",REPUBLICAN,FALSE,297523,411144,0.723646703
1984,IDAHO,ID,US PRESIDENT,"MONDALE, WALTER",DEMOCRAT,FALSE,108510,411144,0.263922129
1984,IDAHO,ID,US PRESIDENT,"BERGLAND, DAVID",LIBERTARIAN,FALSE,2823,411144,0.006866207
1984,IDAHO,ID,US PRESIDENT,"RICHARDS, BOB",POPULIST,FALSE,2288,411144,0.00556496
1984,ILLINOIS,IL,US PRESIDENT,"REAGAN, RONALD",REPUBLICAN,FALSE,2707103,4819088,0.561745915
1984,ILLINOIS,IL,US PRESIDENT,"MONDALE, WALTER",DEMOCRAT,FALSE,2086499,4819088,0.432965532
1984,ILLINOIS,IL,US PRESIDENT,"BERGLAND, DAVID",LIBERTARIAN,FALSE,10086,4819088,0.002092927
1984,ILLINOIS,IL,US PRESIDENT,"HALL, GUS",COMMUNIST PARTY USE,FALSE,4672,4819088,0.000969478
1984,ILLINOIS,IL,US PRESIDENT,"JOHNSON, SONIA",CITIZENS,FALSE,2716,4819088,0.000563592
1984,ILLINOIS,IL,US PRESIDENT,"WINN, EDWARD",WORKERS LEAGUE,FALSE,2632,4819088,0.000546161
1984,ILLINOIS,IL,US PRESIDENT,"SERRETTE, DENNIS",ALLIANCE,FALSE,2386,4819088,0.000495114
1984,ILLINOIS,IL,US PRESIDENT,"MASON, MELVIN",SOCIALIST WORKERS,FALSE,2132,4819088,0.000442407
1984,ILLINOIS,IL,US PRESIDENT,OTHER,,FALSE,862,4819088,0.000178872
1984,INDIANA,IN,US PRESIDENT,"REAGAN, RONALD",REPUBLICAN,FALSE,1377230,2233069,0.616743146
1984,INDIANA,IN,US PRESIDENT,"MONDALE, WALTER",DEMOCRAT,FALSE,841481,2233069,0.376827138
1984,INDIANA,IN,US PRESIDENT,"DENNIS, DELMAR",AMERICAN,FALSE,7617,2233069,0.003411001
1984,INDIANA,IN,US PRESIDENT,"BERGLAND, DAVID",LIBERTARIAN,FALSE,6741,2233069,0.003018715
1984,IOWA,IA,US PRESIDENT,"REAGAN, RONALD",REPUBLICAN,FALSE,703088,1319805,0.532721122
1984,IOWA,IA,US PRESIDENT,"MONDALE, WALTER",DEMOCRAT,FALSE,605620,1319805,0.458870818
1984,IOWA,IA,US PRESIDENT,"LAROUCHE, LYNDON, JR.",INDEPENDENT,FALSE,6248,1319805,0.004734033
1984,IOWA,IA,US PRESIDENT,"BERGLAND, DAVID",LIBERTARIAN,FALSE,1844,1319805,0.001397176
1984,IOWA,IA,US PRESIDENT,OTHER,,FALSE,1051,1319805,0.00079633
1984,IOWA,IA,US PRESIDENT,"BAKER, GERALD",BIG DEAL PARTY,FALSE,892,1319805,0.000675857
1984,IOWA,IA,US PRESIDENT,"SERRETTE, DENNIS",ALLIANCE,FALSE,463,1319805,0.000350809
1984,IOWA,IA,US PRESIDENT,"MASON, MELVIN",SOCIALIST WORKERS,FALSE,313,1319805,0.000237156
1984,IOWA,IA,US PRESIDENT,"HALL, GUS",COMMUNIST PARTY USE,FALSE,286,1319805,0.000216699
1984,KANSAS,KS,US PRESIDENT,"REAGAN, RONALD",REPUBLICAN,FALSE,677296,1021991,0.662722079
1984,KANSAS,KS,US PRESIDENT,"MONDALE, WALTER",DEMOCRAT,FALSE,333149,1021991,0.325980366
1984,KANSAS,KS,US PRESIDENT,"RICHARDS, BOB",POPULIST,FALSE,3564,1021991,0.003487311
1984,KANSAS,KS,US PRESIDENT,"BERGLAND, DAVID",LIBERTARIAN,FALSE,3329,1021991,0.003257367
1984,KANSAS,KS,US PRESIDENT,"SERRETTE, DENNIS",ALLIANCE,FALSE,2544,1021991,0.002489259
1984,KANSAS,KS,US PRESIDENT,"DODGE, EARL",PROHIBITION,FALSE,2109,1021991,0.002063619
1984,KENTUCKY,KY,US PRESIDENT,"REAGAN, RONALD",REPUBLICAN,FALSE,821702,1369345,0.600069376
1984,KENTUCKY,KY,US PRESIDENT,"MONDALE, WALTER",DEMOCRAT,FALSE,539539,1369345,0.394012466
1984,KENTUCKY,KY,US PRESIDENT,"MASON, MELVIN",SOCIALIST WORKERS,FALSE,3129,1369345,0.002285034
1984,KENTUCKY,KY,US PRESIDENT,"LAROUCHE, LYNDON, JR.",INDEPENDENT,FALSE,1776,1369345,0.00129697
1984,KENTUCKY,KY,US PRESIDENT,"ANDERSON, JOHN B.",NATIONAL UNITY,FALSE,1479,1369345,0.001080078
1984,KENTUCKY,KY,US PRESIDENT,"JOHNSON, SONIA",CITIZENS,FALSE,599,1369345,0.000437435
1984,KENTUCKY,KY,US PRESIDENT,"DENNIS, DELMAR",AMERICAN,FALSE,428,1369345,0.000312558
1984,KENTUCKY,KY,US PRESIDENT,"SERRETTE, DENNIS",ALLIANCE,FALSE,365,1369345,0.000266551
1984,KENTUCKY,KY,US PRESIDENT,"HALL, GUS",COMMUNIST PARTY USE,FALSE,328,1369345,0.000239531
1984,LOUISIANA,LA,US PRESIDENT,"REAGAN, RONALD",REPUBLICAN,FALSE,1037299,1706822,0.607737069
1984,LOUISIANA,LA,US PRESIDENT,"MONDALE, WALTER",DEMOCRAT,FALSE,651586,1706822,0.381753926
1984,LOUISIANA,LA,US PRESIDENT,"JOHNSON, SONIA",CITIZENS,FALSE,9502,1706822,0.005567071
1984,LOUISIANA,LA,US PRESIDENT,"LAROUCHE, LYNDON, JR.",INDEPENDENT,FALSE,3552,1706822,0.002081061
1984,LOUISIANA,LA,US PRESIDENT,"BERGLAND, DAVID",LIBERTARIAN,FALSE,1876,1706822,0.001099119
1984,LOUISIANA,LA,US PRESIDENT,"RICHARDS, BOB",POPULIST,FALSE,1310,1706822,0.000767508
1984,LOUISIANA,LA,US PRESIDENT,"MASON, MELVIN",SOCIALIST WORKERS,FALSE,1164,1706822,0.000681969
1984,LOUISIANA,LA,US PRESIDENT,"SERRETTE, DENNIS",ALLIANCE,FALSE,533,1706822,0.000312276
1984,MAINE,ME,US PRESIDENT,"REAGAN, RONALD",REPUBLICAN,FALSE,336500,553144,0.608340685
1984,MAINE,ME,US PRESIDENT,"MONDALE, WALTER",DEMOCRAT,FALSE,214515,553144,0.387810407
1984,MAINE,ME,US PRESIDENT,"HALL, GUS",COMMUNIST PARTY USE,FALSE,1292,553144,0.002335739
1984,MAINE,ME,US PRESIDENT,"SERRETTE, DENNIS",ALLIANCE,FALSE,755,553144,0.001364925
1984,MAINE,ME,US PRESIDENT,OTHER,,FALSE,82,553144,0.000148243
1984,MARYLAND,MD,US PRESIDENT,"REAGAN, RONALD",REPUBLICAN,FALSE,879918,1675873,0.525050526
1984,MARYLAND,MD,US PRESIDENT,"MONDALE, WALTER",DEMOCRAT,FALSE,787935,1675873,0.470163909
1984,MARYLAND,MD,US PRESIDENT,"BERGLAND, DAVID",LIBERTARIAN,FALSE,5721,1675873,0.003413743
1984,MARYLAND,MD,US PRESIDENT,"HALL, GUS",COMMUNIST PARTY USE,FALSE,898,1675873,0.00053584
1984,MARYLAND,MD,US PRESIDENT,"HOLMES, LARRY",WORKERS WORLD,FALSE,745,1675873,0.000444544
1984,MARYLAND,MD,US PRESIDENT,"SERRETTE, DENNIS",ALLIANCE,FALSE,656,1675873,0.000391438
1984,MASSACHUSETTS,MA,US PRESIDENT,"REAGAN, RONALD",REPUBLICAN,FALSE,1310936,2559383,0.512207825
1984,MASSACHUSETTS,MA,US PRESIDENT,"MONDALE, WALTER",DEMOCRAT,FALSE,1239606,2559383,0.484337827
1984,MASSACHUSETTS,MA,US PRESIDENT,"SERRETTE, DENNIS",ALLIANCE,FALSE,7998,2559383,0.003124972
1984,MASSACHUSETTS,MA,US PRESIDENT,OTHER,,FALSE,843,2559383,0.000329376
1984,MICHIGAN,MI,US PRESIDENT,"REAGAN, RONALD",REPUBLICAN,FALSE,2251571,3801658,0.592260272
1984,MICHIGAN,MI,US PRESIDENT,"MONDALE, WALTER",DEMOCRAT,FALSE,1529638,3801658,0.402360759
1984,MICHIGAN,MI,US PRESIDENT,"BERGLAND, DAVID",LIBERTARIAN,FALSE,10055,3801658,0.002644899
1984,MICHIGAN,MI,US PRESIDENT,"LAROUCHE, LYNDON, JR.",INDEPENDENT,FALSE,3862,3801658,0.001015873
1984,MICHIGAN,MI,US PRESIDENT,"HOLMES, LARRY",WORKERS WORLD,FALSE,1416,3801658,0.000372469
1984,MICHIGAN,MI,US PRESIDENT,"JOHNSON, SONIA",CITIZENS,FALSE,1191,3801658,0.000313284
1984,MICHIGAN,MI,US PRESIDENT,"MASON, MELVIN",SOCIALIST WORKERS,FALSE,1049,3801658,0.000275932
1984,MICHIGAN,MI,US PRESIDENT,"HALL, GUS",COMMUNIST PARTY USE,FALSE,1048,3801658,0.000275669
1984,MICHIGAN,MI,US PRESIDENT,"SERRETTE, DENNIS",ALLIANCE,FALSE,665,3801658,0.000174924
1984,MICHIGAN,MI,US PRESIDENT,OTHER,,FALSE,602,3801658,0.000158352
1984,MICHIGAN,MI,US PRESIDENT,"WINN, EDWARD",WORKERS LEAGUE,FALSE,561,3801658,0.000147567
1984,MINNESOTA,MN,US PRESIDENT,"MONDALE, WALTER",DEMOCRAT,FALSE,1036364,2084449,0.497188466
1984,MINNESOTA,MN,US PRESIDENT,"REAGAN, RONALD",REPUBLICAN,FALSE,1032603,2084449,0.495384152
1984,MINNESOTA,MN,US PRESIDENT,"LAROUCHE, LYNDON, JR.",INDEPENDENT,FALSE,3865,2084449,0.001854207
1984,MINNESOTA,MN,US PRESIDENT,"MASON, MELVIN",SOCIALIST WORKERS,FALSE,3180,2084449,0.001525583
1984,MINNESOTA,MN,US PRESIDENT,"BERGLAND, DAVID",LIBERTARIAN,FALSE,2996,2084449,0.00143731
1984,MINNESOTA,MN,US PRESIDENT,"RICHARDS, BOB",POPULIST,FALSE,2377,2084449,0.001140349
1984,MINNESOTA,MN,US PRESIDENT,"JOHNSON, SONIA",CITIZENS,FALSE,1219,2084449,0.000584807
1984,MINNESOTA,MN,US PRESIDENT,OTHER,,FALSE,723,2084449,0.000346854
1984,MINNESOTA,MN,US PRESIDENT,"HALL, GUS",COMMUNIST PARTY USE,FALSE,630,2084449,0.000302238
1984,MINNESOTA,MN,US PRESIDENT,"WINN, EDWARD",WORKERS LEAGUE,FALSE,260,2084449,0.000124733
1984,MINNESOTA,MN,US PRESIDENT,"SERRETTE, DENNIS",ALLIANCE,FALSE,232,2084449,0.0001113
1984,MISSISSIPPI,MS,US PRESIDENT,"REAGAN, RONALD",REPUBLICAN,FALSE,582377,941104,0.618823212
1984,MISSISSIPPI,MS,US PRESIDENT,"MONDALE, WALTER",DEMOCRAT,FALSE,352192,941104,0.374232816
1984,MISSISSIPPI,MS,US PRESIDENT,"BERGLAND, DAVID",LIBERTARIAN,FALSE,2336,941104,0.002482191
1984,MISSISSIPPI,MS,US PRESIDENT,"HOLMES, LARRY",WORKERS WORLD,FALSE,1169,941104,0.001242158
1984,MISSISSIPPI,MS,US PRESIDENT,"MASON, MELVIN",SOCIALIST WORKERS,FALSE,1032,941104,0.001096584
1984,MISSISSIPPI,MS,US PRESIDENT,"LAROUCHE, LYNDON, JR.",INDEPENDENT,FALSE,1001,941104,0.001063644
1984,MISSISSIPPI,MS,US PRESIDENT,"RICHARDS, BOB",POPULIST,FALSE,641,941104,0.000681115
1984,MISSISSIPPI,MS,US PRESIDENT,"SERRETTE, DENNIS",ALLIANCE,FALSE,356,941104,0.000378279
1984,MISSOURI,MO,US PRESIDENT,"REAGAN, RONALD",REPUBLICAN,FALSE,1274188,2122771,0.600247507
1984,MISSOURI,MO,US PRESIDENT,"MONDALE, WALTER",DEMOCRAT,FALSE,848583,2122771,0.399752493
1984,MONTANA,MT,US PRESIDENT,"REAGAN, RONALD",REPUBLICAN,FALSE,232450,384377,0.604744821
1984,MONTANA,MT,US PRESIDENT,"MONDALE, WALTER",DEMOCRAT,FALSE,146742,384377,0.381765818
1984,MONTANA,MT,US PRESIDENT,"BERGLAND, DAVID",LIBERTARIAN,FALSE,5185,384377,0.013489361
1984,NEBRASKA,NE,US PRESIDENT,"REAGAN, RONALD",REPUBLICAN,FALSE,460054,652090,0.705506909
1984,NEBRASKA,NE,US PRESIDENT,"MONDALE, WALTER",DEMOCRAT,FALSE,187866,652090,0.288098269
1984,NEBRASKA,NE,US PRESIDENT,"BERGLAND, DAVID",LIBERTARIAN,FALSE,2079,652090,0.00318821
1984,NEBRASKA,NE,US PRESIDENT,"MASON, MELVIN",SOCIALIST WORKERS,FALSE,1066,652090,0.001634744
1984,NEBRASKA,NE,US PRESIDENT,"SERRETTE, DENNIS",ALLIANCE,FALSE,1025,652090,0.001571869
1984,NEVADA,NV,US PRESIDENT,"REAGAN, RONALD",REPUBLICAN,FALSE,188770,282717,0.667699502
1984,NEVADA,NV,US PRESIDENT,"MONDALE, WALTER",DEMOCRAT,FALSE,91655,282717,0.324193451
1984,NEVADA,NV,US PRESIDENT,"BERGLAND, DAVID",LIBERTARIAN,FALSE,2292,282717,0.008107047
1984,NEW HAMPSHIRE,NH,US PRESIDENT,"REAGAN, RONALD",REPUBLICAN,FALSE,267050,388904,0.686673318
1984,NEW HAMPSHIRE,NH,US PRESIDENT,"MONDALE, WALTER",DEMOCRAT,FALSE,120347,388904,0.30945169
1984,NEW HAMPSHIRE,NH,US PRESIDENT,"BERGLAND, DAVID",LIBERTARIAN,FALSE,735,388904,0.001889927
1984,NEW HAMPSHIRE,NH,US PRESIDENT,"LAROUCHE, LYNDON, JR.",INDEPENDENT,FALSE,467,388904,0.00120081
1984,NEW HAMPSHIRE,NH,US PRESIDENT,"SERRETTE, DENNIS",ALLIANCE,FALSE,305,388904,0.000784255
1984,NEW JERSEY,NJ,US PRESIDENT,"REAGAN, RONALD",REPUBLICAN,FALSE,1933630,3217862,0.600905197
1984,NEW JERSEY,NJ,US PRESIDENT,"MONDALE, WALTER",DEMOCRAT,FALSE,1261323,3217862,0.391975479
1984,NEW JERSEY,NJ,US PRESIDENT,"HOLMES, LARRY",WORKERS WORLD,FALSE,8404,3217862,0.002611672
1984,NEW JERSEY,NJ,US PRESIDENT,"BERGLAND, DAVID",LIBERTARIAN,FALSE,6416,3217862,0.00199387
1984,NEW JERSEY,NJ,US PRESIDENT,"SERRETTE, DENNIS",ALLIANCE,FALSE,2293,3217862,0.000712585
1984,NEW JERSEY,NJ,US PRESIDENT,"WINN, EDWARD",WORKERS LEAGUE,FALSE,1721,3217862,0.000534827
1984,NEW JERSEY,NJ,US PRESIDENT,"HALL, GUS",COMMUNIST PARTY USE,FALSE,1564,3217862,0.000486037
1984,NEW JERSEY,NJ,US PRESIDENT,"MASON, MELVIN",SOCIALIST WORKERS,FALSE,1264,3217862,0.000392807
1984,NEW JERSEY,NJ,US PRESIDENT,"JOHNSON, SONIA",CITIZENS,FALSE,1247,3217862,0.000387524
1984,NEW MEXICO,NM,US PRESIDENT,"REAGAN, RONALD",REPUBLICAN,FALSE,307101,514370,0.597042985
1984,NEW MEXICO,NM,US PRESIDENT,"MONDALE, WALTER",DEMOCRAT,FALSE,201769,514370,0.392264323
1984,NEW MEXICO,NM,US PRESIDENT,"BERGLAND, DAVID",LIBERTARIAN,FALSE,4459,514370,0.008668857
1984,NEW MEXICO,NM,US PRESIDENT,"JOHNSON, SONIA",CITIZENS,FALSE,455,514370,0.000884577
1984,NEW MEXICO,NM,US PRESIDENT,"MASON, MELVIN",SOCIALIST WORKERS,FALSE,224,514370,0.000435484
1984,NEW MEXICO,NM,US PRESIDENT,"DODGE, EARL",PROHIBITION,FALSE,206,514370,0.00040049
1984,NEW MEXICO,NM,US PRESIDENT,"SERRETTE, DENNIS",ALLIANCE,FALSE,155,514370,0.00030134
1984,NEW MEXICO,NM,US PRESIDENT,OTHER,,FALSE,1,514370,1.94413E-06
1984,NEW YORK,NY,US PRESIDENT,"REAGAN, RONALD",REPUBLICAN,FALSE,3376519,6806810,0.496050132
1984,NEW YORK,NY,US PRESIDENT,"MONDALE, WALTER",DEMOCRAT,FALSE,3001285,6806810,0.440923869
1984,NEW YORK,NY,US PRESIDENT,"REAGAN, RONALD",CONSERVATIVE,FALSE,288244,6806810,0.042346415
1984,NEW YORK,NY,US PRESIDENT,"MONDALE, WALTER",LIBERAL PARTY,FALSE,118324,6806810,0.017383179
1984,NEW YORK,NY,US PRESIDENT,"BERGLAND, DAVID",LIBERTARIAN,FALSE,11949,6806810,0.001755448
1984,NEW YORK,NY,US PRESIDENT,"HALL, GUS",COMMUNIST PARTY USE,FALSE,4226,6806810,0.000620849
1984,NEW YORK,NY,US PRESIDENT,"SERRETTE, DENNIS",ALLIANCE,FALSE,3200,6806810,0.000470117
1984,NEW YORK,NY,US PRESIDENT,"HOLMES, LARRY",WORKERS WORLD,FALSE,2226,6806810,0.000327025
1984,NEW YORK,NY,US PRESIDENT,OTHER,,FALSE,837,6806810,0.000122965
1984,NORTH CAROLINA,NC,US PRESIDENT,"REAGAN, RONALD",REPUBLICAN,FALSE,1346481,2175361,0.61896899
1984,NORTH CAROLINA,NC,US PRESIDENT,"MONDALE, WALTER",DEMOCRAT,FALSE,824287,2175361,0.378919637
1984,NORTH CAROLINA,NC,US PRESIDENT,"BERGLAND, DAVID",LIBERTARIAN,FALSE,3794,2175361,0.001744078
1984,NORTH CAROLINA,NC,US PRESIDENT,"MASON, MELVIN",SOCIALIST WORKERS,FALSE,799,2175361,0.000367295
1984,NORTH DAKOTA,ND,US PRESIDENT,"REAGAN, RONALD",REPUBLICAN,FALSE,200336,308971,0.648397422
1984,NORTH DAKOTA,ND,US PRESIDENT,"MONDALE, WALTER",DEMOCRAT,FALSE,104429,308971,0.33798965
1984,NORTH DAKOTA,ND,US PRESIDENT,"LAROUCHE, LYNDON, JR.",INDEPENDENT,FALSE,1278,308971,0.004136311
1984,NORTH DAKOTA,ND,US PRESIDENT,"RICHARDS, BOB",POPULIST,FALSE,1077,308971,0.003485764
1984,NORTH DAKOTA,ND,US PRESIDENT,"BERGLAND, DAVID",LIBERTARIAN,FALSE,703,308971,0.002275294
1984,NORTH DAKOTA,ND,US PRESIDENT,"JOHNSON, SONIA",CITIZENS,FALSE,368,308971,0.00119105
1984,NORTH DAKOTA,ND,US PRESIDENT,"MASON, MELVIN",SOCIALIST WORKERS,FALSE,239,308971,0.000773535
1984,NORTH DAKOTA,ND,US PRESIDENT,"DODGE, EARL",PROHIBITION,FALSE,220,308971,0.000712041
1984,NORTH DAKOTA,ND,US PRESIDENT,"HALL, GUS",COMMUNIST PARTY USE,FALSE,169,308971,0.000546977
1984,NORTH DAKOTA,ND,US PRESIDENT,"SERRETTE, DENNIS",ALLIANCE,FALSE,152,308971,0.000491956
1984,OHIO,OH,US PRESIDENT,"REAGAN, RONALD",REPUBLICAN,FALSE,2678559,4563235,0.586986863
1984,OHIO,OH,US PRESIDENT,"MONDALE, WALTER",DEMOCRAT,FALSE,1825440,4563235,0.400031995
1984,OHIO,OH,US PRESIDENT,"SERRETTE, DENNIS",ALLIANCE,FALSE,24180,4563235,0.005298872
1984,OHIO,OH,US PRESIDENT,"LAROUCHE, LYNDON, JR.",INDEPENDENT,FALSE,10693,4563235,0.002343294
1984,OHIO,OH,US PRESIDENT,"WINN, EDWARD",WORKERS LEAGUE,FALSE,7130,4563235,0.001562488
1984,OHIO,OH,US PRESIDENT,"BERGLAND, DAVID",LIBERTARIAN,FALSE,5886,4563235,0.001289874
1984,OHIO,OH,US PRESIDENT,"HALL, GUS",COMMUNIST PARTY USE,FALSE,4438,4563235,0.000972556
1984,OHIO,OH,US PRESIDENT,"MASON, MELVIN",SOCIALIST WORKERS,FALSE,4344,4563235,0.000951956
1984,OHIO,OH,US PRESIDENT,"HOLMES, LARRY",WORKERS WORLD,FALSE,2565,4563235,0.000562101
1984,OKLAHOMA,OK,US PRESIDENT,"REAGAN, RONALD",REPUBLICAN,FALSE,861530,1255676,0.686108518
1984,OKLAHOMA,OK,US PRESIDENT,"MONDALE, WALTER",DEMOCRAT,FALSE,385080,1255676,0.306671466
1984,OKLAHOMA,OK,US PRESIDENT,"BERGLAND, DAVID",LIBERTARIAN,FALSE,9066,1255676,0.007220015
1984,OREGON,OR,US PRESIDENT,"REAGAN, RONALD",REPUBLICAN,FALSE,685700,1226527,0.559058219
1984,OREGON,OR,US PRESIDENT,"MONDALE, WALTER",DEMOCRAT,FALSE,536479,1226527,0.437396812
1984,OREGON,OR,US PRESIDENT,OTHER,,FALSE,4348,1226527,0.003544969
1984,PENNSYLVANIA,PA,US PRESIDENT,"REAGAN, RONALD",REPUBLICAN,FALSE,2584323,4844903,0.533410679
1984,PENNSYLVANIA,PA,US PRESIDENT,"MONDALE, WALTER",DEMOCRAT,FALSE,2228131,4844903,0.459891767
1984,PENNSYLVANIA,PA,US PRESIDENT,"JOHNSON, SONIA",CITIZENS,FALSE,21628,4844903,0.004464073
1984,PENNSYLVANIA,PA,US PRESIDENT,"BERGLAND, DAVID",LIBERTARIAN,FALSE,6982,4844903,0.001441102
1984,PENNSYLVANIA,PA,US PRESIDENT,"WINN, EDWARD",WORKERS LEAGUE,FALSE,2059,4844903,0.000424983
1984,PENNSYLVANIA,PA,US PRESIDENT,"HALL, GUS",COMMUNIST PARTY USE,FALSE,1780,4844903,0.000367396
1984,RHODE ISLAND,RI,US PRESIDENT,"REAGAN, RONALD",REPUBLICAN,FALSE,212080,410489,0.516652091
1984,RHODE ISLAND,RI,US PRESIDENT,"MONDALE, WALTER",DEMOCRAT,FALSE,197106,410489,0.480173647
1984,RHODE ISLAND,RI,US PRESIDENT,"RICHARDS, BOB",POPULIST,FALSE,510,410489,0.001242421
1984,RHODE ISLAND,RI,US PRESIDENT,"BERGLAND, DAVID",LIBERTARIAN,FALSE,277,410489,0.000674805
1984,RHODE ISLAND,RI,US PRESIDENT,"JOHNSON, SONIA",CITIZENS,FALSE,240,410489,0.000584669
1984,RHODE ISLAND,RI,US PRESIDENT,"HOLMES, LARRY",WORKERS WORLD,FALSE,91,410489,0.000221687
1984,RHODE ISLAND,RI,US PRESIDENT,"HALL, GUS",COMMUNIST PARTY USE,FALSE,75,410489,0.000182709
1984,RHODE ISLAND,RI,US PRESIDENT,"MASON, MELVIN",SOCIALIST WORKERS,FALSE,61,410489,0.000148603
1984,RHODE ISLAND,RI,US PRESIDENT,"SERRETTE, DENNIS",ALLIANCE,FALSE,49,410489,0.00011937
1984,SOUTH CAROLINA,SC,US PRESIDENT,"REAGAN, RONALD",REPUBLICAN,FALSE,615539,968529,0.635540082
1984,SOUTH CAROLINA,SC,US PRESIDENT,"MONDALE, WALTER",DEMOCRAT,FALSE,344459,968529,0.355651715
1984,SOUTH CAROLINA,SC,US PRESIDENT,"BERGLAND, DAVID",LIBERTARIAN,FALSE,4359,968529,0.00450064
1984,SOUTH CAROLINA,SC,US PRESIDENT,"DENNIS, DELMAR",AMERICAN,FALSE,3490,968529,0.003603403
1984,SOUTH CAROLINA,SC,US PRESIDENT,"SERRETTE, DENNIS",ALLIANCE,FALSE,682,968529,0.000704161
1984,SOUTH DAKOTA,SD,US PRESIDENT,"REAGAN, RONALD",REPUBLICAN,FALSE,200267,317867,0.630033945
1984,SOUTH DAKOTA,SD,US PRESIDENT,"MONDALE, WALTER",DEMOCRAT,FALSE,116113,317867,0.365287998
1984,SOUTH DAKOTA,SD,US PRESIDENT,"SERRETTE, DENNIS",ALLIANCE,FALSE,1150,317867,0.003617865
1984,SOUTH DAKOTA,SD,US PRESIDENT,"MASON, MELVIN",SOCIALIST WORKERS,FALSE,337,317867,0.001060192
1984,TENNESSEE,TN,US PRESIDENT,"REAGAN, RONALD",REPUBLICAN,FALSE,990212,1711993,0.578397225
1984,TENNESSEE,TN,US PRESIDENT,"MONDALE, WALTER",DEMOCRAT,FALSE,711714,1711993,0.415722494
1984,TENNESSEE,TN,US PRESIDENT,"BERGLAND, DAVID",LIBERTARIAN,FALSE,3072,1711993,0.0017944
1984,TENNESSEE,TN,US PRESIDENT,"LAROUCHE, LYNDON, JR.",INDEPENDENT,FALSE,1852,1711993,0.00108178
1984,TENNESSEE,TN,US PRESIDENT,"RICHARDS, BOB",POPULIST,FALSE,1763,1711993,0.001029794
1984,TENNESSEE,TN,US PRESIDENT,"HALL, GUS",COMMUNIST PARTY USE,FALSE,1036,1711993,0.000605143
1984,TENNESSEE,TN,US PRESIDENT,"JOHNSON, SONIA",CITIZENS,FALSE,978,1711993,0.000571264
1984,TENNESSEE,TN,US PRESIDENT,"MASON, MELVIN",SOCIALIST WORKERS,FALSE,715,1711993,0.000417642
1984,TENNESSEE,TN,US PRESIDENT,"SERRETTE, DENNIS",ALLIANCE,FALSE,524,1711993,0.000306076
1984,TENNESSEE,TN,US PRESIDENT,OTHER,,FALSE,127,1711993,7.41825E-05
1984,TEXAS,TX,US PRESIDENT,"REAGAN, RONALD",REPUBLICAN,FALSE,3433428,5397571,0.63610613
1984,TEXAS,TX,US PRESIDENT,"MONDALE, WALTER",DEMOCRAT,FALSE,1949276,5397571,0.361139483
1984,TEXAS,TX,US PRESIDENT,"LAROUCHE, LYNDON, JR.",INDEPENDENT,FALSE,14613,5397571,0.002707329
1984,TEXAS,TX,US PRESIDENT,OTHER,,FALSE,254,5397571,4.70582E-05
1984,UTAH,UT,US PRESIDENT,"REAGAN, RONALD",REPUBLICAN,FALSE,469105,629656,0.745017915
1984,UTAH,UT,US PRESIDENT,"MONDALE, WALTER",DEMOCRAT,FALSE,155369,629656,0.246752195
1984,UTAH,UT,US PRESIDENT,"BERGLAND, DAVID",LIBERTARIAN,FALSE,2447,629656,0.003886249
1984,UTAH,UT,US PRESIDENT,"DENNIS, DELMAR",AMERICAN,FALSE,1345,629656,0.002136087
1984,UTAH,UT,US PRESIDENT,"JOHNSON, SONIA",CITIZENS,FALSE,844,629656,0.001340414
1984,UTAH,UT,US PRESIDENT,"SERRETTE, DENNIS",ALLIANCE,FALSE,220,629656,0.000349397
1984,UTAH,UT,US PRESIDENT,"HALL, GUS",COMMUNIST PARTY USE,FALSE,184,629656,0.000292223
1984,UTAH,UT,US PRESIDENT,"MASON, MELVIN",SOCIALIST WORKERS,FALSE,142,629656,0.00022552
1984,VERMONT,VT,US PRESIDENT,"REAGAN, RONALD",REPUBLICAN,FALSE,135865,234561,0.579230989
1984,VERMONT,VT,US PRESIDENT,"MONDALE, WALTER",DEMOCRAT,FALSE,95730,234561,0.408124113
1984,VERMONT,VT,US PRESIDENT,"BERGLAND, DAVID",LIBERTARIAN,FALSE,1002,234561,0.00427181
1984,VERMONT,VT,US PRESIDENT,OTHER,,FALSE,712,234561,0.003035458
1984,VERMONT,VT,US PRESIDENT,"LAROUCHE, LYNDON, JR.",INDEPENDENT,FALSE,423,234561,0.001803369
1984,VERMONT,VT,US PRESIDENT,"SERRETTE, DENNIS",ALLIANCE,FALSE,323,234561,0.001377041
1984,VERMONT,VT,US PRESIDENT,"JOHNSON, SONIA",CITIZENS,FALSE,264,234561,0.001125507
1984,VERMONT,VT,US PRESIDENT,"MASON, MELVIN",SOCIALIST WORKERS,FALSE,127,234561,0.000541437
1984,VERMONT,VT,US PRESIDENT,"HALL, GUS",COMMUNIST PARTY USE,FALSE,115,234561,0.000490278
1984,VIRGINIA,VA,US PRESIDENT,"REAGAN, RONALD",REPUBLICAN,FALSE,1337078,2146635,0.622871611
1984,VIRGINIA,VA,US PRESIDENT,"MONDALE, WALTER",DEMOCRAT,FALSE,796250,2146635,0.370929385
1984,VIRGINIA,VA,US PRESIDENT,"LAROUCHE, LYNDON, JR.",INDEPENDENT,FALSE,13307,2146635,0.006199004
1984,WASHINGTON,WA,US PRESIDENT,"REAGAN, RONALD",REPUBLICAN,FALSE,1051670,1874910,0.560917591
1984,WASHINGTON,WA,US PRESIDENT,"MONDALE, WALTER",DEMOCRAT,FALSE,798352,1874910,0.425808172
1984,WASHINGTON,WA,US PRESIDENT,"BERGLAND, DAVID",LIBERTARIAN,FALSE,8844,1874910,0.004717026
1984,WASHINGTON,WA,US PRESIDENT,"RICHARDS, BOB",POPULIST,FALSE,5724,1874910,0.003052947
1984,WASHINGTON,WA,US PRESIDENT,"LAROUCHE, LYNDON, JR.",INDEPENDENT,FALSE,4712,1874910,0.002513187
1984,WASHINGTON,WA,US PRESIDENT,"JOHNSON, SONIA",CITIZENS,FALSE,1891,1874910,0.001008582
1984,WASHINGTON,WA,US PRESIDENT,"SERRETTE, DENNIS",ALLIANCE,FALSE,1654,1874910,0.000882176
1984,WASHINGTON,WA,US PRESIDENT,"HALL, GUS",COMMUNIST PARTY USE,FALSE,814,1874910,0.000434154
1984,WASHINGTON,WA,US PRESIDENT,"HOLMES, LARRY",WORKERS WORLD,FALSE,641,1874910,0.000341883
1984,WASHINGTON,WA,US PRESIDENT,"MASON, MELVIN",SOCIALIST WORKERS,FALSE,608,1874910,0.000324282
1984,WEST VIRGINIA,WV,US PRESIDENT,"REAGAN, RONALD",REPUBLICAN,FALSE,405483,735742,0.551121181
1984,WEST VIRGINIA,WV,US PRESIDENT,"MONDALE, WALTER",DEMOCRAT,FALSE,328125,735742,0.445978346
1984,WEST VIRGINIA,WV,US PRESIDENT,"RICHARDS, BOB",POPULIST,FALSE,996,735742,0.001353735
1984,WEST VIRGINIA,WV,US PRESIDENT,"MASON, MELVIN",SOCIALIST WORKERS,FALSE,645,735742,0.000876666
1984,WEST VIRGINIA,WV,US PRESIDENT,"SERRETTE, DENNIS",ALLIANCE,FALSE,493,735742,0.000670072
1984,WISCONSIN,WI,US PRESIDENT,"REAGAN, RONALD",REPUBLICAN,FALSE,1198584,2211689,0.541931528
1984,WISCONSIN,WI,US PRESIDENT,"MONDALE, WALTER",DEMOCRAT,FALSE,995740,2211689,0.450217006
1984,WISCONSIN,WI,US PRESIDENT,"BERGLAND, DAVID",LIBERTARIAN,FALSE,4883,2211689,0.002207815
1984,WISCONSIN,WI,US PRESIDENT,"RICHARDS, BOB",POPULIST,FALSE,3864,2211689,0.001747081
1984,WISCONSIN,WI,US PRESIDENT,"LAROUCHE, LYNDON, JR.",INDEPENDENT,FALSE,3791,2211689,0.001714075
1984,WISCONSIN,WI,US PRESIDENT,"JOHNSON, SONIA",CITIZENS,FALSE,1456,2211689,0.00065832
1984,WISCONSIN,WI,US PRESIDENT,"SERRETTE, DENNIS",ALLIANCE,FALSE,1006,2211689,0.000454856
1984,WISCONSIN,WI,US PRESIDENT,OTHER,,FALSE,706,2211689,0.000319213
1984,WISCONSIN,WI,US PRESIDENT,"HOLMES, LARRY",WORKERS WORLD,FALSE,619,2211689,0.000279877
1984,WISCONSIN,WI,US PRESIDENT,"HALL, GUS",COMMUNIST PARTY USE,FALSE,596,2211689,0.000269477
1984,WISCONSIN,WI,US PRESIDENT,"MASON, MELVIN",SOCIALIST WORKERS,FALSE,444,2211689,0.000200752
1984,WYOMING,WY,US PRESIDENT,"REAGAN, RONALD",REPUBLICAN,FALSE,133241,188968,0.705098218
1984,WYOMING,WY,US PRESIDENT,"MONDALE, WALTER",DEMOCRAT,FALSE,53370,188968,0.282428771
1984,WYOMING,WY,US PRESIDENT,"BERGLAND, DAVID",LIBERTARIAN,FALSE,2357,188968,0.012473011
1988,ALABAMA,AL,US PRESIDENT,"BUSH, GEORGE H.W.",REPUBLICAN,FALSE,815576,1378476,0.591650489
1988,ALABAMA,AL,US PRESIDENT,"DUKAKIS, MICHAEL",DEMOCRAT,FALSE,549506,1378476,0.398632983
1988,ALABAMA,AL,US PRESIDENT,"PAUL, RONALD """"RON""""",LIBERTARIAN,FALSE,8460,1378476,0.006137212
1988,ALABAMA,AL,US PRESIDENT,"WINN, EDWARD",INDEPENDENT,FALSE,4428,1378476,0.003212243
1988,ALABAMA,AL,US PRESIDENT,,,TRUE,506,1378476,0.000367072
1988,ALASKA,AK,US PRESIDENT,"BUSH, GEORGE H.W.",REPUBLICAN,FALSE,119251,200116,0.595909373
1988,ALASKA,AK,US PRESIDENT,"DUKAKIS, MICHAEL",DEMOCRAT,FALSE,72584,200116,0.362709628
1988,ALASKA,AK,US PRESIDENT,"PAUL, RONALD """"RON""""",LIBERTARIAN,FALSE,5484,200116,0.027404106
1988,ALASKA,AK,US PRESIDENT,"FULANI, LENORA",NEW ALLIANCE,FALSE,1024,200116,0.005117032
1988,ALASKA,AK,US PRESIDENT,,,TRUE,957,200116,0.004782226
1988,ALASKA,AK,US PRESIDENT,"LAROUCHE, LYNDON, JR.",NATIONAL ECONOMIC RECOVERY,FALSE,816,200116,0.004077635
1988,ARIZONA,AZ,US PRESIDENT,"BUSH, GEORGE H.W.",REPUBLICAN,FALSE,702541,1171873,0.599502676
1988,ARIZONA,AZ,US PRESIDENT,"DUKAKIS, MICHAEL",DEMOCRAT,FALSE,454029,1171873,0.387438741
1988,ARIZONA,AZ,US PRESIDENT,"PAUL, RONALD """"RON""""",LIBERTARIAN,FALSE,13351,1171873,0.011392873
1988,ARIZONA,AZ,US PRESIDENT,"FULANI, LENORA",NEW ALLIANCE,FALSE,1662,1171873,0.001418242
1988,ARIZONA,AZ,US PRESIDENT,,,TRUE,290,1171873,0.000247467
1988,ARKANSAS,AR,US PRESIDENT,"BUSH, GEORGE H.W.",REPUBLICAN,FALSE,466578,827738,0.563678362
1988,ARKANSAS,AR,US PRESIDENT,"DUKAKIS, MICHAEL",DEMOCRAT,FALSE,349237,827738,0.421917322
1988,ARKANSAS,AR,US PRESIDENT,"DODGE, EARL",POPULIST,FALSE,5146,827738,0.006216943
1988,ARKANSAS,AR,US PRESIDENT,"PAUL, RONALD """"RON""""",LIBERTARIAN,FALSE,3297,827738,0.003983144
1988,ARKANSAS,AR,US PRESIDENT,"FULANI, LENORA",NEW ALLIANCE,FALSE,2161,827738,0.002610729
1988,ARKANSAS,AR,US PRESIDENT,"DODGE, EARL",PROHIBITION,FALSE,1319,827738,0.001593499
1988,CALIFORNIA,CA,US PRESIDENT,"BUSH, GEORGE H.W.",REPUBLICAN,FALSE,5054917,9887065,0.511265679
1988,CALIFORNIA,CA,US PRESIDENT,"DUKAKIS, MICHAEL",DEMOCRAT,FALSE,4702233,9887065,0.475594426
1988,CALIFORNIA,CA,US PRESIDENT,"PAUL, RONALD """"RON""""",LIBERTARIAN,FALSE,70105,9887065,0.007090577
1988,CALIFORNIA,CA,US PRESIDENT,"FULANI, LENORA",INDEPENDENT,FALSE,58999,9887065,0.005967292
1988,CALIFORNIA,CA,US PRESIDENT,,,TRUE,811,9887065,8.20264E-05
1988,COLORADO,CO,US PRESIDENT,"BUSH, GEORGE H.W.",REPUBLICAN,FALSE,728177,1372394,0.530588883
1988,COLORADO,CO,US PRESIDENT,"DUKAKIS, MICHAEL",DEMOCRAT,FALSE,621453,1372394,0.452824043
1988,COLORADO,CO,US PRESIDENT,"PAUL, RONALD """"RON""""",LIBERTARIAN,FALSE,15482,1372394,0.011281017
1988,COLORADO,CO,US PRESIDENT,"DODGE, EARL",PROHIBITION,FALSE,4604,1372394,0.003354722
1988,COLORADO,CO,US PRESIDENT,"FULANI, LENORA",NEW ALLIANCE,FALSE,2539,1372394,0.001850052
1988,COLORADO,CO,US PRESIDENT,,,TRUE,139,1372394,0.000101283
1988,CONNECTICUT,CT,US PRESIDENT,"BUSH, GEORGE H.W.",REPUBLICAN,FALSE,750241,1443394,0.519775612
1988,CONNECTICUT,CT,US PRESIDENT,"DUKAKIS, MICHAEL",DEMOCRAT,FALSE,676584,1443394,0.468745194
1988,CONNECTICUT,CT,US PRESIDENT,"PAUL, RONALD """"RON""""",LIBERTARIAN,FALSE,14071,1443394,0.009748551
1988,CONNECTICUT,CT,US PRESIDENT,"FULANI, LENORA",NEW ALLIANCE,FALSE,2491,1443394,0.001725794
1988,CONNECTICUT,CT,US PRESIDENT,,,TRUE,7,1443394,4.84968E-06
1988,DELAWARE,DE,US PRESIDENT,"BUSH, GEORGE H.W.",REPUBLICAN,FALSE,139639,249891,0.558799637
1988,DELAWARE,DE,US PRESIDENT,"DUKAKIS, MICHAEL",DEMOCRAT,FALSE,108647,249891,0.434777563
1988,DELAWARE,DE,US PRESIDENT,"PAUL, RONALD """"RON""""",LIBERTARIAN,FALSE,1162,249891,0.004650027
1988,DELAWARE,DE,US PRESIDENT,"FULANI, LENORA",NEW ALLIANCE,FALSE,443,249891,0.001772773
1988,DISTRICT OF COLUMBIA,DC,US PRESIDENT,"DUKAKIS, MICHAEL",DEMOCRAT,FALSE,159407,192877,0.826469719
1988,DISTRICT OF COLUMBIA,DC,US PRESIDENT,"BUSH, GEORGE H.W.",REPUBLICAN,FALSE,27590,192877,0.143044531
1988,DISTRICT OF COLUMBIA,DC,US PRESIDENT,,INDEPENDENT,FALSE,3064,192877,0.015885772
1988,DISTRICT OF COLUMBIA,DC,US PRESIDENT,,,TRUE,1553,192877,0.008051764
1988,DISTRICT OF COLUMBIA,DC,US PRESIDENT,"PAUL, RONALD """"RON""""",LIBERTARIAN,FALSE,554,192877,0.002872297
1988,DISTRICT OF COLUMBIA,DC,US PRESIDENT,,THIRD WORLD ASSEMBLY,FALSE,236,192877,0.001223578
1988,DISTRICT OF COLUMBIA,DC,US PRESIDENT,"WINN, EDWARD",WORKERS LEAGUE,FALSE,208,192877,0.001078407
1988,DISTRICT OF COLUMBIA,DC,US PRESIDENT,"KENOYER, WILLA",SOCIALIST,FALSE,142,192877,0.00073622
1988,DISTRICT OF COLUMBIA,DC,US PRESIDENT,"WARREN, JAMES """"MAC""""",SOCIALIST WORKERS,FALSE,123,192877,0.000637712
1988,FLORIDA,FL,US PRESIDENT,"BUSH, GEORGE H.W.",REPUBLICAN,FALSE,2618885,4302313,0.608715591
1988,FLORIDA,FL,US PRESIDENT,"DUKAKIS, MICHAEL",DEMOCRAT,FALSE,1656701,4302313,0.385072169
1988,FLORIDA,FL,US PRESIDENT,"PAUL, RONALD """"RON""""",LIBERTARIAN,FALSE,19796,4302313,0.004601246
1988,FLORIDA,FL,US PRESIDENT,"FULANI, LENORA",NEW ALLIANCE,FALSE,6655,4302313,0.001546842
1988,FLORIDA,FL,US PRESIDENT,,,TRUE,276,4302313,6.41515E-05
1988,GEORGIA,GA,US PRESIDENT,"BUSH, GEORGE H.W.",REPUBLICAN,FALSE,1081331,1809672,0.597528723
1988,GEORGIA,GA,US PRESIDENT,"DUKAKIS, MICHAEL",DEMOCRAT,FALSE,714792,1809672,0.394984284
1988,GEORGIA,GA,US PRESIDENT,"PAUL, RONALD """"RON""""",LIBERTARIAN,FALSE,8435,1809672,0.004661066
1988,GEORGIA,GA,US PRESIDENT,"FULANI, LENORA",NEW ALLIANCE,FALSE,5099,1809672,0.002817638
1988,GEORGIA,GA,US PRESIDENT,,,TRUE,15,1809672,8.28879E-06
1988,HAWAII,HI,US PRESIDENT,"DUKAKIS, MICHAEL",DEMOCRAT,FALSE,192364,354461,0.542694401
1988,HAWAII,HI,US PRESIDENT,"BUSH, GEORGE H.W.",REPUBLICAN,FALSE,158625,354461,0.447510445
1988,HAWAII,HI,US PRESIDENT,"PAUL, RONALD """"RON""""",LIBERTARIAN,FALSE,1999,354461,0.005639548
1988,HAWAII,HI,US PRESIDENT,"FULANI, LENORA",NO PARTY AFFILIATION,FALSE,1003,354461,0.002829648
1988,HAWAII,HI,US PRESIDENT,"LAROUCHE, LYNDON, JR.",NATIONAL ECONOMIC RECOVERY,FALSE,470,354461,0.001325957
1988,IDAHO,ID,US PRESIDENT,"BUSH, GEORGE H.W.",REPUBLICAN,FALSE,253881,408968,0.620784511
1988,IDAHO,ID,US PRESIDENT,"DUKAKIS, MICHAEL",DEMOCRAT,FALSE,147272,408968,0.360106414
1988,IDAHO,ID,US PRESIDENT,"PAUL, RONALD """"RON""""",LIBERTARIAN,FALSE,5313,408968,0.012991236
1988,IDAHO,ID,US PRESIDENT,"FULANI, LENORA",INDEPENDENT,FALSE,2502,408968,0.006117838
1988,ILLINOIS,IL,US PRESIDENT,"BUSH, GEORGE H.W.",REPUBLICAN,FALSE,2310939,4559120,0.506882688
1988,ILLINOIS,IL,US PRESIDENT,"DUKAKIS, MICHAEL",DEMOCRAT,FALSE,2215940,4559120,0.486045553
1988,ILLINOIS,IL,US PRESIDENT,"PAUL, RONALD """"RON""""",LIBERTARIAN,FALSE,14944,4559120,0.003277826
1988,ILLINOIS,IL,US PRESIDENT,"FULANI, LENORA",SOLIDARITY,FALSE,10276,4559120,0.002253944
1988,ILLINOIS,IL,US PRESIDENT,"WINN, EDWARD",INDEPENDENT,FALSE,7021,4559120,0.00153999
1988,INDIANA,IN,US PRESIDENT,"BUSH, GEORGE H.W.",REPUBLICAN,FALSE,1297763,2168621,0.598427757
1988,INDIANA,IN,US PRESIDENT,"DUKAKIS, MICHAEL",DEMOCRAT,FALSE,860643,2168621,0.396861877
1988,INDIANA,IN,US PRESIDENT,"FULANI, LENORA",NEW ALLIANCE,FALSE,10215,2168621,0.004710367
1988,IOWA,IA,US PRESIDENT,"DUKAKIS, MICHAEL",DEMOCRAT,FALSE,670557,1225614,0.54711924
1988,IOWA,IA,US PRESIDENT,"BUSH, GEORGE H.W.",REPUBLICAN,FALSE,545355,1225614,0.444964728
1988,IOWA,IA,US PRESIDENT,"LAROUCHE, LYNDON, JR.",NOMINATED BY PETITION,FALSE,3526,1225614,0.002876925
1988,IOWA,IA,US PRESIDENT,"PAUL, RONALD """"RON""""",LIBERTARIAN,FALSE,2494,1225614,0.002034898
1988,IOWA,IA,US PRESIDENT,SCATTERING,,FALSE,1613,1225614,0.001316075
1988,IOWA,IA,US PRESIDENT,"DUKE, DAVID",PATRIOTIC PARTY,FALSE,755,1225614,0.000616018
1988,IOWA,IA,US PRESIDENT,"FULANI, LENORA",NEW ALLIANCE,FALSE,540,1225614,0.000440595
1988,IOWA,IA,US PRESIDENT,"KENOYER, WILLA",SOCIALIST,FALSE,334,1225614,0.000272516
1988,IOWA,IA,US PRESIDENT,"WINN, EDWARD",WORKERS LEAGUE,FALSE,235,1225614,0.000191741
1988,IOWA,IA,US PRESIDENT,"WARREN, JAMES """"MAC""""",SOCIALIST WORKERS,FALSE,205,1225614,0.000167263
1988,KANSAS,KS,US PRESIDENT,"BUSH, GEORGE H.W.",REPUBLICAN,FALSE,554049,993044,0.557929961
1988,KANSAS,KS,US PRESIDENT,"DUKAKIS, MICHAEL",DEMOCRAT,FALSE,422636,993044,0.425596449
1988,KANSAS,KS,US PRESIDENT,,INDEPENDENT,FALSE,16359,993044,0.01647359
1988,KENTUCKY,KY,US PRESIDENT,"BUSH, GEORGE H.W.",REPUBLICAN,FALSE,734281,1322517,0.555214791
1988,KENTUCKY,KY,US PRESIDENT,"DUKAKIS, MICHAEL",DEMOCRAT,FALSE,580368,1322517,0.438835947
1988,KENTUCKY,KY,US PRESIDENT,"DUKE, DAVID",POPULIST,FALSE,4494,1322517,0.003398066
1988,KENTUCKY,KY,US PRESIDENT,"PAUL, RONALD """"RON""""",LIBERTARIAN,FALSE,2118,1322517,0.001601492
1988,KENTUCKY,KY,US PRESIDENT,"FULANI, LENORA",NEW ALLIANCE,FALSE,1256,1322517,0.000949704
1988,LOUISIANA,LA,US PRESIDENT,"BUSH, GEORGE H.W.",REPUBLICAN,FALSE,883702,1628202,0.542747153
1988,LOUISIANA,LA,US PRESIDENT,"DUKAKIS, MICHAEL",DEMOCRAT,FALSE,717460,1628202,0.440645571
1988,LOUISIANA,LA,US PRESIDENT,"DUKE, DAVID",POPULIST,FALSE,18612,1628202,0.011431014
1988,LOUISIANA,LA,US PRESIDENT,"PAUL, RONALD """"RON""""",LIBERTARIAN,FALSE,4115,1628202,0.002527328
1988,LOUISIANA,LA,US PRESIDENT,"FULANI, LENORA",NEW ALLIANCE,FALSE,2355,1628202,0.001446381
1988,LOUISIANA,LA,US PRESIDENT,"LAROUCHE, LYNDON, JR.",NATIONAL ECONOMIC RECOVERY,FALSE,1958,1628202,0.001202553
1988,MAINE,ME,US PRESIDENT,"BUSH, GEORGE H.W.",REPUBLICAN,FALSE,307131,555035,0.553354293
1988,MAINE,ME,US PRESIDENT,"DUKAKIS, MICHAEL",DEMOCRAT,FALSE,243569,555035,0.438835389
1988,MAINE,ME,US PRESIDENT,"PAUL, RONALD """"RON""""",LIBERTARIAN,FALSE,2700,555035,0.004864558
1988,MAINE,ME,US PRESIDENT,"FULANI, LENORA",NEW ALLIANCE,FALSE,1405,555035,0.002531372
1988,MAINE,ME,US PRESIDENT,,OTHER,FALSE,230,555035,0.000414388
1988,MARYLAND,MD,US PRESIDENT,"BUSH, GEORGE H.W.",REPUBLICAN,FALSE,876167,1714358,0.511075866
1988,MARYLAND,MD,US PRESIDENT,"DUKAKIS, MICHAEL",DEMOCRAT,FALSE,826304,1714358,0.481990343
1988,MARYLAND,MD,US PRESIDENT,"PAUL, RONALD """"RON""""",LIBERTARIAN,FALSE,6748,1714358,0.003936167
1988,MARYLAND,MD,US PRESIDENT,"FULANI, LENORA",NEW ALLIANCE,FALSE,5115,1714358,0.002983624
1988,MARYLAND,MD,US PRESIDENT,,,TRUE,24,1714358,1.39994E-05
1988,MASSACHUSETTS,MA,US PRESIDENT,"DUKAKIS, MICHAEL",DEMOCRAT,FALSE,1401415,2632801,0.532290515
1988,MASSACHUSETTS,MA,US PRESIDENT,"BUSH, GEORGE H.W.",REPUBLICAN,FALSE,1194635,2632801,0.453750587
1988,MASSACHUSETTS,MA,US PRESIDENT,"PAUL, RONALD """"RON""""",LIBERTARIAN,FALSE,24251,2632801,0.009211103
1988,MASSACHUSETTS,MA,US PRESIDENT,"FULANI, LENORA",NEW ALLIANCE,FALSE,9561,2632801,0.003631494
1988,MASSACHUSETTS,MA,US PRESIDENT,,OTHER,FALSE,2939,2632801,0.001116302
1988,MICHIGAN,MI,US PRESIDENT,"BUSH, GEORGE H.W.",REPUBLICAN,FALSE,1965486,3669163,0.535676938
1988,MICHIGAN,MI,US PRESIDENT,"DUKAKIS, MICHAEL",DEMOCRAT,FALSE,1675783,3669163,0.456720783
1988,MICHIGAN,MI,US PRESIDENT,"PAUL, RONALD """"RON""""",LIBERTARIAN,FALSE,18336,3669163,0.004997325
1988,MICHIGAN,MI,US PRESIDENT,,OTHER,FALSE,7600,3669163,0.002071317
1988,MICHIGAN,MI,US PRESIDENT,"WINN, EDWARD",WORKERS LEAGUE,FALSE,1958,3669163,0.000533637
1988,MINNESOTA,MN,US PRESIDENT,"DUKAKIS, MICHAEL",DEMOCRAT,FALSE,1109471,2096790,0.529128334
1988,MINNESOTA,MN,US PRESIDENT,"BUSH, GEORGE H.W.",REPUBLICAN,FALSE,962337,2096790,0.458957263
1988,MINNESOTA,MN,US PRESIDENT,"MCCARTHY, EUGENE """"GENE""""",PROGRESSIVE,FALSE,5403,2096790,0.002576796
1988,MINNESOTA,MN,US PRESIDENT,"PAUL, RONALD """"RON""""",LIBERTARIAN,FALSE,5109,2096790,0.002436582
1988,MINNESOTA,MN,US PRESIDENT,,,TRUE,3614,2096790,0.001723587
1988,MINNESOTA,MN,US PRESIDENT,"WARREN, JAMES """"MAC""""",SOCIALIST WORKERS,FALSE,2155,2096790,0.001027761
1988,MINNESOTA,MN,US PRESIDENT,"HERER, JACK",GRASSROOTS,FALSE,1949,2096790,0.000929516
1988,MINNESOTA,MN,US PRESIDENT,"FULANI, LENORA",NEW ALLIANCE,FALSE,1734,2096790,0.000826978
1988,MINNESOTA,MN,US PRESIDENT,"LAROUCHE, LYNDON, JR.",NATIONAL ECONOMIC RECOVERY,FALSE,1702,2096790,0.000811717
1988,MINNESOTA,MN,US PRESIDENT,"DUKE, DAVID",POPULIST,FALSE,1529,2096790,0.00072921
1988,MINNESOTA,MN,US PRESIDENT,"DENNIS, DELMAR",AMERICAN,FALSE,1298,2096790,0.000619041
1988,MINNESOTA,MN,US PRESIDENT,"WINN, EDWARD",WORKERS LEAGUE,FALSE,489,2096790,0.000233214
1988,MISSISSIPPI,MS,US PRESIDENT,"BUSH, GEORGE H.W.",REPUBLICAN,FALSE,557890,931527,0.598898368
1988,MISSISSIPPI,MS,US PRESIDENT,"DUKAKIS, MICHAEL",DEMOCRAT,FALSE,363921,931527,0.390671446
1988,MISSISSIPPI,MS,US PRESIDENT,,INDEPENDENT,FALSE,6387,931527,0.006856484
1988,MISSISSIPPI,MS,US PRESIDENT,"PAUL, RONALD """"RON""""",LIBERTARIAN,FALSE,3329,931527,0.003573702
1988,MISSOURI,MO,US PRESIDENT,"BUSH, GEORGE H.W.",REPUBLICAN,FALSE,1084953,2093228,0.518315731
1988,MISSOURI,MO,US PRESIDENT,"DUKAKIS, MICHAEL",DEMOCRAT,FALSE,1001619,2093228,0.478504492
1988,MISSOURI,MO,US PRESIDENT,"FULANI, LENORA",NEW ALLIANCE,FALSE,6656,2093228,0.003179778
1988,MONTANA,MT,US PRESIDENT,"BUSH, GEORGE H.W.",REPUBLICAN,FALSE,190412,365674,0.520715173
1988,MONTANA,MT,US PRESIDENT,"DUKAKIS, MICHAEL",DEMOCRAT,FALSE,168936,365674,0.461985266
1988,MONTANA,MT,US PRESIDENT,"PAUL, RONALD """"RON""""",LIBERTARIAN,FALSE,5047,365674,0.013801911
1988,MONTANA,MT,US PRESIDENT,"FULANI, LENORA",NEW ALLIANCE,FALSE,1279,365674,0.003497651
1988,NEBRASKA,NE,US PRESIDENT,"BUSH, GEORGE H.W.",REPUBLICAN,FALSE,397956,661465,0.601628204
1988,NEBRASKA,NE,US PRESIDENT,"DUKAKIS, MICHAEL",DEMOCRAT,FALSE,259235,661465,0.391910381
1988,NEBRASKA,NE,US PRESIDENT,"PAUL, RONALD """"RON""""",LIBERTARIAN,FALSE,2534,661465,0.003830891
1988,NEBRASKA,NE,US PRESIDENT,"FULANI, LENORA",NEW ALLIANCE,FALSE,1740,661465,0.002630525
1988,NEVADA,NV,US PRESIDENT,"BUSH, GEORGE H.W.",REPUBLICAN,FALSE,206040,343133,0.600466874
1988,NEVADA,NV,US PRESIDENT,"DUKAKIS, MICHAEL",DEMOCRAT,FALSE,132738,343133,0.386841254
1988,NEVADA,NV,US PRESIDENT,"PAUL, RONALD """"RON""""",LIBERTARIAN,FALSE,3520,343133,0.010258413
1988,NEVADA,NV,US PRESIDENT,"FULANI, LENORA",NEW ALLIANCE,FALSE,835,343133,0.002433459
1988,NEW HAMPSHIRE,NH,US PRESIDENT,"BUSH, GEORGE H.W.",REPUBLICAN,FALSE,281537,450525,0.624908718
1988,NEW HAMPSHIRE,NH,US PRESIDENT,"DUKAKIS, MICHAEL",DEMOCRAT,FALSE,163696,450525,0.363344986
1988,NEW HAMPSHIRE,NH,US PRESIDENT,"PAUL, RONALD """"RON""""",LIBERTARIAN,FALSE,4502,450525,0.009992786
1988,NEW HAMPSHIRE,NH,US PRESIDENT,"FULANI, LENORA",NEW ALLIANCE,FALSE,790,450525,0.00175351
1988,NEW JERSEY,NJ,US PRESIDENT,"BUSH, GEORGE H.W.",REPUBLICAN,FALSE,1743192,3099553,0.562401095
1988,NEW JERSEY,NJ,US PRESIDENT,"DUKAKIS, MICHAEL",DEMOCRAT,FALSE,1320352,3099553,0.425981424
1988,NEW JERSEY,NJ,US PRESIDENT,"HERBERG G., LEWIN",PEACE & FREEDOM,FALSE,9953,3099553,0.003211108
1988,NEW JERSEY,NJ,US PRESIDENT,"PAUL, RONALD """"RON""""",LIBERTARIAN,FALSE,8421,3099553,0.002716843
1988,NEW JERSEY,NJ,US PRESIDENT,"FULANI, LENORA",NEW ALLIANCE,FALSE,5139,3099553,0.001657981
1988,NEW JERSEY,NJ,US PRESIDENT,"MCCARTHY, EUGENE """"GENE""""",CONSUMER,FALSE,3454,3099553,0.001114354
1988,NEW JERSEY,NJ,US PRESIDENT,"KENOYER, WILLA",SOCIALIST,FALSE,2587,3099553,0.000834636
1988,NEW JERSEY,NJ,US PRESIDENT,"DUKE, DAVID",POPULIST,FALSE,2446,3099553,0.000789146
1988,NEW JERSEY,NJ,US PRESIDENT,"WARREN, JAMES """"MAC""""",SOCIALIST WORKERS,FALSE,2298,3099553,0.000741397
1988,NEW JERSEY,NJ,US PRESIDENT,"HOLMES, LARRY",WORKERS WORLD,FALSE,1020,3099553,0.00032908
1988,NEW JERSEY,NJ,US PRESIDENT,"WINN, EDWARD",WORKERS LEAGUE,FALSE,691,3099553,0.000222935
1988,NEW MEXICO,NM,US PRESIDENT,"BUSH, GEORGE H.W.",REPUBLICAN,FALSE,270341,521387,0.51850353
1988,NEW MEXICO,NM,US PRESIDENT,"DUKAKIS, MICHAEL",DEMOCRAT,FALSE,244497,521387,0.468935743
1988,NEW MEXICO,NM,US PRESIDENT,"PAUL, RONALD """"RON""""",LIBERTARIAN,FALSE,3368,521387,0.006459693
1988,NEW MEXICO,NM,US PRESIDENT,"FULANI, LENORA",NEW ALLIANCE,FALSE,2237,521387,0.004290479
1988,NEW MEXICO,NM,US PRESIDENT,"WARREN, JAMES """"MAC""""",SOCIALIST WORKERS,FALSE,344,521387,0.000659779
1988,NEW MEXICO,NM,US PRESIDENT,"HOLMES, LARRY",WORKERS WORLD,FALSE,258,521387,0.000494834
1988,NEW MEXICO,NM,US PRESIDENT,"DODGE, EARL",PROHIBITION,FALSE,249,521387,0.000477572
1988,NEW MEXICO,NM,US PRESIDENT,,WRITE-IN,TRUE,93,521387,0.00017837
1988,NEW YORK,NY,US PRESIDENT,"DUKAKIS, MICHAEL",DEMOCRAT,FALSE,3255487,6485683,0.501949756
1988,NEW YORK,NY,US PRESIDENT,"BUSH, GEORGE H.W.",REPUBLICAN,FALSE,2838414,6485683,0.437643036
1988,NEW YORK,NY,US PRESIDENT,"BUSH, GEORGE H.W.",CONSERVATIVE,FALSE,243457,6485683,0.037537604
1988,NEW YORK,NY,US PRESIDENT,"DUKAKIS, MICHAEL",LIBERAL PARTY,FALSE,92395,6485683,0.014245994
1988,NEW YORK,NY,US PRESIDENT,"MARRA, WILLIAM A.",RIGHT-TO-LIFE,FALSE,20497,6485683,0.003160346
1988,NEW YORK,NY,US PRESIDENT,"FULANI, LENORA",NEW ALLIANCE,FALSE,15845,6485683,0.002443073
1988,NEW YORK,NY,US PRESIDENT,"PAUL, RONALD """"RON""""",LIBERTARIAN,FALSE,12109,6485683,0.001867035
1988,NEW YORK,NY,US PRESIDENT,"HOLMES, LARRY",WORKERS WORLD,FALSE,4179,6485683,0.000644342
1988,NEW YORK,NY,US PRESIDENT,"WARREN, JAMES """"MAC""""",SOCIALIST WORKERS,FALSE,3287,6485683,0.000506809
1988,NEW YORK,NY,US PRESIDENT,,OTHER,FALSE,13,6485683,2.00441E-06
1988,NORTH CAROLINA,NC,US PRESIDENT,"BUSH, GEORGE H.W.",REPUBLICAN,FALSE,1237258,2134370,0.579682998
1988,NORTH CAROLINA,NC,US PRESIDENT,"DUKAKIS, MICHAEL",DEMOCRAT,FALSE,890167,2134370,0.417063115
1988,NORTH CAROLINA,NC,US PRESIDENT,"FULANI, LENORA",NEW ALLIANCE,FALSE,5682,2134370,0.002662144
1988,NORTH CAROLINA,NC,US PRESIDENT,"PAUL, RONALD """"RON""""",,TRUE,1263,2134370,0.000591744
1988,NORTH DAKOTA,ND,US PRESIDENT,"BUSH, GEORGE H.W.",REPUBLICAN,FALSE,166559,297261,0.560312318
1988,NORTH DAKOTA,ND,US PRESIDENT,"DUKAKIS, MICHAEL",DEMOCRAT,FALSE,127739,297261,0.42972001
1988,NORTH DAKOTA,ND,US PRESIDENT,"PAUL, RONALD """"RON""""",LIBERTARIAN,FALSE,1315,297261,0.004423722
1988,NORTH DAKOTA,ND,US PRESIDENT,"LAROUCHE, LYNDON, JR.",NATIONAL ECONOMIC RECOVERY,FALSE,905,297261,0.003044463
1988,NORTH DAKOTA,ND,US PRESIDENT,"FULANI, LENORA",NEW ALLIANCE,FALSE,396,297261,0.001332163
1988,NORTH DAKOTA,ND,US PRESIDENT,"WARREN, JAMES """"MAC""""",SOCIALIST WORKERS,FALSE,347,297261,0.001167324
1988,OHIO,OH,US PRESIDENT,"BUSH, GEORGE H.W.",REPUBLICAN,FALSE,2416549,4393585,0.550017582
1988,OHIO,OH,US PRESIDENT,"DUKAKIS, MICHAEL",DEMOCRAT,FALSE,1939629,4393585,0.441468414
1988,OHIO,OH,US PRESIDENT,"FULANI, LENORA",NEW ALLIANCE,FALSE,12017,4393585,0.002735124
1988,OHIO,OH,US PRESIDENT,"PAUL, RONALD """"RON""""",LIBERTARIAN,FALSE,11926,4393585,0.002714412
1988,OHIO,OH,US PRESIDENT,,INDEPENDENT,FALSE,7713,4393585,0.001755514
1988,OHIO,OH,US PRESIDENT,"WINN, EDWARD",WORKERS LEAGUE,FALSE,5401,4393585,0.001229292
1988,OHIO,OH,US PRESIDENT,,,TRUE,350,4393585,7.96616E-05
1988,OKLAHOMA,OK,US PRESIDENT,"BUSH, GEORGE H.W.",REPUBLICAN,FALSE,678367,1171036,0.579287913
1988,OKLAHOMA,OK,US PRESIDENT,"DUKAKIS, MICHAEL",DEMOCRAT,FALSE,483423,1171036,0.412816515
1988,OKLAHOMA,OK,US PRESIDENT,"PAUL, RONALD """"RON""""",LIBERTARIAN,FALSE,6261,1171036,0.005346548
1988,OKLAHOMA,OK,US PRESIDENT,"FULANI, LENORA",NEW ALLIANCE,FALSE,2985,1171036,0.002549025
1988,OREGON,OR,US PRESIDENT,"DUKAKIS, MICHAEL",DEMOCRAT,FALSE,616206,1201694,0.512781124
1988,OREGON,OR,US PRESIDENT,"BUSH, GEORGE H.W.",REPUBLICAN,FALSE,560126,1201694,0.46611367
1988,OREGON,OR,US PRESIDENT,"PAUL, RONALD """"RON""""",LIBERTARIAN,FALSE,14811,1201694,0.012325101
1988,OREGON,OR,US PRESIDENT,"FULANI, LENORA",INDEPENDENT,FALSE,6487,1201694,0.005398213
1988,OREGON,OR,US PRESIDENT,,OTHER,FALSE,4064,1201694,0.003381893
1988,PENNSYLVANIA,PA,US PRESIDENT,"BUSH, GEORGE H.W.",REPUBLICAN,FALSE,2300087,4536251,0.507045796
1988,PENNSYLVANIA,PA,US PRESIDENT,"DUKAKIS, MICHAEL",DEMOCRAT,FALSE,2194944,4536251,0.483867405
1988,PENNSYLVANIA,PA,US PRESIDENT,"MCCARTHY, EUGENE """"GENE""""",CONSUMER,FALSE,19158,4536251,0.004223311
1988,PENNSYLVANIA,PA,US PRESIDENT,"PAUL, RONALD """"RON""""",LIBERTARIAN,FALSE,12051,4536251,0.002656599
1988,PENNSYLVANIA,PA,US PRESIDENT,"FULANI, LENORA",NEW ALLIANCE,FALSE,4379,4536251,0.000965335
1988,PENNSYLVANIA,PA,US PRESIDENT,"DUKE, DAVID",POPULIST,FALSE,3444,4536251,0.000759217
1988,PENNSYLVANIA,PA,US PRESIDENT,"WINN, EDWARD",WORKERS LEAGUE,FALSE,2188,4536251,0.000482337
1988,RHODE ISLAND,RI,US PRESIDENT,"DUKAKIS, MICHAEL",DEMOCRAT,FALSE,225123,404622,0.556378546
1988,RHODE ISLAND,RI,US PRESIDENT,"BUSH, GEORGE H.W.",REPUBLICAN,FALSE,177761,404622,0.439326087
1988,RHODE ISLAND,RI,US PRESIDENT,"PAUL, RONALD """"RON""""",LIBERTARIAN,FALSE,825,404622,0.00203894
1988,RHODE ISLAND,RI,US PRESIDENT,"FULANI, LENORA",NEW ALLIANCE,FALSE,280,404622,0.000692004
1988,RHODE ISLAND,RI,US PRESIDENT,"HERBERG G., LEWIN",PEACE & FREEDOM,FALSE,195,404622,0.000481931
1988,RHODE ISLAND,RI,US PRESIDENT,"DUKE, DAVID",POPULIST,FALSE,159,404622,0.000392959
1988,RHODE ISLAND,RI,US PRESIDENT,"WARREN, JAMES """"MAC""""",SOCIALIST WORKERS,FALSE,130,404622,0.000321288
1988,RHODE ISLAND,RI,US PRESIDENT,"KENOYER, WILLA",SOCIALIST,FALSE,96,404622,0.000237258
1988,RHODE ISLAND,RI,US PRESIDENT,,,TRUE,53,404622,0.000130986
1988,SOUTH CAROLINA,SC,US PRESIDENT,"BUSH, GEORGE H.W.",REPUBLICAN,FALSE,606443,986009,0.615048139
1988,SOUTH CAROLINA,SC,US PRESIDENT,"DUKAKIS, MICHAEL",DEMOCRAT,FALSE,370554,986009,0.375811985
1988,SOUTH CAROLINA,SC,US PRESIDENT,"PAUL, RONALD """"RON""""",LIBERTARIAN,FALSE,4935,986009,0.005005025
1988,SOUTH CAROLINA,SC,US PRESIDENT,"FULANI, LENORA",UNITED CITIZENS,FALSE,4077,986009,0.004134851
1988,SOUTH DAKOTA,SD,US PRESIDENT,"BUSH, GEORGE H.W.",REPUBLICAN,FALSE,165415,312991,0.528497625
1988,SOUTH DAKOTA,SD,US PRESIDENT,"DUKAKIS, MICHAEL",DEMOCRAT,FALSE,145560,312991,0.465061296
1988,SOUTH DAKOTA,SD,US PRESIDENT,,INDEPENDENT,FALSE,2016,312991,0.00644108
1988,TENNESSEE,TN,US PRESIDENT,"BUSH, GEORGE H.W.",REPUBLICAN,FALSE,947233,1636250,0.578904813
1988,TENNESSEE,TN,US PRESIDENT,"DUKAKIS, MICHAEL",DEMOCRAT,FALSE,679794,1636250,0.415458518
1988,TENNESSEE,TN,US PRESIDENT,,INDEPENDENT,FALSE,8938,1636250,0.00546249
1988,TENNESSEE,TN,US PRESIDENT,,,TRUE,285,1636250,0.000174179
1988,TEXAS,TX,US PRESIDENT,"BUSH, GEORGE H.W.",REPUBLICAN,FALSE,3036829,5427410,0.55953558
1988,TEXAS,TX,US PRESIDENT,"DUKAKIS, MICHAEL",DEMOCRAT,FALSE,2352748,5427410,0.433493692
1988,TEXAS,TX,US PRESIDENT,"PAUL, RONALD """"RON""""",LIBERTARIAN,FALSE,30355,5427410,0.005592907
1988,TEXAS,TX,US PRESIDENT,"FULANI, LENORA",NEW ALLIANCE,FALSE,7208,5427410,0.001328074
1988,TEXAS,TX,US PRESIDENT,,,TRUE,270,5427410,4.97475E-05
1988,UTAH,UT,US PRESIDENT,"BUSH, GEORGE H.W.",REPUBLICAN,FALSE,428442,647008,0.662189648
1988,UTAH,UT,US PRESIDENT,"DUKAKIS, MICHAEL",DEMOCRAT,FALSE,207343,647008,0.320464353
1988,UTAH,UT,US PRESIDENT,"PAUL, RONALD """"RON""""",LIBERTARIAN,FALSE,7473,647008,0.011550089
1988,UTAH,UT,US PRESIDENT,"DENNIS, DELMAR",AMERICAN,FALSE,2158,647008,0.003335353
1988,UTAH,UT,US PRESIDENT,"FULANI, LENORA",NEW ALLIANCE,FALSE,455,647008,0.000703237
1988,UTAH,UT,US PRESIDENT,"LAROUCHE, LYNDON, JR.",NATIONAL ECONOMIC RECOVERY,FALSE,427,647008,0.000659961
1988,UTAH,UT,US PRESIDENT,"YOUNGKEIT, LOUIE G.",INDEPENDENT,FALSE,372,647008,0.000574954
1988,UTAH,UT,US PRESIDENT,"WARREN, JAMES """"MAC""""",SOCIALIST WORKERS,FALSE,209,647008,0.000323025
1988,UTAH,UT,US PRESIDENT,"KENOYER, WILLA",SOCIALIST,FALSE,129,647008,0.000199379
1988,VERMONT,VT,US PRESIDENT,"BUSH, GEORGE H.W.",REPUBLICAN,FALSE,124331,243328,0.510960514
1988,VERMONT,VT,US PRESIDENT,"DUKAKIS, MICHAEL",DEMOCRAT,FALSE,115775,243328,0.4757981
1988,VERMONT,VT,US PRESIDENT,SCATTERING,,FALSE,1134,243328,0.004660376
1988,VERMONT,VT,US PRESIDENT,"PAUL, RONALD """"RON""""",LIBERTARIAN,FALSE,1000,243328,0.004109679
1988,VERMONT,VT,US PRESIDENT,"LAROUCHE, LYNDON, JR.",INDEPENDENT,FALSE,275,243328,0.001130162
1988,VERMONT,VT,US PRESIDENT,"FULANI, LENORA",NEW ALLIANCE,FALSE,205,243328,0.000842484
1988,VERMONT,VT,US PRESIDENT,"DUKE, DAVID",POPULIST,FALSE,189,243328,0.000776729
1988,VERMONT,VT,US PRESIDENT,"HERBERG G., LEWIN",PEACE & FREEDOM,FALSE,164,243328,0.000673987
1988,VERMONT,VT,US PRESIDENT,"KENOYER, WILLA",LIBERTY UNION PARTY,FALSE,142,243328,0.000583574
1988,VERMONT,VT,US PRESIDENT,"WARREN, JAMES """"MAC""""",SOCIALIST WORKERS,FALSE,113,243328,0.000464394
1988,VIRGINIA,VA,US PRESIDENT,"BUSH, GEORGE H.W.",REPUBLICAN,FALSE,1309162,2191609,0.597351991
1988,VIRGINIA,VA,US PRESIDENT,"DUKAKIS, MICHAEL",DEMOCRAT,FALSE,859799,2191609,0.392314049
1988,VIRGINIA,VA,US PRESIDENT,"FULANI, LENORA",INDEPENDENT,FALSE,14312,2191609,0.006530362
1988,VIRGINIA,VA,US PRESIDENT,"PAUL, RONALD """"RON""""",LIBERTARIAN,FALSE,8336,2191609,0.003803598
1988,WASHINGTON,WA,US PRESIDENT,"DUKAKIS, MICHAEL",DEMOCRAT,FALSE,933516,1865253,0.500476879
1988,WASHINGTON,WA,US PRESIDENT,"BUSH, GEORGE H.W.",REPUBLICAN,FALSE,903835,1865253,0.484564292
1988,WASHINGTON,WA,US PRESIDENT,"PAUL, RONALD """"RON""""",LIBERTARIAN,FALSE,17240,1865253,0.009242714
1988,WASHINGTON,WA,US PRESIDENT,"LAROUCHE, LYNDON, JR.",INDEPENDENT,FALSE,4412,1865253,0.002365363
1988,WASHINGTON,WA,US PRESIDENT,"FULANI, LENORA",NEW ALLIANCE,FALSE,3520,1865253,0.001887143
1988,WASHINGTON,WA,US PRESIDENT,"HOLMES, LARRY",WORKERS WORLD,FALSE,1440,1865253,0.000772013
1988,WASHINGTON,WA,US PRESIDENT,"WARREN, JAMES """"MAC""""",SOCIALIST WORKERS,FALSE,1290,1865253,0.000691595
1988,WEST VIRGINIA,WV,US PRESIDENT,"DUKAKIS, MICHAEL",DEMOCRAT,FALSE,341016,653311,0.521981109
1988,WEST VIRGINIA,WV,US PRESIDENT,"BUSH, GEORGE H.W.",REPUBLICAN,FALSE,310065,653311,0.474605509
1988,WEST VIRGINIA,WV,US PRESIDENT,"FULANI, LENORA",NEW ALLIANCE,FALSE,2230,653311,0.003413382
1988,WISCONSIN,WI,US PRESIDENT,"DUKAKIS, MICHAEL",DEMOCRAT,FALSE,1126794,2191608,0.514140302
1988,WISCONSIN,WI,US PRESIDENT,"BUSH, GEORGE H.W.",REPUBLICAN,FALSE,1047499,2191608,0.477959106
1988,WISCONSIN,WI,US PRESIDENT,,INDEPENDENT,FALSE,15042,2191608,0.006863454
1988,WISCONSIN,WI,US PRESIDENT,SCATTERING,,FALSE,2273,2191608,0.001037138
1988,WYOMING,WY,US PRESIDENT,"BUSH, GEORGE H.W.",REPUBLICAN,FALSE,106867,176551,0.60530385
1988,WYOMING,WY,US PRESIDENT,"DUKAKIS, MICHAEL",DEMOCRAT,FALSE,67113,176551,0.380133786
1988,WYOMING,WY,US PRESIDENT,"PAUL, RONALD """"RON""""",LIBERTARIAN,FALSE,2026,176551,0.011475438
1988,WYOMING,WY,US PRESIDENT,"FULANI, LENORA",NEW ALLIANCE,FALSE,545,176551,0.003086927
1992,ALABAMA,AL,US PRESIDENT,"BUSH, GEORGE H.W.",REPUBLICAN,FALSE,804283,1688060,0.476454036
1992,ALABAMA,AL,US PRESIDENT,"CLINTON, BILL",DEMOCRAT,FALSE,690080,1688060,0.408800635
1992,ALABAMA,AL,US PRESIDENT,"PEROT, ROSS",INDEPENDENT,FALSE,183109,1688060,0.10847304
1992,ALABAMA,AL,US PRESIDENT,"MARROU, ANDRE",LIBERTARIAN,FALSE,5737,1688060,0.003398576
1992,ALABAMA,AL,US PRESIDENT,OTHER,INDEPENDENT,FALSE,4128,1688060,0.002445411
1992,ALABAMA,AL,US PRESIDENT,,,TRUE,723,1688060,0.000428302
1992,ALASKA,AK,US PRESIDENT,"BUSH, GEORGE H.W.",REPUBLICAN,FALSE,102000,258506,0.394574981
1992,ALASKA,AK,US PRESIDENT,"CLINTON, BILL",DEMOCRAT,FALSE,78294,258506,0.302871113
1992,ALASKA,AK,US PRESIDENT,"PEROT, ROSS",INDEPENDENT,FALSE,73481,258506,0.28425259
1992,ALASKA,AK,US PRESIDENT,"GRITZ, JAMES """"BO""""",AMERICA FIRST,FALSE,1379,258506,0.005334499
1992,ALASKA,AK,US PRESIDENT,"MARROU, ANDRE",LIBERTARIAN,FALSE,1378,258506,0.005330631
1992,ALASKA,AK,US PRESIDENT,"LAROUCHE, LYNDON, JR.",INDEPENDENTS FOR ECONOMIC RECOVERY,FALSE,469,258506,0.001814271
1992,ALASKA,AK,US PRESIDENT,"HAGELIN, JOHN",NATURAL LAW,FALSE,433,258506,0.001675009
1992,ALASKA,AK,US PRESIDENT,"PHILLIPS, HOWARD",TAXPAYERS PARTY,FALSE,377,258506,0.00145838
1992,ALASKA,AK,US PRESIDENT,,,TRUE,365,258506,0.001411959
1992,ALASKA,AK,US PRESIDENT,"FULANI, LENORA",NEW ALLIANCE,FALSE,330,258506,0.001276566
1992,ARIZONA,AZ,US PRESIDENT,"BUSH, GEORGE H.W.",REPUBLICAN,FALSE,572086,1486975,0.384731418
1992,ARIZONA,AZ,US PRESIDENT,"CLINTON, BILL",DEMOCRAT,FALSE,543050,1486975,0.365204526
1992,ARIZONA,AZ,US PRESIDENT,"PEROT, ROSS",INDEPENDENT,FALSE,353741,1486975,0.237893038
1992,ARIZONA,AZ,US PRESIDENT,"GRITZ, JAMES """"BO""""",INDEPENDENT,FALSE,8141,1486975,0.005474873
1992,ARIZONA,AZ,US PRESIDENT,"MARROU, ANDRE",LIBERTARIAN,FALSE,6759,1486975,0.00454547
1992,ARIZONA,AZ,US PRESIDENT,"HAGELIN, JOHN",NATURAL LAW,FALSE,2267,1486975,0.001524572
1992,ARIZONA,AZ,US PRESIDENT,"FULANI, LENORA",NEW ALLIANCE,FALSE,923,1486975,0.000620723
1992,ARIZONA,AZ,US PRESIDENT,,,TRUE,8,1486975,5.38005E-06
1992,ARKANSAS,AR,US PRESIDENT,"CLINTON, BILL",DEMOCRAT,FALSE,505823,950653,0.532079528
1992,ARKANSAS,AR,US PRESIDENT,"BUSH, GEORGE H.W.",REPUBLICAN,FALSE,337324,950653,0.354833993
1992,ARKANSAS,AR,US PRESIDENT,"PEROT, ROSS",INDEPENDENT,FALSE,99132,950653,0.104277796
1992,ARKANSAS,AR,US PRESIDENT,OTHER,INDEPENDENT,FALSE,8374,950653,0.008808682
1992,CALIFORNIA,CA,US PRESIDENT,"CLINTON, BILL",DEMOCRAT,FALSE,5121325,11131721,0.460065878
1992,CALIFORNIA,CA,US PRESIDENT,"BUSH, GEORGE H.W.",REPUBLICAN,FALSE,3630574,11131721,0.326146694
1992,CALIFORNIA,CA,US PRESIDENT,"PEROT, ROSS",INDEPENDENT,FALSE,2296006,11131721,0.206257954
1992,CALIFORNIA,CA,US PRESIDENT,"MARROU, ANDRE",LIBERTARIAN,FALSE,48139,11131721,0.004324489
1992,CALIFORNIA,CA,US PRESIDENT,"DANIELS, RON",PEACE & FREEDOM,FALSE,18597,11131721,0.001670631
1992,CALIFORNIA,CA,US PRESIDENT,"PHILLIPS, HOWARD",AMERICAN INDEPENDENT PARTY,FALSE,12711,11131721,0.001141872
1992,CALIFORNIA,CA,US PRESIDENT,,,TRUE,4369,11131721,0.000392482
1992,COLORADO,CO,US PRESIDENT,"CLINTON, BILL",DEMOCRAT,FALSE,629681,1569180,0.401280287
1992,COLORADO,CO,US PRESIDENT,"BUSH, GEORGE H.W.",REPUBLICAN,FALSE,562850,1569180,0.358690526
1992,COLORADO,CO,US PRESIDENT,"PEROT, ROSS",INDEPENDENT,FALSE,366010,1569180,0.233249213
1992,COLORADO,CO,US PRESIDENT,"MARROU, ANDRE",LIBERTARIAN,FALSE,8669,1569180,0.005524541
1992,COLORADO,CO,US PRESIDENT,"FULANI, LENORA",NEW ALLIANCE,FALSE,1608,1569180,0.001024739
1992,COLORADO,CO,US PRESIDENT,"GRITZ, JAMES """"BO""""",DEMOCRAT/REPUBLICAN,FALSE,274,1569180,0.000174613
1992,COLORADO,CO,US PRESIDENT,"HAGELIN, JOHN",NATURAL LAW,FALSE,47,1569180,2.99519E-05
1992,COLORADO,CO,US PRESIDENT,PROHIBITION,PROHIBITION,FALSE,21,1569180,1.33828E-05
1992,COLORADO,CO,US PRESIDENT,UNAFFILIATED,UNAFFILIATED,FALSE,20,1569180,1.27455E-05
1992,CONNECTICUT,CT,US PRESIDENT,"CLINTON, BILL",DEMOCRAT,FALSE,682318,1616156,0.42218573
1992,CONNECTICUT,CT,US PRESIDENT,"BUSH, GEORGE H.W.",REPUBLICAN,FALSE,578313,1616156,0.357832412
1992,CONNECTICUT,CT,US PRESIDENT,"PEROT, ROSS",INDEPENDENT,FALSE,348771,1616156,0.215802806
1992,CONNECTICUT,CT,US PRESIDENT,"MARROU, ANDRE",LIBERTARIAN,FALSE,5391,1616156,0.003335693
1992,CONNECTICUT,CT,US PRESIDENT,"FULANI, LENORA",NEW ALLIANCE,FALSE,1363,1616156,0.000843359
1992,DELAWARE,DE,US PRESIDENT,"CLINTON, BILL",DEMOCRAT,FALSE,126054,289620,0.435239279
1992,DELAWARE,DE,US PRESIDENT,"BUSH, GEORGE H.W.",REPUBLICAN,FALSE,102313,289620,0.353266349
1992,DELAWARE,DE,US PRESIDENT,"PEROT, ROSS",INDEPENDENT,FALSE,59213,289620,0.204450659
1992,DELAWARE,DE,US PRESIDENT,"FULANI, LENORA",NEW ALLIANCE,FALSE,1105,289620,0.003815344
1992,DELAWARE,DE,US PRESIDENT,"MARROU, ANDRE",LIBERTARIAN,FALSE,935,289620,0.003228368
1992,DISTRICT OF COLUMBIA,DC,US PRESIDENT,"CLINTON, BILL",DEMOCRAT,FALSE,192619,227572,0.846409049
1992,DISTRICT OF COLUMBIA,DC,US PRESIDENT,"BUSH, GEORGE H.W.",REPUBLICAN,FALSE,20698,227572,0.090951435
1992,DISTRICT OF COLUMBIA,DC,US PRESIDENT,"PEROT, ROSS",INDEPENDENT,FALSE,9681,227572,0.042540383
1992,DISTRICT OF COLUMBIA,DC,US PRESIDENT,"FULANI, LENORA",NEW ALLIANCE,FALSE,1459,227572,0.006411158
1992,DISTRICT OF COLUMBIA,DC,US PRESIDENT,"DANIELS, RONALD",INDEPENDENT,FALSE,1446,227572,0.006354033
1992,DISTRICT OF COLUMBIA,DC,US PRESIDENT,,,TRUE,676,227572,0.002970488
1992,DISTRICT OF COLUMBIA,DC,US PRESIDENT,"MARROU, ANDRE",LIBERTARIAN,FALSE,467,227572,0.002052098
1992,DISTRICT OF COLUMBIA,DC,US PRESIDENT,"HAGELIN, JOHN",NATURAL LAW,FALSE,230,227572,0.001010669
1992,DISTRICT OF COLUMBIA,DC,US PRESIDENT,OTHER,SOCIALIST,FALSE,191,227572,0.000839295
1992,DISTRICT OF COLUMBIA,DC,US PRESIDENT,OTHER,SOCIALIST WORKERS,FALSE,105,227572,0.000461392
1992,FLORIDA,FL,US PRESIDENT,"BUSH, GEORGE H.W.",REPUBLICAN,FALSE,2173310,5313392,0.409024969
1992,FLORIDA,FL,US PRESIDENT,"CLINTON, BILL",DEMOCRAT,FALSE,2071698,5313392,0.389901216
1992,FLORIDA,FL,US PRESIDENT,"PEROT, ROSS",INDEPENDENT,FALSE,1053067,5313392,0.198191099
1992,FLORIDA,FL,US PRESIDENT,"MARROU, ANDRE",LIBERTARIAN,FALSE,15079,5313392,0.002837923
1992,FLORIDA,FL,US PRESIDENT,,,TRUE,238,5313392,4.47925E-05
1992,GEORGIA,GA,US PRESIDENT,"CLINTON, BILL",DEMOCRAT,FALSE,1008966,2321133,0.434686853
1992,GEORGIA,GA,US PRESIDENT,"BUSH, GEORGE H.W.",REPUBLICAN,FALSE,995252,2321133,0.428778532
1992,GEORGIA,GA,US PRESIDENT,"PEROT, ROSS",INDEPENDENT,FALSE,309657,2321133,0.133407694
1992,GEORGIA,GA,US PRESIDENT,"MARROU, ANDRE",LIBERTARIAN,FALSE,7110,2321133,0.003063159
1992,GEORGIA,GA,US PRESIDENT,,,TRUE,148,2321133,6.3762E-05
1992,HAWAII,HI,US PRESIDENT,"CLINTON, BILL",DEMOCRAT,FALSE,179310,372842,0.480927578
1992,HAWAII,HI,US PRESIDENT,"BUSH, GEORGE H.W.",REPUBLICAN,FALSE,136822,372842,0.366970459
1992,HAWAII,HI,US PRESIDENT,"PEROT, ROSS",INDEPENDENT,FALSE,53003,372842,0.142159413
1992,HAWAII,HI,US PRESIDENT,"GRITZ, JAMES """"BO""""",INDEPENDENT,FALSE,1452,372842,0.003894411
1992,HAWAII,HI,US PRESIDENT,"MARROU, ANDRE",LIBERTARIAN,FALSE,1119,372842,0.003001271
1992,HAWAII,HI,US PRESIDENT,"FULANI, LENORA",NEW ALLIANCE,FALSE,720,372842,0.001931113
1992,HAWAII,HI,US PRESIDENT,"HAGELIN, JOHN",NATURAL LAW,FALSE,416,372842,0.001115754
1992,IDAHO,ID,US PRESIDENT,"BUSH, GEORGE H.W.",REPUBLICAN,FALSE,202645,482114,0.420325898
1992,IDAHO,ID,US PRESIDENT,"CLINTON, BILL",DEMOCRAT,FALSE,137013,482114,0.284192121
1992,IDAHO,ID,US PRESIDENT,"PEROT, ROSS",INDEPENDENT,FALSE,130395,482114,0.270465077
1992,IDAHO,ID,US PRESIDENT,"GRITZ, JAMES """"BO""""",INDEPENDENT,FALSE,10894,482114,0.022596315
1992,IDAHO,ID,US PRESIDENT,"MARROU, ANDRE",LIBERTARIAN,FALSE,1167,482114,0.002420589
1992,ILLINOIS,IL,US PRESIDENT,"CLINTON, BILL",DEMOCRAT,FALSE,2453350,5050157,0.485796778
1992,ILLINOIS,IL,US PRESIDENT,"BUSH, GEORGE H.W.",REPUBLICAN,FALSE,1734096,5050157,0.343374671
1992,ILLINOIS,IL,US PRESIDENT,"PEROT, ROSS",INDEPENDENT,FALSE,840515,5050157,0.16643344
1992,ILLINOIS,IL,US PRESIDENT,"MARROU, ANDRE",LIBERTARIAN,FALSE,9218,5050157,0.00182529
1992,ILLINOIS,IL,US PRESIDENT,"FULANI, LENORA",NEW ALLIANCE,FALSE,5267,5050157,0.001042938
1992,ILLINOIS,IL,US PRESIDENT,"GRITZ, JAMES """"BO""""",POPULIST,FALSE,3577,5050157,0.000708295
1992,ILLINOIS,IL,US PRESIDENT,"HAGELIN, JOHN",NATURAL LAW,FALSE,2751,5050157,0.000544736
1992,ILLINOIS,IL,US PRESIDENT,"WARREN, JAMES """"MAC""""",SOCIALIST WORKERS,FALSE,1361,5050157,0.000269497
1992,ILLINOIS,IL,US PRESIDENT,,,TRUE,22,5050157,4.3563E-06
1992,INDIANA,IN,US PRESIDENT,"BUSH, GEORGE H.W.",REPUBLICAN,FALSE,989375,2305871,0.429067801
1992,INDIANA,IN,US PRESIDENT,"CLINTON, BILL",DEMOCRAT,FALSE,848420,2305871,0.367939056
1992,INDIANA,IN,US PRESIDENT,"PEROT, ROSS",INDEPENDENT,FALSE,455934,2305871,0.197727453
1992,INDIANA,IN,US PRESIDENT,"MARROU, ANDRE",LIBERTARIAN,FALSE,7936,2305871,0.00344165
1992,INDIANA,IN,US PRESIDENT,"FULANI, LENORA",NEW ALLIANCE,FALSE,2583,2305871,0.001120184
1992,INDIANA,IN,US PRESIDENT,,,TRUE,1623,2305871,0.000703856
1992,IOWA,IA,US PRESIDENT,"CLINTON, BILL",DEMOCRAT,FALSE,586353,1354607,0.432858386
1992,IOWA,IA,US PRESIDENT,"BUSH, GEORGE H.W.",REPUBLICAN,FALSE,504891,1354607,0.372721387
1992,IOWA,IA,US PRESIDENT,"PEROT, ROSS",INDEPENDENT,FALSE,253468,1354607,0.187115525
1992,IOWA,IA,US PRESIDENT,"HAGELIN, JOHN",NATURAL LAW,FALSE,3079,1354607,0.002272984
1992,IOWA,IA,US PRESIDENT,OTHER,,FALSE,1753,1354607,0.001294102
1992,IOWA,IA,US PRESIDENT,"GRITZ, JAMES """"BO""""",AMERICA FIRST,FALSE,1177,1354607,0.000868887
1992,IOWA,IA,US PRESIDENT,"MARROU, ANDRE",LIBERTARIAN,FALSE,1076,1354607,0.000794326
1992,IOWA,IA,US PRESIDENT,BLANK VOTE/SCATTERING,,FALSE,741,1354607,0.000547022
1992,IOWA,IA,US PRESIDENT,"HERER, JACK",GRASSROOTS,FALSE,669,1354607,0.00049387
1992,IOWA,IA,US PRESIDENT,"PHILLIPS, HOWARD",TAXPAYERS PARTY,FALSE,480,1354607,0.000354346
1992,IOWA,IA,US PRESIDENT,"WARREN, JAMES """"MAC""""",SOCIALIST WORKERS,FALSE,273,1354607,0.000201534
1992,IOWA,IA,US PRESIDENT,"LAROUCHE, LYNDON, JR.",INDEPENDENTS FOR ECONOMIC RECOVERY,FALSE,238,1354607,0.000175697
1992,IOWA,IA,US PRESIDENT,OTHER,CAMPAIGN FOR A NEW TOMORROW,FALSE,212,1354607,0.000156503
1992,IOWA,IA,US PRESIDENT,"FULANI, LENORA",NEW ALLIANCE,FALSE,197,1354607,0.00014543
1992,KANSAS,KS,US PRESIDENT,"BUSH, GEORGE H.W.",REPUBLICAN,FALSE,449951,1157236,0.388815246
1992,KANSAS,KS,US PRESIDENT,"CLINTON, BILL",DEMOCRAT,FALSE,390434,1157236,0.337384941
1992,KANSAS,KS,US PRESIDENT,"PEROT, ROSS",INDEPENDENT,FALSE,312358,1157236,0.269917286
1992,KANSAS,KS,US PRESIDENT,"MARROU, ANDRE",LIBERTARIAN,FALSE,4314,1157236,0.003727848
1992,KANSAS,KS,US PRESIDENT,,,TRUE,179,1157236,0.000154679
1992,KENTUCKY,KY,US PRESIDENT,"CLINTON, BILL",DEMOCRAT,FALSE,665104,1492900,0.445511421
1992,KENTUCKY,KY,US PRESIDENT,"BUSH, GEORGE H.W.",REPUBLICAN,FALSE,617178,1492900,0.413408802
1992,KENTUCKY,KY,US PRESIDENT,"PEROT, ROSS",INDEPENDENT,FALSE,203944,1492900,0.136609284
1992,KENTUCKY,KY,US PRESIDENT,"MARROU, ANDRE",LIBERTARIAN,FALSE,4513,1492900,0.003022975
1992,KENTUCKY,KY,US PRESIDENT,"PHILLIPS, HOWARD",TAXPAYERS PARTY,FALSE,989,1492900,0.000662469
1992,KENTUCKY,KY,US PRESIDENT,"HAGELIN, JOHN",NATURAL LAW,FALSE,695,1492900,0.000465537
1992,KENTUCKY,KY,US PRESIDENT,"FULANI, LENORA",NEW ALLIANCE,FALSE,430,1492900,0.00028803
1992,KENTUCKY,KY,US PRESIDENT,,,TRUE,47,1492900,3.14823E-05
1992,LOUISIANA,LA,US PRESIDENT,"CLINTON, BILL",DEMOCRAT,FALSE,815971,1790017,0.455845391
1992,LOUISIANA,LA,US PRESIDENT,"BUSH, GEORGE H.W.",REPUBLICAN,FALSE,733386,1790017,0.409708958
1992,LOUISIANA,LA,US PRESIDENT,"PEROT, ROSS",INDEPENDENT,FALSE,211478,1790017,0.118143012
1992,LOUISIANA,LA,US PRESIDENT,"GRITZ, JAMES """"BO""""",AMERICA FIRST,FALSE,18545,1790017,0.010360237
1992,LOUISIANA,LA,US PRESIDENT,"MARROU, ANDRE",LIBERTARIAN,FALSE,3155,1790017,0.001762553
1992,LOUISIANA,LA,US PRESIDENT,OTHER,EQUAL JUSTICE AND OPPORTUNITY,FALSE,1663,1790017,0.000929041
1992,LOUISIANA,LA,US PRESIDENT,"PHILLIPS, HOWARD",TAXPAYERS PARTY,FALSE,1552,1790017,0.000867031
1992,LOUISIANA,LA,US PRESIDENT,"FULANI, LENORA",MORE PERFECT DEMOCRACY,FALSE,1434,1790017,0.00080111
1992,LOUISIANA,LA,US PRESIDENT,"LAROUCHE, LYNDON, JR.","JUSTICE, INDUSTRY, AND AGRICULTURE",FALSE,1136,1790017,0.000634631
1992,LOUISIANA,LA,US PRESIDENT,"HAGELIN, JOHN",NATURAL LAW,FALSE,889,1790017,0.000496643
1992,LOUISIANA,LA,US PRESIDENT,"YIAMOUYIANNIS, JOHN",INDEPENDENT,FALSE,808,1790017,0.000451392
1992,MAINE,ME,US PRESIDENT,"CLINTON, BILL",DEMOCRAT,FALSE,263420,679499,0.387667973
1992,MAINE,ME,US PRESIDENT,"PEROT, ROSS",INDEPENDENT,FALSE,206820,679499,0.304371309
1992,MAINE,ME,US PRESIDENT,"BUSH, GEORGE H.W.",REPUBLICAN,FALSE,206504,679499,0.30390626
1992,MAINE,ME,US PRESIDENT,"MARROU, ANDRE",LIBERTARIAN,FALSE,1681,679499,0.002473881
1992,MAINE,ME,US PRESIDENT,"FULANI, LENORA",NEW ALLIANCE,FALSE,519,679499,0.000763798
1992,MAINE,ME,US PRESIDENT,"PHILLIPS, HOWARD",TAXPAYERS PARTY,FALSE,464,679499,0.000682856
1992,MAINE,ME,US PRESIDENT,OTHER,,FALSE,91,679499,0.000133922
1992,MARYLAND,MD,US PRESIDENT,"CLINTON, BILL",DEMOCRAT,FALSE,988571,1984580,0.498126052
1992,MARYLAND,MD,US PRESIDENT,"BUSH, GEORGE H.W.",REPUBLICAN,FALSE,707094,1984580,0.356294027
1992,MARYLAND,MD,US PRESIDENT,"PEROT, ROSS",INDEPENDENT,FALSE,281414,1984580,0.14180028
1992,MARYLAND,MD,US PRESIDENT,"MARROU, ANDRE",LIBERTARIAN,FALSE,4715,1984580,0.002375818
1992,MARYLAND,MD,US PRESIDENT,"FULANI, LENORA",NEW ALLIANCE,FALSE,2786,1984580,0.001403823
1992,MASSACHUSETTS,MA,US PRESIDENT,"CLINTON, BILL",DEMOCRAT,FALSE,1318639,2773664,0.475414109
1992,MASSACHUSETTS,MA,US PRESIDENT,"BUSH, GEORGE H.W.",REPUBLICAN,FALSE,805039,2773664,0.29024388
1992,MASSACHUSETTS,MA,US PRESIDENT,"PEROT, ROSS",INDEPENDENT,FALSE,630731,2773664,0.22739993
1992,MASSACHUSETTS,MA,US PRESIDENT,"MARROU, ANDRE",LIBERTARIAN,FALSE,9021,2773664,0.003252377
1992,MASSACHUSETTS,MA,US PRESIDENT,"FULANI, LENORA",NEW ALLIANCE,FALSE,3172,2773664,0.001143614
1992,MASSACHUSETTS,MA,US PRESIDENT,OTHER,INDEPENDENT VOTERS,FALSE,2218,2773664,0.000799664
1992,MASSACHUSETTS,MA,US PRESIDENT,OTHER,,FALSE,1990,2773664,0.000717463
1992,MASSACHUSETTS,MA,US PRESIDENT,"HAGELIN, JOHN",NATURAL LAW,FALSE,1812,2773664,0.000653287
1992,MASSACHUSETTS,MA,US PRESIDENT,"LAROUCHE, LYNDON, JR.",LAROUCHE FOR PRESIDENT PARTY,FALSE,1027,2773664,0.000370268
1992,MASSACHUSETTS,MA,US PRESIDENT,"BRISBEN, J. QUINN",SOCIALIST PARTY USA,FALSE,13,2773664,4.68694E-06
1992,MASSACHUSETTS,MA,US PRESIDENT,"DODGE, EARL",PROHIBITION,FALSE,2,2773664,7.21068E-07
1992,MICHIGAN,MI,US PRESIDENT,"CLINTON, BILL",DEMOCRAT,FALSE,1871182,4274673,0.437736875
1992,MICHIGAN,MI,US PRESIDENT,"BUSH, GEORGE H.W.",REPUBLICAN,FALSE,1554940,4274673,0.363756479
1992,MICHIGAN,MI,US PRESIDENT,"PEROT, ROSS",INDEPENDENT,FALSE,824813,4274673,0.192953473
1992,MICHIGAN,MI,US PRESIDENT,"MARROU, ANDRE",LIBERTARIAN,FALSE,10175,4274673,0.002380299
1992,MICHIGAN,MI,US PRESIDENT,"PHILLIPS, HOWARD",TISCH INDEPENDENT CITIZENS,FALSE,8263,4274673,0.001933013
1992,MICHIGAN,MI,US PRESIDENT,"HAGELIN, JOHN",NATURAL LAW,FALSE,2954,4274673,0.000691047
1992,MICHIGAN,MI,US PRESIDENT,"HALYARD, HELEN",WORKERS WORLD,FALSE,1432,4274673,0.000334996
1992,MICHIGAN,MI,US PRESIDENT,,,TRUE,914,4274673,0.000213818
1992,MINNESOTA,MN,US PRESIDENT,"CLINTON, BILL",DEMOCRAT,FALSE,1020997,2347948,0.434846513
1992,MINNESOTA,MN,US PRESIDENT,"BUSH, GEORGE H.W.",REPUBLICAN,FALSE,747841,2347948,0.318508332
1992,MINNESOTA,MN,US PRESIDENT,"PEROT, ROSS",INDEPENDENT,FALSE,562506,2347948,0.239573449
1992,MINNESOTA,MN,US PRESIDENT,"MARROU, ANDRE",LIBERTARIAN,FALSE,3374,2347948,0.001436999
1992,MINNESOTA,MN,US PRESIDENT,"GRITZ, JAMES """"BO""""",CONSTITUTION PARTY,FALSE,3363,2347948,0.001432315
1992,MINNESOTA,MN,US PRESIDENT,"HERER, JACK",GRASSROOTS,FALSE,2659,2347948,0.001132478
1992,MINNESOTA,MN,US PRESIDENT,,,TRUE,2499,2347948,0.001064334
1992,MINNESOTA,MN,US PRESIDENT,"HAGELIN, JOHN",NATURAL LAW,FALSE,1406,2347948,0.000598821
1992,MINNESOTA,MN,US PRESIDENT,"WARREN, JAMES """"MAC""""",SOCIALIST WORKERS,FALSE,990,2347948,0.000421645
1992,MINNESOTA,MN,US PRESIDENT,"FULANI, LENORA",NEW ALLIANCE,FALSE,958,2347948,0.000408016
1992,MINNESOTA,MN,US PRESIDENT,"PHILLIPS, HOWARD",TAXPAYERS PARTY,FALSE,733,2347948,0.000312187
1992,MINNESOTA,MN,US PRESIDENT,"LAROUCHE, LYNDON, JR.",INDEPENDENTS FOR ECONOMIC RECOVERY,FALSE,622,2347948,0.000264912
1992,MISSISSIPPI,MS,US PRESIDENT,"BUSH, GEORGE H.W.",REPUBLICAN,FALSE,487793,981793,0.496838947
1992,MISSISSIPPI,MS,US PRESIDENT,"CLINTON, BILL",DEMOCRAT,FALSE,400258,981793,0.407680641
1992,MISSISSIPPI,MS,US PRESIDENT,"PEROT, ROSS",INDEPENDENT,FALSE,85626,981793,0.087213904
1992,MISSISSIPPI,MS,US PRESIDENT,OTHER,INDEPENDENT,FALSE,4310,981793,0.004389927
1992,MISSISSIPPI,MS,US PRESIDENT,"MARROU, ANDRE",LIBERTARIAN,FALSE,2154,981793,0.002193945
1992,MISSISSIPPI,MS,US PRESIDENT,"PHILLIPS, HOWARD",TAXPAYERS PARTY,FALSE,1652,981793,0.001682636
1992,MISSOURI,MO,US PRESIDENT,"CLINTON, BILL",DEMOCRAT,FALSE,1053873,2391270,0.440716858
1992,MISSOURI,MO,US PRESIDENT,"BUSH, GEORGE H.W.",REPUBLICAN,FALSE,811159,2391270,0.339216818
1992,MISSOURI,MO,US PRESIDENT,"PEROT, ROSS",INDEPENDENT,FALSE,518741,2391270,0.21693117
1992,MISSOURI,MO,US PRESIDENT,"MARROU, ANDRE",LIBERTARIAN,FALSE,7497,2391270,0.003135154
1992,MONTANA,MT,US PRESIDENT,"CLINTON, BILL",DEMOCRAT,FALSE,154507,410583,0.376311245
1992,MONTANA,MT,US PRESIDENT,"BUSH, GEORGE H.W.",REPUBLICAN,FALSE,144207,410583,0.351224965
1992,MONTANA,MT,US PRESIDENT,"PEROT, ROSS",INDEPENDENT,FALSE,107225,410583,0.261153043
1992,MONTANA,MT,US PRESIDENT,OTHER,INDEPENDENT,FALSE,3658,410583,0.008909283
1992,MONTANA,MT,US PRESIDENT,"MARROU, ANDRE",LIBERTARIAN,FALSE,986,410583,0.002401463
1992,NEBRASKA,NE,US PRESIDENT,"BUSH, GEORGE H.W.",REPUBLICAN,FALSE,343678,737546,0.465975004
1992,NEBRASKA,NE,US PRESIDENT,"CLINTON, BILL",DEMOCRAT,FALSE,216864,737546,0.294034542
1992,NEBRASKA,NE,US PRESIDENT,"PEROT, ROSS",INDEPENDENT,FALSE,174104,737546,0.236058497
1992,NEBRASKA,NE,US PRESIDENT,OTHER,INDEPENDENT,FALSE,1560,737546,0.002115122
1992,NEBRASKA,NE,US PRESIDENT,"MARROU, ANDRE",LIBERTARIAN,FALSE,1340,737546,0.001816836
1992,NEVADA,NV,US PRESIDENT,"CLINTON, BILL",DEMOCRAT,FALSE,189148,506318,0.3735755
1992,NEVADA,NV,US PRESIDENT,"BUSH, GEORGE H.W.",REPUBLICAN,FALSE,175828,506318,0.347267923
1992,NEVADA,NV,US PRESIDENT,"PEROT, ROSS",INDEPENDENT,FALSE,132580,506318,0.261851248
1992,NEVADA,NV,US PRESIDENT,"GRITZ, JAMES """"BO""""",POPULIST,FALSE,2892,506318,0.005711825
1992,NEVADA,NV,US PRESIDENT,OTHER,,FALSE,2537,506318,0.005010685
1992,NEVADA,NV,US PRESIDENT,"MARROU, ANDRE",LIBERTARIAN,FALSE,1835,506318,0.003624205
1992,NEVADA,NV,US PRESIDENT,"PHILLIPS, HOWARD",INDEPENDENT AMERICAN,FALSE,677,506318,0.001337104
1992,NEVADA,NV,US PRESIDENT,"FULANI, LENORA",INDEPENDENT,FALSE,483,506318,0.000953946
1992,NEVADA,NV,US PRESIDENT,"HAGELIN, JOHN",NATURAL LAW,FALSE,338,506318,0.000667565
1992,NEW HAMPSHIRE,NH,US PRESIDENT,"CLINTON, BILL",DEMOCRAT,FALSE,209040,537215,0.389117951
1992,NEW HAMPSHIRE,NH,US PRESIDENT,"BUSH, GEORGE H.W.",REPUBLICAN,FALSE,202484,537215,0.376914271
1992,NEW HAMPSHIRE,NH,US PRESIDENT,"PEROT, ROSS",INDEPENDENT,FALSE,121337,537215,0.225863016
1992,NEW HAMPSHIRE,NH,US PRESIDENT,"MARROU, ANDRE",LIBERTARIAN,FALSE,3548,537215,0.006604432
1992,NEW HAMPSHIRE,NH,US PRESIDENT,"FULANI, LENORA",NEW ALLIANCE,FALSE,512,537215,0.000953063
1992,NEW HAMPSHIRE,NH,US PRESIDENT,"HAGELIN, JOHN",NATURAL LAW,FALSE,294,537215,0.000547267
1992,NEW JERSEY,NJ,US PRESIDENT,"CLINTON, BILL",DEMOCRAT,FALSE,1436206,3343594,0.429539591
1992,NEW JERSEY,NJ,US PRESIDENT,"BUSH, GEORGE H.W.",REPUBLICAN,FALSE,1356865,3343594,0.405810335
1992,NEW JERSEY,NJ,US PRESIDENT,"PEROT, ROSS",INDEPENDENT,FALSE,521829,3343594,0.156068291
1992,NEW JERSEY,NJ,US PRESIDENT,"MARROU, ANDRE",LIBERTARIAN,FALSE,6822,3343594,0.002040319
1992,NEW JERSEY,NJ,US PRESIDENT,"BRADFORD, DREW",INDEPENDENT,FALSE,4749,3343594,0.001420328
1992,NEW JERSEY,NJ,US PRESIDENT,"FULANI, LENORA",NEW ALLIANCE,FALSE,3513,3343594,0.001050666
1992,NEW JERSEY,NJ,US PRESIDENT,"PHILLIPS, HOWARD",TAXPAYERS PARTY,FALSE,2670,3343594,0.000798542
1992,NEW JERSEY,NJ,US PRESIDENT,"LAROUCHE, LYNDON, JR.",6 MILLION JOBS,FALSE,2095,3343594,0.000626571
1992,NEW JERSEY,NJ,US PRESIDENT,"WARREN, JAMES """"MAC""""",SOCIALIST WORKERS,FALSE,2011,3343594,0.000601449
1992,NEW JERSEY,NJ,US PRESIDENT,"DANIELS, RON",RON DANIELS INDEPENDENT,FALSE,1996,3343594,0.000596962
1992,NEW JERSEY,NJ,US PRESIDENT,"GRITZ, JAMES """"BO""""",AMERICA FIRST POPULIST,FALSE,1867,3343594,0.000558381
1992,NEW JERSEY,NJ,US PRESIDENT,"HAYLARD, HELEN",WORKERS LEAGUE,FALSE,1618,3343594,0.00048391
1992,NEW JERSEY,NJ,US PRESIDENT,"HAGELIN, JOHN",NATURAL LAW,FALSE,1353,3343594,0.000404654
1992,NEW MEXICO,NM,US PRESIDENT,"CLINTON, BILL",DEMOCRAT,FALSE,261617,569986,0.458988466
1992,NEW MEXICO,NM,US PRESIDENT,"BUSH, GEORGE H.W.",REPUBLICAN,FALSE,212824,569986,0.373384609
1992,NEW MEXICO,NM,US PRESIDENT,"PEROT, ROSS",INDEPENDENT,FALSE,91895,569986,0.161223258
1992,NEW MEXICO,NM,US PRESIDENT,"MARROU, ANDRE",LIBERTARIAN,FALSE,1615,569986,0.002833403
1992,NEW MEXICO,NM,US PRESIDENT,"PHILLIPS, HOWARD",TAXPAYERS PARTY,FALSE,620,569986,0.001087746
1992,NEW MEXICO,NM,US PRESIDENT,"HAGELIN, JOHN",NATURAL LAW,FALSE,562,569986,0.000985989
1992,NEW MEXICO,NM,US PRESIDENT,"FULANI, LENORA",NEW ALLIANCE,FALSE,369,569986,0.000647384
1992,NEW MEXICO,NM,US PRESIDENT,"WARREN, JAMES """"MAC""""",SOCIALIST WORKERS,FALSE,183,569986,0.000321061
1992,NEW MEXICO,NM,US PRESIDENT,"LA RIVA, GLORIA ESTELLA",WORKERS WORLD,FALSE,181,569986,0.000317552
1992,NEW MEXICO,NM,US PRESIDENT,"DODGE, EARL",PROHIBITION,FALSE,120,569986,0.000210531
1992,NEW YORK,NY,US PRESIDENT,"CLINTON, BILL",DEMOCRAT,FALSE,3346894,7079432,0.472763069
1992,NEW YORK,NY,US PRESIDENT,"BUSH, GEORGE H.W.",REPUBLICAN,FALSE,2041690,7079432,0.288397431
1992,NEW YORK,NY,US PRESIDENT,"PEROT, ROSS",INDEPENDENT,FALSE,1090721,7079432,0.154068999
1992,NEW YORK,NY,US PRESIDENT,"BUSH, GEORGE H.W.",CONSERVATIVE,FALSE,177000,7079432,0.025002006
1992,NEW YORK,NY,US PRESIDENT,BLANK VOTE/SCATTERING,,FALSE,152951,7079432,0.021604982
1992,NEW YORK,NY,US PRESIDENT,"BUSH, GEORGE H.W.",RIGHT-TO-LIFE,FALSE,127959,7079432,0.018074755
1992,NEW YORK,NY,US PRESIDENT,"CLINTON, BILL",LIBERAL PARTY,FALSE,97556,7079432,0.013780202
1992,NEW YORK,NY,US PRESIDENT,"WARREN, JAMES """"MAC""""",SOCIALIST WORKERS,FALSE,15472,7079432,0.002185486
1992,NEW YORK,NY,US PRESIDENT,"MARROU, ANDRE",LIBERTARIAN,FALSE,13451,7079432,0.001900011
1992,NEW YORK,NY,US PRESIDENT,"FULANI, LENORA",NEW ALLIANCE,FALSE,11318,7079432,0.001598716
1992,NEW YORK,NY,US PRESIDENT,"HAGELIN, JOHN",NATURAL LAW,FALSE,4420,7079432,0.000624344
1992,NORTH CAROLINA,NC,US PRESIDENT,"BUSH, GEORGE H.W.",REPUBLICAN,FALSE,1134661,2611850,0.434428087
1992,NORTH CAROLINA,NC,US PRESIDENT,"CLINTON, BILL",DEMOCRAT,FALSE,1114042,2611850,0.426533683
1992,NORTH CAROLINA,NC,US PRESIDENT,"PEROT, ROSS",INDEPENDENT,FALSE,357864,2611850,0.137015525
1992,NORTH CAROLINA,NC,US PRESIDENT,"MARROU, ANDRE",LIBERTARIAN,FALSE,5171,2611850,0.001979823
1992,NORTH CAROLINA,NC,US PRESIDENT,"FULANI, LENORA",NEW ALLIANCE,FALSE,59,2611850,2.25894E-05
1992,NORTH CAROLINA,NC,US PRESIDENT,"HAGELIN, JOHN",NATURAL LAW,FALSE,41,2611850,1.56977E-05
1992,NORTH CAROLINA,NC,US PRESIDENT,"WARREN, JAMES """"MAC""""",SOCIALIST WORKERS,FALSE,12,2611850,4.59444E-06
1992,NORTH DAKOTA,ND,US PRESIDENT,"BUSH, GEORGE H.W.",REPUBLICAN,FALSE,136244,308133,0.442159717
1992,NORTH DAKOTA,ND,US PRESIDENT,"CLINTON, BILL",DEMOCRAT,FALSE,99168,308133,0.321835052
1992,NORTH DAKOTA,ND,US PRESIDENT,"PEROT, ROSS",INDEPENDENT,FALSE,71084,308133,0.230692591
1992,NORTH DAKOTA,ND,US PRESIDENT,OTHER,,FALSE,1637,308133,0.005312641
1992,OHIO,OH,US PRESIDENT,"CLINTON, BILL",DEMOCRAT,FALSE,1984942,4939967,0.401812806
1992,OHIO,OH,US PRESIDENT,"BUSH, GEORGE H.W.",REPUBLICAN,FALSE,1894310,4939967,0.383466124
1992,OHIO,OH,US PRESIDENT,"PEROT, ROSS",INDEPENDENT,FALSE,1036426,4939967,0.209804236
1992,OHIO,OH,US PRESIDENT,OTHER,INDEPENDENT,FALSE,24247,4939967,0.004908332
1992,OHIO,OH,US PRESIDENT,,,TRUE,42,4939967,8.50208E-06
1992,OKLAHOMA,OK,US PRESIDENT,"BUSH, GEORGE H.W.",REPUBLICAN,FALSE,592929,1390359,0.426457483
1992,OKLAHOMA,OK,US PRESIDENT,"CLINTON, BILL",DEMOCRAT,FALSE,473066,1390359,0.340247375
1992,OKLAHOMA,OK,US PRESIDENT,"PEROT, ROSS",INDEPENDENT,FALSE,319878,1390359,0.230068637
1992,OKLAHOMA,OK,US PRESIDENT,"MARROU, ANDRE",LIBERTARIAN,FALSE,4486,1390359,0.003226505
1992,OREGON,OR,US PRESIDENT,"CLINTON, BILL",DEMOCRAT,FALSE,621314,1462643,0.424788551
1992,OREGON,OR,US PRESIDENT,"BUSH, GEORGE H.W.",REPUBLICAN,FALSE,475757,1462643,0.325272127
1992,OREGON,OR,US PRESIDENT,"PEROT, ROSS",INDEPENDENT,FALSE,354091,1462643,0.242089833
1992,OREGON,OR,US PRESIDENT,"MARROU, ANDRE",LIBERTARIAN,FALSE,4277,1462643,0.002924159
1992,OREGON,OR,US PRESIDENT,"FULANI, LENORA",NEW ALLIANCE,FALSE,3030,1462643,0.002071592
1992,OREGON,OR,US PRESIDENT,OTHER,,FALSE,2609,1462643,0.001783757
1992,OREGON,OR,US PRESIDENT,,,TRUE,1565,1462643,0.001069981
1992,PENNSYLVANIA,PA,US PRESIDENT,"CLINTON, BILL",DEMOCRAT,FALSE,2239164,4959810,0.451461649
1992,PENNSYLVANIA,PA,US PRESIDENT,"BUSH, GEORGE H.W.",REPUBLICAN,FALSE,1791841,4959810,0.361272105
1992,PENNSYLVANIA,PA,US PRESIDENT,"PEROT, ROSS",INDEPENDENT,FALSE,902667,4959810,0.181996286
1992,PENNSYLVANIA,PA,US PRESIDENT,"MARROU, ANDRE",LIBERTARIAN,FALSE,21477,4959810,0.004330206
1992,PENNSYLVANIA,PA,US PRESIDENT,"FULANI, LENORA",NEW ALLIANCE,FALSE,4661,4959810,0.000939754
1992,RHODE ISLAND,RI,US PRESIDENT,"CLINTON, BILL",DEMOCRAT,FALSE,213299,453365,0.470479636
1992,RHODE ISLAND,RI,US PRESIDENT,"BUSH, GEORGE H.W.",REPUBLICAN,FALSE,131601,453365,0.290276047
1992,RHODE ISLAND,RI,US PRESIDENT,"PEROT, ROSS",INDEPENDENT,FALSE,105045,453365,0.231700727
1992,RHODE ISLAND,RI,US PRESIDENT,"FULANI, LENORA",NEW ALLIANCE,FALSE,1878,453365,0.004142358
1992,RHODE ISLAND,RI,US PRESIDENT,"MARROU, ANDRE",LIBERTARIAN,FALSE,571,453365,0.001259471
1992,RHODE ISLAND,RI,US PRESIDENT,"LAROUCHE, LYNDON, JR.",INDEPENDENTS FOR LAROUCHE,FALSE,494,453365,0.00108963
1992,RHODE ISLAND,RI,US PRESIDENT,"HAGELIN, JOHN",NATURAL LAW,FALSE,262,453365,0.000577901
1992,RHODE ISLAND,RI,US PRESIDENT,"PHILLIPS, HOWARD",TAXPAYERS PARTY,FALSE,215,453365,0.000474232
1992,SOUTH CAROLINA,SC,US PRESIDENT,"BUSH, GEORGE H.W.",REPUBLICAN,FALSE,577507,1228912,0.469933567
1992,SOUTH CAROLINA,SC,US PRESIDENT,"CLINTON, BILL",DEMOCRAT,FALSE,525514,1228912,0.427625412
1992,SOUTH CAROLINA,SC,US PRESIDENT,"PEROT, ROSS",INDEPENDENT,FALSE,119257,1228912,0.09704275
1992,SOUTH CAROLINA,SC,US PRESIDENT,"MARROU, ANDRE",LIBERTARIAN,FALSE,2719,1228912,0.002212526
1992,SOUTH CAROLINA,SC,US PRESIDENT,"PHILLIPS, HOWARD",AMERICAN,FALSE,2680,1228912,0.002180791
1992,SOUTH CAROLINA,SC,US PRESIDENT,"FULANI, LENORA",UNITED CITIZENS,FALSE,1235,1228912,0.001004954
1992,SOUTH DAKOTA,SD,US PRESIDENT,"BUSH, GEORGE H.W.",REPUBLICAN,FALSE,136718,336254,0.406591446
1992,SOUTH DAKOTA,SD,US PRESIDENT,"CLINTON, BILL",DEMOCRAT,FALSE,124888,336254,0.371409708
1992,SOUTH DAKOTA,SD,US PRESIDENT,"PEROT, ROSS",INDEPENDENT,FALSE,73295,336254,0.217975102
1992,SOUTH DAKOTA,SD,US PRESIDENT,"MARROU, ANDRE",LIBERTARIAN,FALSE,814,336254,0.002420789
1992,SOUTH DAKOTA,SD,US PRESIDENT,OTHER,INDEPENDENT,FALSE,539,336254,0.001602955
1992,TENNESSEE,TN,US PRESIDENT,"CLINTON, BILL",DEMOCRAT,FALSE,933521,1982638,0.470847931
1992,TENNESSEE,TN,US PRESIDENT,"BUSH, GEORGE H.W.",REPUBLICAN,FALSE,841300,1982638,0.42433364
1992,TENNESSEE,TN,US PRESIDENT,"PEROT, ROSS",INDEPENDENT,FALSE,199968,1982638,0.100859562
1992,TENNESSEE,TN,US PRESIDENT,OTHER,INDEPENDENT,FALSE,7688,1982638,0.003877662
1992,TENNESSEE,TN,US PRESIDENT,,,TRUE,161,1982638,8.12049E-05
1992,TEXAS,TX,US PRESIDENT,"BUSH, GEORGE H.W.",REPUBLICAN,FALSE,2496071,6154018,0.405600211
1992,TEXAS,TX,US PRESIDENT,"CLINTON, BILL",DEMOCRAT,FALSE,2281815,6154018,0.370784583
1992,TEXAS,TX,US PRESIDENT,"PEROT, ROSS",INDEPENDENT,FALSE,1354781,6154018,0.220145765
1992,TEXAS,TX,US PRESIDENT,"MARROU, ANDRE",LIBERTARIAN,FALSE,19699,6154018,0.003200998
1992,TEXAS,TX,US PRESIDENT,,,TRUE,1652,6154018,0.000268443
1992,UTAH,UT,US PRESIDENT,"BUSH, GEORGE H.W.",REPUBLICAN,FALSE,322632,743998,0.433646327
1992,UTAH,UT,US PRESIDENT,"PEROT, ROSS",INDEPENDENT,FALSE,203400,743998,0.273387832
1992,UTAH,UT,US PRESIDENT,"CLINTON, BILL",DEMOCRAT,FALSE,183429,743998,0.246545018
1992,UTAH,UT,US PRESIDENT,"GRITZ, JAMES """"BO""""",POPULIST,FALSE,28602,743998,0.038443652
1992,UTAH,UT,US PRESIDENT,"MARROU, ANDRE",LIBERTARIAN,FALSE,1900,743998,0.00255377
1992,UTAH,UT,US PRESIDENT,"HAGELIN, JOHN",NATURAL LAW,FALSE,1319,743998,0.001772854
1992,UTAH,UT,US PRESIDENT,"LAROUCHE, LYNDON, JR.",INDEPENDENTS FOR ECONOMIC RECOVERY,FALSE,1089,743998,0.001463714
1992,UTAH,UT,US PRESIDENT,"FULANI, LENORA",NEW ALLIANCE,FALSE,414,743998,0.000556453
1992,UTAH,UT,US PRESIDENT,"PHILLIPS, HOWARD",TAXPAYERS PARTY,FALSE,393,743998,0.000528227
1992,UTAH,UT,US PRESIDENT,OTHER,AMERICAN,FALSE,292,743998,0.000392474
1992,UTAH,UT,US PRESIDENT,"WARREN, JAMES """"MAC""""",SOCIALIST WORKERS,FALSE,200,743998,0.000268818
1992,UTAH,UT,US PRESIDENT,"DANIELS, RON",CAMPAIGN FOR A NEW TOMORROW,FALSE,177,743998,0.000237904
1992,UTAH,UT,US PRESIDENT,"BRISBEN, J. QUINN",SOCIALIST WORKERS,FALSE,151,743998,0.000202958
1992,VERMONT,VT,US PRESIDENT,"CLINTON, BILL",DEMOCRAT,FALSE,133592,289701,0.461137518
1992,VERMONT,VT,US PRESIDENT,"BUSH, GEORGE H.W.",REPUBLICAN,FALSE,88122,289701,0.304182588
1992,VERMONT,VT,US PRESIDENT,"PEROT, ROSS",INDEPENDENT,FALSE,65991,289701,0.227790032
1992,VERMONT,VT,US PRESIDENT,"MARROU, ANDRE",LIBERTARIAN,FALSE,501,289701,0.001729369
1992,VERMONT,VT,US PRESIDENT,,,TRUE,488,289701,0.001684495
1992,VERMONT,VT,US PRESIDENT,OTHER,LIBERTY UNION PARTY,FALSE,329,289701,0.001135654
1992,VERMONT,VT,US PRESIDENT,"HAGELIN, JOHN",NATURAL LAW,FALSE,315,289701,0.001087328
1992,VERMONT,VT,US PRESIDENT,"PHILLIPS, HOWARD",TAXPAYERS PARTY,FALSE,124,289701,0.000428028
1992,VERMONT,VT,US PRESIDENT,"FULANI, LENORA",NEW ALLIANCE,FALSE,100,289701,0.000345183
1992,VERMONT,VT,US PRESIDENT,"WARREN, JAMES """"MAC""""",SOCIALIST WORKERS,FALSE,82,289701,0.00028305
1992,VERMONT,VT,US PRESIDENT,"LAROUCHE, LYNDON, JR.",FREEDOM FOR LAROUCHE,FALSE,57,289701,0.000196755
1992,VIRGINIA,VA,US PRESIDENT,"BUSH, GEORGE H.W.",REPUBLICAN,FALSE,1150517,2559129,0.449573664
1992,VIRGINIA,VA,US PRESIDENT,"CLINTON, BILL",DEMOCRAT,FALSE,1038650,2559129,0.405860744
1992,VIRGINIA,VA,US PRESIDENT,"PEROT, ROSS",INDEPENDENT,FALSE,348639,2559129,0.136233461
1992,VIRGINIA,VA,US PRESIDENT,OTHER,INDEPENDENT,FALSE,15129,2559129,0.005911777
1992,VIRGINIA,VA,US PRESIDENT,"MARROU, ANDRE",LIBERTARIAN,FALSE,5730,2559129,0.002239043
1992,VIRGINIA,VA,US PRESIDENT,,,TRUE,464,2559129,0.000181312
1992,WASHINGTON,WA,US PRESIDENT,"CLINTON, BILL",DEMOCRAT,FALSE,993037,2287565,0.4341022
1992,WASHINGTON,WA,US PRESIDENT,"BUSH, GEORGE H.W.",REPUBLICAN,FALSE,731234,2287565,0.319656053
1992,WASHINGTON,WA,US PRESIDENT,"PEROT, ROSS",INDEPENDENT,FALSE,541780,2287565,0.236836986
1992,WASHINGTON,WA,US PRESIDENT,"MARROU, ANDRE",LIBERTARIAN,FALSE,7533,2287565,0.003293021
1992,WASHINGTON,WA,US PRESIDENT,"GRITZ, JAMES """"BO""""",POPULIST,FALSE,4854,2287565,0.002121907
1992,WASHINGTON,WA,US PRESIDENT,"HAGELIN, JOHN",NATURAL LAW,FALSE,2456,2287565,0.001073631
1992,WASHINGTON,WA,US PRESIDENT,"PHILLIPS, HOWARD",TAXPAYERS PARTY,FALSE,2354,2287565,0.001029042
1992,WASHINGTON,WA,US PRESIDENT,OTHER,INDEPENDENT,FALSE,2026,2287565,0.000885658
1992,WASHINGTON,WA,US PRESIDENT,"FULANI, LENORA",NEW ALLIANCE,FALSE,1776,2287565,0.000776371
1992,WASHINGTON,WA,US PRESIDENT,"WARREN, JAMES """"MAC""""",SOCIALIST WORKERS,FALSE,515,2287565,0.00022513
1992,WEST VIRGINIA,WV,US PRESIDENT,"CLINTON, BILL",DEMOCRAT,FALSE,331001,683677,0.484148216
1992,WEST VIRGINIA,WV,US PRESIDENT,"BUSH, GEORGE H.W.",REPUBLICAN,FALSE,241974,683677,0.353930292
1992,WEST VIRGINIA,WV,US PRESIDENT,"PEROT, ROSS",INDEPENDENT,FALSE,108829,683677,0.159181894
1992,WEST VIRGINIA,WV,US PRESIDENT,"MARROU, ANDRE",LIBERTARIAN,FALSE,1873,683677,0.002739598
1992,WISCONSIN,WI,US PRESIDENT,"CLINTON, BILL",DEMOCRAT,FALSE,1041066,2531064,0.411315557
1992,WISCONSIN,WI,US PRESIDENT,"BUSH, GEORGE H.W.",REPUBLICAN,FALSE,930855,2531064,0.36777221
1992,WISCONSIN,WI,US PRESIDENT,"PEROT, ROSS",INDEPENDENT,FALSE,544479,2531064,0.215118622
1992,WISCONSIN,WI,US PRESIDENT,OTHER,INDEPENDENT,FALSE,7518,2531064,0.002970292
1992,WISCONSIN,WI,US PRESIDENT,"MARROU, ANDRE",LIBERTARIAN,FALSE,2877,2531064,0.001136676
1992,WISCONSIN,WI,US PRESIDENT,"DANIELS, RON",LABOR-FARM-LABORISTA-AGRARIO,FALSE,1833,2531064,0.000724201
1992,WISCONSIN,WI,US PRESIDENT,"HAGELIN, JOHN",NATURAL LAW,FALSE,1070,2531064,0.000422747
1992,WISCONSIN,WI,US PRESIDENT,BLANK VOTE/SCATTERING,,FALSE,961,2531064,0.000379682
1992,WISCONSIN,WI,US PRESIDENT,"HEM, ROLAND",THIRD PARTY,FALSE,405,2531064,0.000160012
1992,WYOMING,WY,US PRESIDENT,"BUSH, GEORGE H.W.",REPUBLICAN,FALSE,79347,199884,0.39696524
1992,WYOMING,WY,US PRESIDENT,"CLINTON, BILL",DEMOCRAT,FALSE,68160,199884,0.340997779
1992,WYOMING,WY,US PRESIDENT,"PEROT, ROSS",INDEPENDENT,FALSE,51263,199884,0.256463749
1992,WYOMING,WY,US PRESIDENT,"MARROU, ANDRE",LIBERTARIAN,FALSE,844,199884,0.004222449
1992,WYOMING,WY,US PRESIDENT,"FULANI, LENORA",INDEPENDENT,FALSE,270,199884,0.001350783
1996,ALABAMA,AL,US PRESIDENT,"DOLE, ROBERT",REPUBLICAN,FALSE,769044,1534349,0.501218432
1996,ALABAMA,AL,US PRESIDENT,"CLINTON, BILL",DEMOCRAT,FALSE,662165,1534349,0.431560877
1996,ALABAMA,AL,US PRESIDENT,,INDEPENDENT,FALSE,95030,1534349,0.061935062
1996,ALABAMA,AL,US PRESIDENT,"BROWNE, HARRY",LIBERTARIAN,FALSE,5290,1534349,0.003447716
1996,ALABAMA,AL,US PRESIDENT,"HAGELIN, JOHN",NATURAL LAW,FALSE,1697,1534349,0.001106007
1996,ALABAMA,AL,US PRESIDENT,,,TRUE,1123,1534349,0.000731906
1996,ALASKA,AK,US PRESIDENT,"DOLE, ROBERT",REPUBLICAN,FALSE,122746,241620,0.508012582
1996,ALASKA,AK,US PRESIDENT,"CLINTON, BILL",DEMOCRAT,FALSE,80380,241620,0.332671136
1996,ALASKA,AK,US PRESIDENT,"PEROT, ROSS",REFORM PARTY,FALSE,26333,241620,0.108985183
1996,ALASKA,AK,US PRESIDENT,"NADER, RALPH",GREEN,FALSE,7597,241620,0.031441934
1996,ALASKA,AK,US PRESIDENT,"BROWNE, HARRY",LIBERTARIAN,FALSE,2276,241620,0.00941975
1996,ALASKA,AK,US PRESIDENT,"PHILLIPS, HOWARD",U.S. TAXPAYERS PARTY,FALSE,925,241620,0.003828325
1996,ALASKA,AK,US PRESIDENT,"HAGELIN, JOHN",NATURAL LAW,FALSE,729,241620,0.003017134
1996,ALASKA,AK,US PRESIDENT,,,TRUE,634,241620,0.002623955
1996,ARIZONA,AZ,US PRESIDENT,"CLINTON, BILL",DEMOCRAT,FALSE,653288,1404405,0.465170659
1996,ARIZONA,AZ,US PRESIDENT,"DOLE, ROBERT",REPUBLICAN,FALSE,622073,1404405,0.442944165
1996,ARIZONA,AZ,US PRESIDENT,"PEROT, ROSS",REFORM PARTY,FALSE,112072,1404405,0.079800342
1996,ARIZONA,AZ,US PRESIDENT,"BROWNE, HARRY",LIBERTARIAN,FALSE,14358,1404405,0.010223547
1996,ARIZONA,AZ,US PRESIDENT,,,TRUE,2573,1404405,0.001832093
1996,ARIZONA,AZ,US PRESIDENT,OTHER,,FALSE,41,1404405,2.91939E-05
1996,ARKANSAS,AR,US PRESIDENT,"CLINTON, BILL",DEMOCRAT,FALSE,475171,884262,0.537364492
1996,ARKANSAS,AR,US PRESIDENT,"DOLE, ROBERT",REPUBLICAN,FALSE,325416,884262,0.368008577
1996,ARKANSAS,AR,US PRESIDENT,"PEROT, ROSS",REFORM PARTY,FALSE,69884,884262,0.079030875
1996,ARKANSAS,AR,US PRESIDENT,"NADER, RALPH",GREEN,FALSE,3649,884262,0.004126605
1996,ARKANSAS,AR,US PRESIDENT,"BROWNE, HARRY",LIBERTARIAN,FALSE,3076,884262,0.003478607
1996,ARKANSAS,AR,US PRESIDENT,"PHILLIPS, HOWARD",U.S. TAXPAYERS PARTY,FALSE,2065,884262,0.002335281
1996,ARKANSAS,AR,US PRESIDENT,"FORBES, RALPH",AMERICA FIRST,FALSE,932,884262,0.001053986
1996,ARKANSAS,AR,US PRESIDENT,"COLLINS, CHARLES",UNAFFILIATED,FALSE,823,884262,0.00093072
1996,ARKANSAS,AR,US PRESIDENT,"MASTERS, ISABELL",LOOKING BACK PARTY,FALSE,749,884262,0.000847034
1996,ARKANSAS,AR,US PRESIDENT,"MOOREHEAD, MONICA",WORKERS WORLD,FALSE,747,884262,0.000844772
1996,ARKANSAS,AR,US PRESIDENT,"HAGELIN, JOHN",NATURAL LAW,FALSE,729,884262,0.000824416
1996,ARKANSAS,AR,US PRESIDENT,"HOLLIS, MARY CAL",SOCIALIST,FALSE,538,884262,0.000608417
1996,ARKANSAS,AR,US PRESIDENT,"DODGE, EARL",PROHIBITION,FALSE,483,884262,0.000546218
1996,CALIFORNIA,CA,US PRESIDENT,"CLINTON, BILL",DEMOCRAT,FALSE,5119835,10019469,0.510988656
1996,CALIFORNIA,CA,US PRESIDENT,"DOLE, ROBERT",REPUBLICAN,FALSE,3828381,10019469,0.382094201
1996,CALIFORNIA,CA,US PRESIDENT,"PEROT, ROSS",REFORM PARTY,FALSE,697847,10019469,0.0696491
1996,CALIFORNIA,CA,US PRESIDENT,"NADER, RALPH",GREEN,FALSE,237016,10019469,0.023655545
1996,CALIFORNIA,CA,US PRESIDENT,"BROWNE, HARRY",LIBERTARIAN,FALSE,73600,10019469,0.007345699
1996,CALIFORNIA,CA,US PRESIDENT,"FEINLAND, MARSHA",PEACE & FREEDOM,FALSE,25332,10019469,0.002528278
1996,CALIFORNIA,CA,US PRESIDENT,"PHILLIPS, HOWARD",AMERICAN INDEPENDENT PARTY,FALSE,21202,10019469,0.00211608
1996,CALIFORNIA,CA,US PRESIDENT,"HAGELIN, JOHN",NATURAL LAW,FALSE,15403,10019469,0.001537307
1996,CALIFORNIA,CA,US PRESIDENT,,,TRUE,853,10019469,8.51343E-05
1996,COLORADO,CO,US PRESIDENT,"DOLE, ROBERT",REPUBLICAN,FALSE,691848,1510702,0.457964575
1996,COLORADO,CO,US PRESIDENT,"CLINTON, BILL",DEMOCRAT,FALSE,671152,1510702,0.444264984
1996,COLORADO,CO,US PRESIDENT,"PEROT, ROSS",REFORM PARTY,FALSE,99629,1510702,0.065948811
1996,COLORADO,CO,US PRESIDENT,"NADER, RALPH",GREEN,FALSE,25070,1510702,0.016594934
1996,COLORADO,CO,US PRESIDENT,"BROWNE, HARRY",LIBERTARIAN,FALSE,12392,1510702,0.008202809
1996,COLORADO,CO,US PRESIDENT,"PHILLIPS, HOWARD",CONSTITUTION PARTY,FALSE,2813,1510702,0.001862048
1996,COLORADO,CO,US PRESIDENT,"COLLINS, CHARLES",INDEPENDENT,FALSE,2809,1510702,0.0018594
1996,COLORADO,CO,US PRESIDENT,"HAGELIN, JOHN",NATURAL LAW,FALSE,2545,1510702,0.001684647
1996,COLORADO,CO,US PRESIDENT,"HOLLIS, MARY CAL",SOCIALIST,FALSE,669,1510702,0.00044284
1996,COLORADO,CO,US PRESIDENT,"MOOREHEAD, MONICA",WORKERS WORLD,FALSE,599,1510702,0.000396504
1996,COLORADO,CO,US PRESIDENT,"TEMPLIN, DIANE",AMERICAN,FALSE,557,1510702,0.000368703
1996,COLORADO,CO,US PRESIDENT,"DODGE, EARL",PROHIBITION,FALSE,375,1510702,0.000248229
1996,COLORADO,CO,US PRESIDENT,"HARRIS, JAMES",SOCIALIST WORKERS,FALSE,244,1510702,0.000161514
1996,CONNECTICUT,CT,US PRESIDENT,"CLINTON, BILL",DEMOCRAT,FALSE,735740,1392614,0.528315815
1996,CONNECTICUT,CT,US PRESIDENT,"DOLE, ROBERT",REPUBLICAN,FALSE,483109,1392614,0.346908045
1996,CONNECTICUT,CT,US PRESIDENT,"PEROT, ROSS",REFORM PARTY,FALSE,139523,1392614,0.100187848
1996,CONNECTICUT,CT,US PRESIDENT,"NADER, RALPH",GREEN,FALSE,24321,1392614,0.017464279
1996,CONNECTICUT,CT,US PRESIDENT,"BROWNE, HARRY",LIBERTARIAN,FALSE,5788,1392614,0.004156213
1996,CONNECTICUT,CT,US PRESIDENT,"PHILLIPS, HOWARD",CONCERNED CITIZENS,FALSE,2425,1392614,0.00174133
1996,CONNECTICUT,CT,US PRESIDENT,"HAGELIN, JOHN",NATURAL LAW,FALSE,1703,1392614,0.00122288
1996,CONNECTICUT,CT,US PRESIDENT,,,TRUE,5,1392614,3.59037E-06
1996,DELAWARE,DE,US PRESIDENT,"CLINTON, BILL",DEMOCRAT,FALSE,140355,270810,0.518278498
1996,DELAWARE,DE,US PRESIDENT,"DOLE, ROBERT",REPUBLICAN,FALSE,99062,270810,0.3657989
1996,DELAWARE,DE,US PRESIDENT,"PEROT, ROSS",UNAFFILIATED,FALSE,28719,270810,0.106048521
1996,DELAWARE,DE,US PRESIDENT,"BROWNE, HARRY",LIBERTARIAN,FALSE,2052,270810,0.007577268
1996,DELAWARE,DE,US PRESIDENT,"PHILLIPS, HOWARD",U.S. TAXPAYERS PARTY,FALSE,348,270810,0.001285034
1996,DELAWARE,DE,US PRESIDENT,"HAGELIN, JOHN",NATURAL LAW,FALSE,274,270810,0.001011779
1996,DISTRICT OF COLUMBIA,DC,US PRESIDENT,"CLINTON, BILL",DEMOCRAT,FALSE,158220,185726,0.851900111
1996,DISTRICT OF COLUMBIA,DC,US PRESIDENT,"DOLE, ROBERT",REPUBLICAN,FALSE,17339,185726,0.093357957
1996,DISTRICT OF COLUMBIA,DC,US PRESIDENT,"NADER, RALPH",GREEN,FALSE,4780,185726,0.025736838
1996,DISTRICT OF COLUMBIA,DC,US PRESIDENT,"PEROT, ROSS",REFORM PARTY,FALSE,3611,185726,0.01944262
1996,DISTRICT OF COLUMBIA,DC,US PRESIDENT,,,TRUE,648,185726,0.003489011
1996,DISTRICT OF COLUMBIA,DC,US PRESIDENT,"BROWNE, HARRY",LIBERTARIAN,FALSE,588,185726,0.003165954
1996,DISTRICT OF COLUMBIA,DC,US PRESIDENT,"HAGELIN, JOHN",NATURAL LAW,FALSE,283,185726,0.00152375
1996,DISTRICT OF COLUMBIA,DC,US PRESIDENT,"HARRIS, JAMES",SOCIALIST WORKERS,FALSE,257,185726,0.001383759
1996,FLORIDA,FL,US PRESIDENT,"CLINTON, BILL",DEMOCRAT,FALSE,2546870,5303154,0.480255712
1996,FLORIDA,FL,US PRESIDENT,"DOLE, ROBERT",REPUBLICAN,FALSE,2244536,5303154,0.423245487
1996,FLORIDA,FL,US PRESIDENT,"PEROT, ROSS",REFORM PARTY,FALSE,483870,5303154,0.091241929
1996,FLORIDA,FL,US PRESIDENT,"BROWNE, HARRY",LIBERTARIAN,FALSE,23326,5303154,0.004398515
1996,FLORIDA,FL,US PRESIDENT,,,TRUE,4552,5303154,0.000858357
1996,GEORGIA,GA,US PRESIDENT,"DOLE, ROBERT",REPUBLICAN,FALSE,1080843,2298899,0.470156801
1996,GEORGIA,GA,US PRESIDENT,"CLINTON, BILL",DEMOCRAT,FALSE,1053849,2298899,0.458414658
1996,GEORGIA,GA,US PRESIDENT,"PEROT, ROSS",REFORM PARTY,FALSE,146337,2298899,0.063655254
1996,GEORGIA,GA,US PRESIDENT,"BROWNE, HARRY",LIBERTARIAN,FALSE,17870,2298899,0.007773286
1996,HAWAII,HI,US PRESIDENT,"CLINTON, BILL",DEMOCRAT,FALSE,205012,360120,0.569288015
1996,HAWAII,HI,US PRESIDENT,"DOLE, ROBERT",REPUBLICAN,FALSE,113943,360120,0.316402866
1996,HAWAII,HI,US PRESIDENT,"PEROT, ROSS",REFORM PARTY,FALSE,27358,360120,0.075969121
1996,HAWAII,HI,US PRESIDENT,"NADER, RALPH",GREEN,FALSE,10386,360120,0.028840387
1996,HAWAII,HI,US PRESIDENT,"BROWNE, HARRY",LIBERTARIAN,FALSE,2493,360120,0.006922692
1996,HAWAII,HI,US PRESIDENT,"HAGELIN, JOHN",NATURAL LAW,FALSE,570,360120,0.001582806
1996,HAWAII,HI,US PRESIDENT,"PHILLIPS, HOWARD",U.S. TAXPAYERS PARTY,FALSE,358,360120,0.000994113
1996,IDAHO,ID,US PRESIDENT,"DOLE, ROBERT",REPUBLICAN,FALSE,256595,491711,0.521841081
1996,IDAHO,ID,US PRESIDENT,"CLINTON, BILL",DEMOCRAT,FALSE,165443,491711,0.336463899
1996,IDAHO,ID,US PRESIDENT,"PEROT, ROSS",REFORM PARTY,FALSE,62518,491711,0.12714379
1996,IDAHO,ID,US PRESIDENT,"BROWNE, HARRY",LIBERTARIAN,FALSE,3325,491711,0.006762102
1996,IDAHO,ID,US PRESIDENT,"PHILLIPS, HOWARD",U.S. TAXPAYERS PARTY,FALSE,2230,491711,0.004535184
1996,IDAHO,ID,US PRESIDENT,"HAGELIN, JOHN",NATURAL LAW,FALSE,1600,491711,0.003253944
1996,ILLINOIS,IL,US PRESIDENT,"CLINTON, BILL",DEMOCRAT,FALSE,2341744,4311391,0.543152778
1996,ILLINOIS,IL,US PRESIDENT,"DOLE, ROBERT",REPUBLICAN,FALSE,1587021,4311391,0.36809953
1996,ILLINOIS,IL,US PRESIDENT,"PEROT, ROSS",REFORM PARTY,FALSE,346408,4311391,0.080347155
1996,ILLINOIS,IL,US PRESIDENT,"BROWNE, HARRY",LIBERTARIAN,FALSE,22548,4311391,0.005229867
1996,ILLINOIS,IL,US PRESIDENT,"PHILLIPS, HOWARD",U.S. TAXPAYERS PARTY,FALSE,7606,4311391,0.001764164
1996,ILLINOIS,IL,US PRESIDENT,"HAGELIN, JOHN",NATURAL LAW,FALSE,4606,4311391,0.001068333
1996,ILLINOIS,IL,US PRESIDENT,,,TRUE,1458,4311391,0.000338174
1996,INDIANA,IN,US PRESIDENT,"DOLE, ROBERT",REPUBLICAN,FALSE,1006693,2135431,0.471423802
1996,INDIANA,IN,US PRESIDENT,"CLINTON, BILL",DEMOCRAT,FALSE,887424,2135431,0.415571376
1996,INDIANA,IN,US PRESIDENT,"PEROT, ROSS",REFORM PARTY,FALSE,224299,2135431,0.105036875
1996,INDIANA,IN,US PRESIDENT,"BROWNE, HARRY",LIBERTARIAN,FALSE,15632,2135431,0.007320302
1996,INDIANA,IN,US PRESIDENT,,,TRUE,1383,2135431,0.000647644
1996,IOWA,IA,US PRESIDENT,"CLINTON, BILL",DEMOCRAT,FALSE,620258,1234075,0.502609647
1996,IOWA,IA,US PRESIDENT,"DOLE, ROBERT",REPUBLICAN,FALSE,492644,1234075,0.399201021
1996,IOWA,IA,US PRESIDENT,"PEROT, ROSS",REFORM PARTY,FALSE,105159,1234075,0.085212811
1996,IOWA,IA,US PRESIDENT,"NADER, RALPH",GREEN,FALSE,6550,1234075,0.005307619
1996,IOWA,IA,US PRESIDENT,"HAGELIN, JOHN",NATURAL LAW,FALSE,3349,1234075,0.002713773
1996,IOWA,IA,US PRESIDENT,"BROWNE, HARRY",LIBERTARIAN,FALSE,2315,1234075,0.001875899
1996,IOWA,IA,US PRESIDENT,"PHILLIPS, HOWARD",U.S. TAXPAYERS PARTY,FALSE,2229,1234075,0.001806211
1996,IOWA,IA,US PRESIDENT,SCATTERING,,FALSE,1240,1234075,0.001004801
1996,IOWA,IA,US PRESIDENT,"HARRIS, JAMES",SOCIALIST WORKERS,FALSE,331,1234075,0.000268217
1996,KANSAS,KS,US PRESIDENT,"DOLE, ROBERT",REPUBLICAN,FALSE,583245,1074300,0.542907009
1996,KANSAS,KS,US PRESIDENT,"CLINTON, BILL",DEMOCRAT,FALSE,387659,1074300,0.360847994
1996,KANSAS,KS,US PRESIDENT,"PEROT, ROSS",REFORM PARTY,FALSE,92639,1074300,0.086231965
1996,KANSAS,KS,US PRESIDENT,,INDEPENDENT,FALSE,5174,1074300,0.004816159
1996,KANSAS,KS,US PRESIDENT,"BROWNE, HARRY",LIBERTARIAN,FALSE,4557,1074300,0.004241832
1996,KANSAS,KS,US PRESIDENT,,,TRUE,1026,1074300,0.00095504
1996,KENTUCKY,KY,US PRESIDENT,"CLINTON, BILL",DEMOCRAT,FALSE,636614,1388708,0.458421785
1996,KENTUCKY,KY,US PRESIDENT,"DOLE, ROBERT",REPUBLICAN,FALSE,623283,1388708,0.448822215
1996,KENTUCKY,KY,US PRESIDENT,"PEROT, ROSS",REFORM PARTY,FALSE,120396,1388708,0.086696411
1996,KENTUCKY,KY,US PRESIDENT,"BROWNE, HARRY",LIBERTARIAN,FALSE,4009,1388708,0.002886856
1996,KENTUCKY,KY,US PRESIDENT,"PHILLIPS, HOWARD",U.S. TAXPAYERS PARTY,FALSE,2204,1388708,0.001587087
1996,KENTUCKY,KY,US PRESIDENT,"HAGELIN, JOHN",NATURAL LAW,FALSE,1493,1388708,0.0010751
1996,KENTUCKY,KY,US PRESIDENT,,,TRUE,709,1388708,0.000510546
1996,LOUISIANA,LA,US PRESIDENT,"CLINTON, BILL",DEMOCRAT,FALSE,927837,1783959,0.520099957
1996,LOUISIANA,LA,US PRESIDENT,"DOLE, ROBERT",REPUBLICAN,FALSE,712586,1783959,0.399440794
1996,LOUISIANA,LA,US PRESIDENT,"PEROT, ROSS",REFORM PARTY,FALSE,123293,1783959,0.069112014
1996,LOUISIANA,LA,US PRESIDENT,"BROWNE, HARRY",LIBERTARIAN,FALSE,7499,1783959,0.004203572
1996,LOUISIANA,LA,US PRESIDENT,"NADER, RALPH","LIBERTY, ECOLOGY, COMMUNITY",FALSE,4719,1783959,0.00264524
1996,LOUISIANA,LA,US PRESIDENT,"PHILLIPS, HOWARD",U.S. TAXPAYERS PARTY,FALSE,3366,1783959,0.001886815
1996,LOUISIANA,LA,US PRESIDENT,"HAGELIN, JOHN",NATURAL LAW,FALSE,2981,1783959,0.001671003
1996,LOUISIANA,LA,US PRESIDENT,"MOOREHEAD, MONICA",WORKERS WORLD,FALSE,1678,1783959,0.000940605
1996,MAINE,ME,US PRESIDENT,"CLINTON, BILL",DEMOCRAT,FALSE,312788,605897,0.516239559
1996,MAINE,ME,US PRESIDENT,"DOLE, ROBERT",REPUBLICAN,FALSE,186378,605897,0.307606738
1996,MAINE,ME,US PRESIDENT,"PEROT, ROSS",REFORM PARTY,FALSE,85970,605897,0.141888803
1996,MAINE,ME,US PRESIDENT,"NADER, RALPH",GREEN,FALSE,15279,605897,0.025217157
1996,MAINE,ME,US PRESIDENT,"BROWNE, HARRY",LIBERTARIAN,FALSE,2996,605897,0.004944735
1996,MAINE,ME,US PRESIDENT,"PHILLIPS, HOWARD",U.S. TAXPAYERS PARTY,FALSE,1517,605897,0.002503726
1996,MAINE,ME,US PRESIDENT,"HAGELIN, JOHN",NATURAL LAW,FALSE,825,605897,0.001361618
1996,MAINE,ME,US PRESIDENT,OTHER,,FALSE,144,605897,0.000237664
1996,MARYLAND,MD,US PRESIDENT,"CLINTON, BILL",DEMOCRAT,FALSE,966207,1780870,0.542547744
1996,MARYLAND,MD,US PRESIDENT,"DOLE, ROBERT",REPUBLICAN,FALSE,681530,1780870,0.382694975
1996,MARYLAND,MD,US PRESIDENT,"PEROT, ROSS",REFORM PARTY,FALSE,115812,1780870,0.065031136
1996,MARYLAND,MD,US PRESIDENT,"BROWNE, HARRY",LIBERTARIAN,FALSE,8765,1780870,0.004921752
1996,MARYLAND,MD,US PRESIDENT,"PHILLIPS, HOWARD",U.S. TAXPAYERS PARTY,FALSE,3402,1780870,0.001910302
1996,MARYLAND,MD,US PRESIDENT,,,TRUE,2637,1780870,0.001480737
1996,MARYLAND,MD,US PRESIDENT,"HAGELIN, JOHN",NATURAL LAW,FALSE,2517,1780870,0.001413354
1996,MASSACHUSETTS,MA,US PRESIDENT,"CLINTON, BILL",DEMOCRAT,FALSE,1571509,2556459,0.614720987
1996,MASSACHUSETTS,MA,US PRESIDENT,"DOLE, ROBERT",REPUBLICAN,FALSE,718058,2556459,0.28087992
1996,MASSACHUSETTS,MA,US PRESIDENT,"PEROT, ROSS",REFORM PARTY,FALSE,227206,2556459,0.088875276
1996,MASSACHUSETTS,MA,US PRESIDENT,"BROWNE, HARRY",LIBERTARIAN,FALSE,20424,2556459,0.007989176
1996,MASSACHUSETTS,MA,US PRESIDENT,OTHER,,FALSE,6180,2556459,0.002417406
1996,MASSACHUSETTS,MA,US PRESIDENT,"HAGELIN, JOHN",NATURAL LAW,FALSE,5183,2556459,0.002027414
1996,MASSACHUSETTS,MA,US PRESIDENT,,,TRUE,4623,2556459,0.001808361
1996,MASSACHUSETTS,MA,US PRESIDENT,"MOOREHEAD, MONICA",WORKERS WORLD,FALSE,3276,2556459,0.00128146
1996,MICHIGAN,MI,US PRESIDENT,"CLINTON, BILL",DEMOCRAT,FALSE,1989653,3848844,0.516948206
1996,MICHIGAN,MI,US PRESIDENT,"DOLE, ROBERT",REPUBLICAN,FALSE,1481212,3848844,0.384845943
1996,MICHIGAN,MI,US PRESIDENT,"PEROT, ROSS",REFORM PARTY,FALSE,336670,3848844,0.087473018
1996,MICHIGAN,MI,US PRESIDENT,"BROWNE, HARRY",LIBERTARIAN,FALSE,27670,3848844,0.007189172
1996,MICHIGAN,MI,US PRESIDENT,,,TRUE,4678,3848844,0.00121543
1996,MICHIGAN,MI,US PRESIDENT,"HAGELIN, JOHN",NATURAL LAW,FALSE,4254,3848844,0.001105267
1996,MICHIGAN,MI,US PRESIDENT,"MOOREHEAD, MONICA",WORKERS WORLD,FALSE,3153,3848844,0.000819207
1996,MICHIGAN,MI,US PRESIDENT,"WHITE, JEROME """"JERRY""""",SOCIALIST EQUALITY PARTY,FALSE,1554,3848844,0.000403758
1996,MINNESOTA,MN,US PRESIDENT,"CLINTON, BILL",DEMOCRAT,FALSE,1120380,2192492,0.511007566
1996,MINNESOTA,MN,US PRESIDENT,"DOLE, ROBERT",REPUBLICAN,FALSE,766395,2192492,0.349554297
1996,MINNESOTA,MN,US PRESIDENT,"PEROT, ROSS",REFORM PARTY,FALSE,257698,2192492,0.117536575
1996,MINNESOTA,MN,US PRESIDENT,"NADER, RALPH",GREEN,FALSE,24906,2192492,0.011359677
1996,MINNESOTA,MN,US PRESIDENT,"BROWNE, HARRY",LIBERTARIAN,FALSE,8271,2192492,0.00377242
1996,MINNESOTA,MN,US PRESIDENT,"PERON, DENNIS",GRASSROOTS,FALSE,4898,2192492,0.002233988
1996,MINNESOTA,MN,US PRESIDENT,"PHILLIPS, HOWARD",U.S. TAXPAYERS PARTY,FALSE,3415,2192492,0.001557588
1996,MINNESOTA,MN,US PRESIDENT,,,TRUE,2903,2192492,0.001324064
1996,MINNESOTA,MN,US PRESIDENT,"HAGELIN, JOHN",NATURAL LAW,FALSE,1808,2192492,0.000824632
1996,MINNESOTA,MN,US PRESIDENT,"BIRRENBACK, JOHN",INDEPENDENT GRASSROOTS,FALSE,787,2192492,0.000358952
1996,MINNESOTA,MN,US PRESIDENT,"HARRIS, JAMES",SOCIALIST WORKERS,FALSE,684,2192492,0.000311974
1996,MINNESOTA,MN,US PRESIDENT,"WHITE, JEROME """"JERRY""""",SOCIALIST EQUALITY PARTY,FALSE,347,2192492,0.000158267
1996,MISSISSIPPI,MS,US PRESIDENT,"DOLE, ROBERT",REPUBLICAN,FALSE,439838,893857,0.492067523
1996,MISSISSIPPI,MS,US PRESIDENT,"CLINTON, BILL",DEMOCRAT,FALSE,394022,893857,0.440811002
1996,MISSISSIPPI,MS,US PRESIDENT,,INDEPENDENT,FALSE,53427,893857,0.059771306
1996,MISSISSIPPI,MS,US PRESIDENT,"BROWNE, HARRY",LIBERTARIAN,FALSE,2809,893857,0.003142561
1996,MISSISSIPPI,MS,US PRESIDENT,"PHILLIPS, HOWARD",U.S. TAXPAYERS PARTY,FALSE,2314,893857,0.002588781
1996,MISSISSIPPI,MS,US PRESIDENT,"HAGELIN, JOHN",NATURAL LAW,FALSE,1447,893857,0.001618827
1996,MISSOURI,MO,US PRESIDENT,"CLINTON, BILL",DEMOCRAT,FALSE,1025935,2158065,0.475395783
1996,MISSOURI,MO,US PRESIDENT,"DOLE, ROBERT",REPUBLICAN,FALSE,890016,2158065,0.412413899
1996,MISSOURI,MO,US PRESIDENT,"PEROT, ROSS",REFORM PARTY,FALSE,217188,2158065,0.100640157
1996,MISSOURI,MO,US PRESIDENT,"PHILLIPS, HOWARD",U.S. TAXPAYERS PARTY,FALSE,11521,2158065,0.005338579
1996,MISSOURI,MO,US PRESIDENT,"BROWNE, HARRY",LIBERTARIAN,FALSE,10522,2158065,0.004875664
1996,MISSOURI,MO,US PRESIDENT,"HAGELIN, JOHN",NATURAL LAW,FALSE,2287,2158065,0.001059746
1996,MISSOURI,MO,US PRESIDENT,,INDEPENDENT,FALSE,596,2158065,0.000276173
1996,MONTANA,MT,US PRESIDENT,"DOLE, ROBERT",REPUBLICAN,FALSE,179652,407083,0.441315407
1996,MONTANA,MT,US PRESIDENT,"CLINTON, BILL",DEMOCRAT,FALSE,167922,407083,0.412500645
1996,MONTANA,MT,US PRESIDENT,"PEROT, ROSS",REFORM PARTY,FALSE,55229,407083,0.135670121
1996,MONTANA,MT,US PRESIDENT,"BROWNE, HARRY",LIBERTARIAN,FALSE,2526,407083,0.006205123
1996,MONTANA,MT,US PRESIDENT,"HAGELIN, JOHN",NATURAL LAW,FALSE,1754,407083,0.004308704
1996,NEBRASKA,NE,US PRESIDENT,"DOLE, ROBERT",REPUBLICAN,FALSE,363467,677415,0.536549973
1996,NEBRASKA,NE,US PRESIDENT,"CLINTON, BILL",DEMOCRAT,FALSE,236761,677415,0.34950658
1996,NEBRASKA,NE,US PRESIDENT,"PEROT, ROSS",REFORM PARTY,FALSE,71278,677415,0.105220581
1996,NEBRASKA,NE,US PRESIDENT,"BROWNE, HARRY",LIBERTARIAN,FALSE,2792,677415,0.00412155
1996,NEBRASKA,NE,US PRESIDENT,"PHILLIPS, HOWARD",U.S. TAXPAYERS PARTY,FALSE,1928,677415,0.002846114
1996,NEBRASKA,NE,US PRESIDENT,"HAGELIN, JOHN",NATURAL LAW,FALSE,1189,677415,0.001755202
1996,NEVADA,NV,US PRESIDENT,"CLINTON, BILL",DEMOCRAT,FALSE,203974,464279,0.439334969
1996,NEVADA,NV,US PRESIDENT,"DOLE, ROBERT",REPUBLICAN,FALSE,199244,464279,0.429147129
1996,NEVADA,NV,US PRESIDENT,"PEROT, ROSS",REFORM PARTY,FALSE,43986,464279,0.094740447
1996,NEVADA,NV,US PRESIDENT,NONE OF THE ABOVE,,FALSE,5608,464279,0.012078944
1996,NEVADA,NV,US PRESIDENT,"NADER, RALPH",GREEN,FALSE,4730,464279,0.01018784
1996,NEVADA,NV,US PRESIDENT,"BROWNE, HARRY",LIBERTARIAN,FALSE,4460,464279,0.009606293
1996,NEVADA,NV,US PRESIDENT,"PHILLIPS, HOWARD",INDEPENDENT AMERICAN,FALSE,1732,464279,0.003730515
1996,NEVADA,NV,US PRESIDENT,"HAGELIN, JOHN",NATURAL LAW,FALSE,545,464279,0.001173863
1996,NEW HAMPSHIRE,NH,US PRESIDENT,"CLINTON, BILL",DEMOCRAT,FALSE,246166,496597,0.495705773
1996,NEW HAMPSHIRE,NH,US PRESIDENT,"DOLE, ROBERT",REPUBLICAN,FALSE,196486,496597,0.395664895
1996,NEW HAMPSHIRE,NH,US PRESIDENT,"PEROT, ROSS",REFORM PARTY,FALSE,48387,496597,0.097437157
1996,NEW HAMPSHIRE,NH,US PRESIDENT,"BROWNE, HARRY",LIBERTARIAN,FALSE,4214,496597,0.008485754
1996,NEW HAMPSHIRE,NH,US PRESIDENT,"PHILLIPS, HOWARD",U.S. TAXPAYERS PARTY,FALSE,1344,496597,0.00270642
1996,NEW JERSEY,NJ,US PRESIDENT,"CLINTON, BILL",DEMOCRAT,FALSE,1652361,3075860,0.537202929
1996,NEW JERSEY,NJ,US PRESIDENT,"DOLE, ROBERT",REPUBLICAN,FALSE,1103099,3075860,0.358631082
1996,NEW JERSEY,NJ,US PRESIDENT,,INDEPENDENT,FALSE,320400,3075860,0.104165989
1996,NEW MEXICO,NM,US PRESIDENT,"CLINTON, BILL",DEMOCRAT,FALSE,273495,556074,0.491832022
1996,NEW MEXICO,NM,US PRESIDENT,"DOLE, ROBERT",REPUBLICAN,FALSE,232751,556074,0.418561199
1996,NEW MEXICO,NM,US PRESIDENT,"PEROT, ROSS",REFORM PARTY,FALSE,32257,556074,0.058008466
1996,NEW MEXICO,NM,US PRESIDENT,"NADER, RALPH",GREEN,FALSE,13218,556074,0.023770218
1996,NEW MEXICO,NM,US PRESIDENT,"BROWNE, HARRY",LIBERTARIAN,FALSE,2996,556074,0.005387772
1996,NEW MEXICO,NM,US PRESIDENT,"PHILLIPS, HOWARD",U.S. TAXPAYERS PARTY,FALSE,713,556074,0.001282203
1996,NEW MEXICO,NM,US PRESIDENT,"HAGELIN, JOHN",NATURAL LAW,FALSE,644,556074,0.001158119
1996,NEW YORK,NY,US PRESIDENT,"CLINTON, BILL",DEMOCRAT,FALSE,3649630,6439129,0.56678939
1996,NEW YORK,NY,US PRESIDENT,"DOLE, ROBERT",REPUBLICAN,FALSE,1738707,6439129,0.270022079
1996,NEW YORK,NY,US PRESIDENT,"PEROT, ROSS",INDEPENDENCE,FALSE,503458,6439129,0.078187283
1996,NEW YORK,NY,US PRESIDENT,"DOLE, ROBERT",CONSERVATIVE,FALSE,183392,6439129,0.028480871
1996,NEW YORK,NY,US PRESIDENT,BLANK VOTE/SCATTERING,,FALSE,123000,6439129,0.019101962
1996,NEW YORK,NY,US PRESIDENT,"CLINTON, BILL",LIBERAL PARTY,FALSE,106547,6439129,0.016546803
1996,NEW YORK,NY,US PRESIDENT,"NADER, RALPH",GREEN,FALSE,75956,6439129,0.011796005
1996,NEW YORK,NY,US PRESIDENT,"PHILLIPS, HOWARD",RIGHT-TO-LIFE,FALSE,23580,6439129,0.003661986
1996,NEW YORK,NY,US PRESIDENT,"BROWNE, HARRY",LIBERTARIAN,FALSE,12220,6439129,0.001897772
1996,NEW YORK,NY,US PRESIDENT,"DOLE, ROBERT",FREEDOM,FALSE,11393,6439129,0.001769339
1996,NEW YORK,NY,US PRESIDENT,"HAGELIN, JOHN",NATURAL LAW,FALSE,5011,6439129,0.000778211
1996,NEW YORK,NY,US PRESIDENT,"MOOREHEAD, MONICA",WORKERS WORLD,FALSE,3473,6439129,0.000539359
1996,NEW YORK,NY,US PRESIDENT,"HARRIS, JAMES",SOCIALIST WORKERS,FALSE,2762,6439129,0.00042894
1996,NORTH CAROLINA,NC,US PRESIDENT,"DOLE, ROBERT",REPUBLICAN,FALSE,1225938,2515807,0.487294137
1996,NORTH CAROLINA,NC,US PRESIDENT,"CLINTON, BILL",DEMOCRAT,FALSE,1107849,2515807,0.440355321
1996,NORTH CAROLINA,NC,US PRESIDENT,"PEROT, ROSS",REFORM PARTY,FALSE,168059,2515807,0.066801229
1996,NORTH CAROLINA,NC,US PRESIDENT,"BROWNE, HARRY",LIBERTARIAN,FALSE,8740,2515807,0.003474034
1996,NORTH CAROLINA,NC,US PRESIDENT,"HAGELIN, JOHN",NATURAL LAW,FALSE,2771,2515807,0.001101436
1996,NORTH CAROLINA,NC,US PRESIDENT,,,TRUE,2450,2515807,0.000973843
1996,NORTH DAKOTA,ND,US PRESIDENT,"DOLE, ROBERT",REPUBLICAN,FALSE,125050,266411,0.469387525
1996,NORTH DAKOTA,ND,US PRESIDENT,"CLINTON, BILL",DEMOCRAT,FALSE,106905,266411,0.401278476
1996,NORTH DAKOTA,ND,US PRESIDENT,"PEROT, ROSS",REFORM PARTY,FALSE,32515,266411,0.122048264
1996,NORTH DAKOTA,ND,US PRESIDENT,"BROWNE, HARRY",LIBERTARIAN,FALSE,847,266411,0.003179298
1996,NORTH DAKOTA,ND,US PRESIDENT,"PHILLIPS, HOWARD",INDEPENDENT NOMINATION,FALSE,745,266411,0.002796431
1996,NORTH DAKOTA,ND,US PRESIDENT,"HAGELIN, JOHN",NATURAL LAW,FALSE,349,266411,0.001310006
1996,OHIO,OH,US PRESIDENT,"CLINTON, BILL",DEMOCRAT,FALSE,2148222,4534434,0.473757474
1996,OHIO,OH,US PRESIDENT,"DOLE, ROBERT",REPUBLICAN,FALSE,1859883,4534434,0.410168722
1996,OHIO,OH,US PRESIDENT,"PEROT, ROSS",REFORM PARTY,FALSE,483207,4534434,0.106563906
1996,OHIO,OH,US PRESIDENT,"BROWNE, HARRY",LIBERTARIAN,FALSE,12851,4534434,0.002834091
1996,OHIO,OH,US PRESIDENT,"MOOREHEAD, MONICA",WORKERS WORLD,FALSE,10813,4534434,0.002384642
1996,OHIO,OH,US PRESIDENT,"HAGELIN, JOHN",NATURAL LAW,FALSE,9120,4534434,0.002011276
1996,OHIO,OH,US PRESIDENT,"PHILLIPS, HOWARD",U.S. TAXPAYERS PARTY,FALSE,7361,4534434,0.001623356
1996,OHIO,OH,US PRESIDENT,"NADER, RALPH",GREEN,FALSE,2962,4534434,0.000653224
1996,OHIO,OH,US PRESIDENT,OTHER,,FALSE,15,4534434,3.30802E-06
1996,OKLAHOMA,OK,US PRESIDENT,"DOLE, ROBERT",REPUBLICAN,FALSE,582315,1206713,0.482562962
1996,OKLAHOMA,OK,US PRESIDENT,"CLINTON, BILL",DEMOCRAT,FALSE,488105,1206713,0.404491375
1996,OKLAHOMA,OK,US PRESIDENT,"PEROT, ROSS",REFORM PARTY,FALSE,130788,1206713,0.108383684
1996,OKLAHOMA,OK,US PRESIDENT,"BROWNE, HARRY",LIBERTARIAN,FALSE,5505,1206713,0.00456198
1996,OREGON,OR,US PRESIDENT,"CLINTON, BILL",DEMOCRAT,FALSE,649641,1377760,0.471519713
1996,OREGON,OR,US PRESIDENT,"DOLE, ROBERT",REPUBLICAN,FALSE,538152,1377760,0.390599234
1996,OREGON,OR,US PRESIDENT,"PEROT, ROSS",REFORM PARTY,FALSE,121221,1377760,0.087984119
1996,OREGON,OR,US PRESIDENT,"NADER, RALPH",GREEN,FALSE,49415,1377760,0.035866189
1996,OREGON,OR,US PRESIDENT,"BROWNE, HARRY",LIBERTARIAN,FALSE,8903,1377760,0.006461938
1996,OREGON,OR,US PRESIDENT,"PHILLIPS, HOWARD",U.S. TAXPAYERS PARTY,FALSE,3379,1377760,0.002452532
1996,OREGON,OR,US PRESIDENT,"HAGELIN, JOHN",NATURAL LAW,FALSE,2798,1377760,0.002030833
1996,OREGON,OR,US PRESIDENT,OTHER,,FALSE,2329,1377760,0.001690425
1996,OREGON,OR,US PRESIDENT,"HOLLIS, MARY CAL",SOCIALIST,FALSE,1922,1377760,0.001395018
1996,PENNSYLVANIA,PA,US PRESIDENT,"CLINTON, BILL",DEMOCRAT,FALSE,2215819,4501307,0.492261248
1996,PENNSYLVANIA,PA,US PRESIDENT,"DOLE, ROBERT",REPUBLICAN,FALSE,1801169,4501307,0.400143558
1996,PENNSYLVANIA,PA,US PRESIDENT,"PEROT, ROSS",REFORM PARTY,FALSE,430984,4501307,0.095746413
1996,PENNSYLVANIA,PA,US PRESIDENT,"BROWNE, HARRY",LIBERTARIAN,FALSE,28000,4501307,0.006220416
1996,PENNSYLVANIA,PA,US PRESIDENT,"PHILLIPS, HOWARD",CONSTITUTION PARTY,FALSE,19552,4501307,0.004343627
1996,PENNSYLVANIA,PA,US PRESIDENT,"HAGELIN, JOHN",NATURAL LAW,FALSE,5783,4501307,0.001284738
1996,RHODE ISLAND,RI,US PRESIDENT,"CLINTON, BILL",DEMOCRAT,FALSE,233050,390247,0.597185885
1996,RHODE ISLAND,RI,US PRESIDENT,"DOLE, ROBERT",REPUBLICAN,FALSE,104683,390247,0.268248058
1996,RHODE ISLAND,RI,US PRESIDENT,"PEROT, ROSS",REFORM PARTY,FALSE,43723,390247,0.112039298
1996,RHODE ISLAND,RI,US PRESIDENT,"NADER, RALPH",GREEN,FALSE,6040,390247,0.015477377
1996,RHODE ISLAND,RI,US PRESIDENT,"BROWNE, HARRY",LIBERTARIAN,FALSE,1109,390247,0.00284179
1996,RHODE ISLAND,RI,US PRESIDENT,"PHILLIPS, HOWARD",U.S. TAXPAYERS PARTY,FALSE,1021,390247,0.002616292
1996,RHODE ISLAND,RI,US PRESIDENT,"HAGELIN, JOHN",NATURAL LAW,FALSE,435,390247,0.001114679
1996,RHODE ISLAND,RI,US PRESIDENT,"MOOREHEAD, MONICA",WORKERS WORLD,FALSE,186,390247,0.000476621
1996,SOUTH CAROLINA,SC,US PRESIDENT,"DOLE, ROBERT",REPUBLICAN,FALSE,573339,1150182,0.498476763
1996,SOUTH CAROLINA,SC,US PRESIDENT,"CLINTON, BILL",DEMOCRAT,FALSE,506152,1150182,0.440062529
1996,SOUTH CAROLINA,SC,US PRESIDENT,"PEROT, ROSS",PATRIOT PARTY,FALSE,36913,1150182,0.032093182
1996,SOUTH CAROLINA,SC,US PRESIDENT,"PEROT, ROSS",REFORM PARTY,FALSE,27464,1150182,0.02387796
1996,SOUTH CAROLINA,SC,US PRESIDENT,"BROWNE, HARRY",LIBERTARIAN,FALSE,4271,1150182,0.003713325
1996,SOUTH CAROLINA,SC,US PRESIDENT,"PHILLIPS, HOWARD",U.S. TAXPAYERS PARTY,FALSE,2043,1150182,0.001776241
1996,SOUTH DAKOTA,SD,US PRESIDENT,"DOLE, ROBERT",REPUBLICAN,FALSE,150543,323826,0.464888551
1996,SOUTH DAKOTA,SD,US PRESIDENT,"CLINTON, BILL",DEMOCRAT,FALSE,139333,323826,0.430271195
1996,SOUTH DAKOTA,SD,US PRESIDENT,,INDEPENDENT,FALSE,32478,323826,0.100294603
1996,SOUTH DAKOTA,SD,US PRESIDENT,"BROWNE, HARRY",LIBERTARIAN,FALSE,1472,323826,0.004545651
1996,TENNESSEE,TN,US PRESIDENT,"CLINTON, BILL",DEMOCRAT,FALSE,909146,1894105,0.479987118
1996,TENNESSEE,TN,US PRESIDENT,"DOLE, ROBERT",REPUBLICAN,FALSE,863530,1894105,0.455903976
1996,TENNESSEE,TN,US PRESIDENT,,INDEPENDENT,FALSE,121239,1894105,0.064008595
1996,TENNESSEE,TN,US PRESIDENT,,,TRUE,190,1894105,0.000100311
1996,TEXAS,TX,US PRESIDENT,"DOLE, ROBERT",REPUBLICAN,FALSE,2736167,5611644,0.487587416
1996,TEXAS,TX,US PRESIDENT,"CLINTON, BILL",DEMOCRAT,FALSE,2459683,5611644,0.438317719
1996,TEXAS,TX,US PRESIDENT,"PEROT, ROSS",INDEPENDENT,FALSE,378537,5611644,0.067455633
1996,TEXAS,TX,US PRESIDENT,"BROWNE, HARRY",LIBERTARIAN,FALSE,20256,5611644,0.003609637
1996,TEXAS,TX,US PRESIDENT,"PHILLIPS, HOWARD",U.S. TAXPAYERS PARTY,FALSE,7472,5611644,0.001331517
1996,TEXAS,TX,US PRESIDENT,,,TRUE,5107,5611644,0.000910072
1996,TEXAS,TX,US PRESIDENT,"HAGELIN, JOHN",NATURAL LAW,FALSE,4422,5611644,0.000788004
1996,UTAH,UT,US PRESIDENT,"DOLE, ROBERT",REPUBLICAN,FALSE,361911,665629,0.543712789
1996,UTAH,UT,US PRESIDENT,"CLINTON, BILL",DEMOCRAT,FALSE,221633,665629,0.332967764
1996,UTAH,UT,US PRESIDENT,"PEROT, ROSS",REFORM PARTY,FALSE,66461,665629,0.099846912
1996,UTAH,UT,US PRESIDENT,"NADER, RALPH",GREEN,FALSE,4615,665629,0.006933292
1996,UTAH,UT,US PRESIDENT,"BROWNE, HARRY",LIBERTARIAN,FALSE,4129,665629,0.006203155
1996,UTAH,UT,US PRESIDENT,"PHILLIPS, HOWARD",U.S. TAXPAYERS PARTY,FALSE,2601,665629,0.003907582
1996,UTAH,UT,US PRESIDENT,"TEMPLIN, DIANE",INDEPENDENT AMERICAN,FALSE,1290,665629,0.001938017
1996,UTAH,UT,US PRESIDENT,"CRANE, PETER",INDEPENDENT,FALSE,1101,665629,0.001654075
1996,UTAH,UT,US PRESIDENT,"HAGELIN, JOHN",NATURAL LAW,FALSE,1085,665629,0.001630037
1996,UTAH,UT,US PRESIDENT,"MOOREHEAD, MONICA",WORKERS WORLD,FALSE,298,665629,0.000447697
1996,UTAH,UT,US PRESIDENT,"HARRIS, JAMES",SOCIALIST WORKERS,FALSE,235,665629,0.00035305
1996,UTAH,UT,US PRESIDENT,,,TRUE,159,665629,0.000238872
1996,UTAH,UT,US PRESIDENT,"DODGE, EARL",PROHIBITION,FALSE,111,665629,0.00016676
1996,VERMONT,VT,US PRESIDENT,"CLINTON, BILL",DEMOCRAT,FALSE,137894,258449,0.533544336
1996,VERMONT,VT,US PRESIDENT,"DOLE, ROBERT",REPUBLICAN,FALSE,80352,258449,0.310900797
1996,VERMONT,VT,US PRESIDENT,"PEROT, ROSS",REFORM PARTY,FALSE,31024,258449,0.120039157
1996,VERMONT,VT,US PRESIDENT,"NADER, RALPH",GREEN,FALSE,5585,258449,0.021609679
1996,VERMONT,VT,US PRESIDENT,"BROWNE, HARRY",LIBERTARIAN,FALSE,1183,258449,0.004577305
1996,VERMONT,VT,US PRESIDENT,,,TRUE,560,258449,0.002166772
1996,VERMONT,VT,US PRESIDENT,"HAGELIN, JOHN",NATURAL LAW,FALSE,498,258449,0.001926879
1996,VERMONT,VT,US PRESIDENT,"PERON, DENNIS",GRASSROOTS,FALSE,480,258449,0.001857233
1996,VERMONT,VT,US PRESIDENT,"PHILLIPS, HOWARD",U.S. TAXPAYERS PARTY,FALSE,382,258449,0.001478048
1996,VERMONT,VT,US PRESIDENT,"HOLLIS, MARY CAL",LIBERTY UNION PARTY,FALSE,292,258449,0.001129817
1996,VERMONT,VT,US PRESIDENT,"HARRIS, JAMES",SOCIALIST WORKERS,FALSE,199,258449,0.000769978
1996,VIRGINIA,VA,US PRESIDENT,"DOLE, ROBERT",REPUBLICAN,FALSE,1138350,2416642,0.471046187
1996,VIRGINIA,VA,US PRESIDENT,"CLINTON, BILL",DEMOCRAT,FALSE,1091060,2416642,0.451477712
1996,VIRGINIA,VA,US PRESIDENT,"PEROT, ROSS",REFORM PARTY,FALSE,159861,2416642,0.066150054
1996,VIRGINIA,VA,US PRESIDENT,"PHILLIPS, HOWARD",U.S. TAXPAYERS PARTY,FALSE,13687,2416642,0.005663644
1996,VIRGINIA,VA,US PRESIDENT,"BROWNE, HARRY",LIBERTARIAN,FALSE,9174,2416642,0.003796177
1996,VIRGINIA,VA,US PRESIDENT,"HAGELIN, JOHN",NATURAL LAW,FALSE,4510,2416642,0.001866226
1996,WASHINGTON,WA,US PRESIDENT,"CLINTON, BILL",DEMOCRAT,FALSE,1123323,2253837,0.49840472
1996,WASHINGTON,WA,US PRESIDENT,"DOLE, ROBERT",REPUBLICAN,FALSE,840712,2253837,0.373013665
1996,WASHINGTON,WA,US PRESIDENT,"PEROT, ROSS",REFORM PARTY,FALSE,201003,2253837,0.089182581
1996,WASHINGTON,WA,US PRESIDENT,,INDEPENDENT,FALSE,62696,2253837,0.027817451
1996,WASHINGTON,WA,US PRESIDENT,"BROWNE, HARRY",LIBERTARIAN,FALSE,12522,2253837,0.005555859
1996,WASHINGTON,WA,US PRESIDENT,"HAGELIN, JOHN",NATURAL LAW,FALSE,6076,2253837,0.002695847
1996,WASHINGTON,WA,US PRESIDENT,"PHILLIPS, HOWARD",U.S. TAXPAYERS PARTY,FALSE,4578,2253837,0.002031203
1996,WASHINGTON,WA,US PRESIDENT,"MOOREHEAD, MONICA",WORKERS WORLD,FALSE,2189,2253837,0.000971233
1996,WASHINGTON,WA,US PRESIDENT,"HARRIS, JAMES",SOCIALIST WORKERS,FALSE,738,2253837,0.000327442
1996,WEST VIRGINIA,WV,US PRESIDENT,"CLINTON, BILL",DEMOCRAT,FALSE,327812,636459,0.515055958
1996,WEST VIRGINIA,WV,US PRESIDENT,"DOLE, ROBERT",REPUBLICAN,FALSE,233946,636459,0.367574345
1996,WEST VIRGINIA,WV,US PRESIDENT,"PEROT, ROSS",REFORM PARTY,FALSE,71639,636459,0.112558704
1996,WEST VIRGINIA,WV,US PRESIDENT,"BROWNE, HARRY",LIBERTARIAN,FALSE,3062,636459,0.004810993
1996,WISCONSIN,WI,US PRESIDENT,"CLINTON, BILL",DEMOCRAT,FALSE,1071971,2196169,0.488109522
1996,WISCONSIN,WI,US PRESIDENT,"DOLE, ROBERT",REPUBLICAN,FALSE,845029,2196169,0.384774123
1996,WISCONSIN,WI,US PRESIDENT,"PEROT, ROSS",REFORM PARTY,FALSE,227339,2196169,0.103516168
1996,WISCONSIN,WI,US PRESIDENT,,INDEPENDENT,FALSE,32766,2196169,0.014919617
1996,WISCONSIN,WI,US PRESIDENT,"PHILLIPS, HOWARD",U.S. TAXPAYERS PARTY,FALSE,8811,2196169,0.004011986
1996,WISCONSIN,WI,US PRESIDENT,"BROWNE, HARRY",LIBERTARIAN,FALSE,7929,2196169,0.003610378
1996,WISCONSIN,WI,US PRESIDENT,SCATTERING,,FALSE,2324,2196169,0.001058206
1996,WYOMING,WY,US PRESIDENT,"DOLE, ROBERT",REPUBLICAN,FALSE,105388,211571,0.498121198
1996,WYOMING,WY,US PRESIDENT,"CLINTON, BILL",DEMOCRAT,FALSE,77934,211571,0.368358612
1996,WYOMING,WY,US PRESIDENT,"PEROT, ROSS",INDEPENDENT,FALSE,25928,211571,0.122549877
1996,WYOMING,WY,US PRESIDENT,"BROWNE, HARRY",LIBERTARIAN,FALSE,1739,211571,0.008219463
1996,WYOMING,WY,US PRESIDENT,"HAGELIN, JOHN",NATURAL LAW,FALSE,582,211571,0.00275085
2000,ALABAMA,AL,US PRESIDENT,"BUSH, GEORGE W.",REPUBLICAN,FALSE,941173,1666272,0.564837554
2000,ALABAMA,AL,US PRESIDENT,"GORE, AL",DEMOCRAT,FALSE,692611,1666272,0.415665029
2000,ALABAMA,AL,US PRESIDENT,,INDEPENDENT,FALSE,25896,1666272,0.01554128
2000,ALABAMA,AL,US PRESIDENT,"BROWNE, HARRY",LIBERTARIAN,FALSE,5893,1666272,0.003536637
2000,ALABAMA,AL,US PRESIDENT,,,TRUE,699,1666272,0.000419499
2000,ALASKA,AK,US PRESIDENT,"BUSH, GEORGE W.",REPUBLICAN,FALSE,167398,285560,0.586209553
2000,ALASKA,AK,US PRESIDENT,"GORE, AL",DEMOCRAT,FALSE,79004,285560,0.276663398
2000,ALASKA,AK,US PRESIDENT,"NADER, RALPH",GREEN,FALSE,28747,285560,0.100668861
2000,ALASKA,AK,US PRESIDENT,"BUCHANAN, PATRICK """"PAT""""",REFORM PARTY,FALSE,5192,285560,0.018181818
2000,ALASKA,AK,US PRESIDENT,"BROWNE, HARRY",LIBERTARIAN,FALSE,2636,285560,0.009230985
2000,ALASKA,AK,US PRESIDENT,,,TRUE,1068,285560,0.00374002
2000,ALASKA,AK,US PRESIDENT,"HAGELIN, JOHN",NATURAL LAW,FALSE,919,285560,0.003218238
2000,ALASKA,AK,US PRESIDENT,"PHILLIPS, HOWARD",CONSTITUTION PARTY,FALSE,596,285560,0.002087127
2000,ARIZONA,AZ,US PRESIDENT,"BUSH, GEORGE W.",REPUBLICAN,FALSE,781652,1532016,0.510211382
2000,ARIZONA,AZ,US PRESIDENT,"GORE, AL",DEMOCRAT,FALSE,685341,1532016,0.44734585
2000,ARIZONA,AZ,US PRESIDENT,"NADER, RALPH",GREEN,FALSE,45645,1532016,0.029794075
2000,ARIZONA,AZ,US PRESIDENT,"BUCHANAN, PATRICK """"PAT""""",REFORM PARTY,FALSE,12373,1532016,0.008076286
2000,ARIZONA,AZ,US PRESIDENT,"L. NEIL, SMITH",LIBERTARIAN,FALSE,5775,1532016,0.003769543
2000,ARIZONA,AZ,US PRESIDENT,"HAGELIN, JOHN",NATURAL LAW,FALSE,1120,1532016,0.000731063
2000,ARIZONA,AZ,US PRESIDENT,,,TRUE,110,1532016,7.18008E-05
2000,ARKANSAS,AR,US PRESIDENT,"BUSH, GEORGE W.",REPUBLICAN,FALSE,472940,921781,0.513071977
2000,ARKANSAS,AR,US PRESIDENT,"GORE, AL",DEMOCRAT,FALSE,422768,921781,0.458642563
2000,ARKANSAS,AR,US PRESIDENT,"NADER, RALPH",GREEN,FALSE,13421,921781,0.014559857
2000,ARKANSAS,AR,US PRESIDENT,"BUCHANAN, PATRICK """"PAT""""",REFORM PARTY,FALSE,7358,921781,0.007982373
2000,ARKANSAS,AR,US PRESIDENT,"BROWNE, HARRY",LIBERTARIAN,FALSE,2781,921781,0.003016986
2000,ARKANSAS,AR,US PRESIDENT,"PHILLIPS, HOWARD",CONSTITUTION PARTY,FALSE,1415,921781,0.001535072
2000,ARKANSAS,AR,US PRESIDENT,"HAGELIN, JOHN",NATURAL LAW,FALSE,1098,921781,0.001191172
2000,CALIFORNIA,CA,US PRESIDENT,"GORE, AL",DEMOCRAT,FALSE,5861203,10965822,0.534497368
2000,CALIFORNIA,CA,US PRESIDENT,"BUSH, GEORGE W.",REPUBLICAN,FALSE,4567429,10965822,0.416514968
2000,CALIFORNIA,CA,US PRESIDENT,"NADER, RALPH",GREEN,FALSE,418707,10965822,0.038182911
2000,CALIFORNIA,CA,US PRESIDENT,"BROWNE, HARRY",LIBERTARIAN,FALSE,45520,10965822,0.00415108
2000,CALIFORNIA,CA,US PRESIDENT,"BUCHANAN, PATRICK """"PAT""""",REFORM PARTY,FALSE,44987,10965822,0.004102474
2000,CALIFORNIA,CA,US PRESIDENT,"PHILLIPS, HOWARD",AMERICAN INDEPENDENT PARTY,FALSE,17042,10965822,0.001554101
2000,CALIFORNIA,CA,US PRESIDENT,"HAGELIN, JOHN",NATURAL LAW,FALSE,10934,10965822,0.000997098
2000,COLORADO,CO,US PRESIDENT,"BUSH, GEORGE W.",REPUBLICAN,FALSE,883748,1741368,0.507502148
2000,COLORADO,CO,US PRESIDENT,"GORE, AL",DEMOCRAT,FALSE,738227,1741368,0.42393509
2000,COLORADO,CO,US PRESIDENT,"NADER, RALPH",GREEN,FALSE,91434,1741368,0.052506995
2000,COLORADO,CO,US PRESIDENT,"BROWNE, HARRY",LIBERTARIAN,FALSE,12799,1741368,0.007349969
2000,COLORADO,CO,US PRESIDENT,"HAGELIN, JOHN",FREEDOM,FALSE,10465,1741368,0.006009643
2000,COLORADO,CO,US PRESIDENT,"HAGELIN, JOHN",NATURAL LAW,FALSE,2240,1741368,0.001286345
2000,COLORADO,CO,US PRESIDENT,"PHILLIPS, HOWARD",CONSTITUTION PARTY,FALSE,1319,1741368,0.00075745
2000,COLORADO,CO,US PRESIDENT,"MCREYNOLDS, DAVID",SOCIALIST,FALSE,712,1741368,0.000408874
2000,COLORADO,CO,US PRESIDENT,"HARRIS, JAMES",SOCIALIST WORKERS,FALSE,216,1741368,0.00012404
2000,COLORADO,CO,US PRESIDENT,"DODGE, EARL",PROHIBITION,FALSE,208,1741368,0.000119446
2000,CONNECTICUT,CT,US PRESIDENT,"GORE, AL",DEMOCRAT,FALSE,816015,1459525,0.559096281
2000,CONNECTICUT,CT,US PRESIDENT,"BUSH, GEORGE W.",REPUBLICAN,FALSE,561094,1459525,0.384436032
2000,CONNECTICUT,CT,US PRESIDENT,"NADER, RALPH",GREEN,FALSE,64452,1459525,0.044159572
2000,CONNECTICUT,CT,US PRESIDENT,"PHILLIPS, HOWARD",CONCERNED CITIZENS,FALSE,9695,1459525,0.006642572
2000,CONNECTICUT,CT,US PRESIDENT,"BUCHANAN, PATRICK """"PAT""""",REFORM PARTY,FALSE,4731,1459525,0.003241466
2000,CONNECTICUT,CT,US PRESIDENT,"BROWNE, HARRY",LIBERTARIAN,FALSE,3484,1459525,0.002387078
2000,CONNECTICUT,CT,US PRESIDENT,,,TRUE,54,1459525,3.69983E-05
2000,DELAWARE,DE,US PRESIDENT,"GORE, AL",DEMOCRAT,FALSE,180068,327529,0.549777272
2000,DELAWARE,DE,US PRESIDENT,"BUSH, GEORGE W.",REPUBLICAN,FALSE,137288,327529,0.419162883
2000,DELAWARE,DE,US PRESIDENT,"NADER, RALPH",GREEN,FALSE,8307,327529,0.02536264
2000,DELAWARE,DE,US PRESIDENT,"BUCHANAN, PATRICK """"PAT""""",REFORM PARTY,FALSE,777,327529,0.002372309
2000,DELAWARE,DE,US PRESIDENT,"BROWNE, HARRY",LIBERTARIAN,FALSE,774,327529,0.00236315
2000,DELAWARE,DE,US PRESIDENT,"PHILLIPS, HOWARD",CONSTITUTION PARTY,FALSE,208,327529,0.000635058
2000,DELAWARE,DE,US PRESIDENT,"HAGELIN, JOHN",NATURAL LAW,FALSE,107,327529,0.000326689
2000,DISTRICT OF COLUMBIA,DC,US PRESIDENT,"GORE, AL",DEMOCRAT,FALSE,171923,201894,0.851550814
2000,DISTRICT OF COLUMBIA,DC,US PRESIDENT,"BUSH, GEORGE W.",REPUBLICAN,FALSE,18073,201894,0.089517271
2000,DISTRICT OF COLUMBIA,DC,US PRESIDENT,"NADER, RALPH",GREEN,FALSE,10576,201894,0.052383924
2000,DISTRICT OF COLUMBIA,DC,US PRESIDENT,"BROWNE, HARRY",LIBERTARIAN,FALSE,669,201894,0.00331362
2000,DISTRICT OF COLUMBIA,DC,US PRESIDENT,,,TRUE,539,201894,0.002669718
2000,DISTRICT OF COLUMBIA,DC,US PRESIDENT,"HARRIS, JAMES",SOCIALIST WORKERS,FALSE,114,201894,0.000564653
2000,FLORIDA,FL,US PRESIDENT,"BUSH, GEORGE W.",REPUBLICAN,FALSE,2912790,5963110,0.488468266
2000,FLORIDA,FL,US PRESIDENT,"GORE, AL",DEMOCRAT,FALSE,2912253,5963110,0.488378212
2000,FLORIDA,FL,US PRESIDENT,"NADER, RALPH",GREEN,FALSE,97488,5963110,0.016348516
2000,FLORIDA,FL,US PRESIDENT,"BUCHANAN, PATRICK """"PAT""""",REFORM PARTY,FALSE,17484,5963110,0.002932027
2000,FLORIDA,FL,US PRESIDENT,"BROWNE, HARRY",LIBERTARIAN,FALSE,16415,5963110,0.002752758
2000,FLORIDA,FL,US PRESIDENT,"HAGELIN, JOHN",NATURAL LAW,FALSE,2281,5963110,0.000382519
2000,FLORIDA,FL,US PRESIDENT,"MOOREHEAD, MONICA",WORKERS WORLD,FALSE,1804,5963110,0.000302527
2000,FLORIDA,FL,US PRESIDENT,"PHILLIPS, HOWARD",CONSTITUTION PARTY,FALSE,1371,5963110,0.000229914
2000,FLORIDA,FL,US PRESIDENT,"MCREYNOLDS, DAVID",SOCIALIST,FALSE,622,5963110,0.000104308
2000,FLORIDA,FL,US PRESIDENT,"HARRIS, JAMES",SOCIALIST WORKERS,FALSE,562,5963110,9.42461E-05
2000,FLORIDA,FL,US PRESIDENT,,,TRUE,40,5963110,6.70791E-06
2000,GEORGIA,GA,US PRESIDENT,"BUSH, GEORGE W.",REPUBLICAN,FALSE,1419720,2583208,0.549595697
2000,GEORGIA,GA,US PRESIDENT,"GORE, AL",DEMOCRAT,FALSE,1116230,2583208,0.432109997
2000,GEORGIA,GA,US PRESIDENT,"BROWNE, HARRY",LIBERTARIAN,FALSE,36332,2583208,0.014064682
2000,GEORGIA,GA,US PRESIDENT,"BUCHANAN, PATRICK """"PAT""""",INDEPENDENT,FALSE,10926,2583208,0.004229625
2000,HAWAII,HI,US PRESIDENT,"GORE, AL",DEMOCRAT,FALSE,205286,367951,0.557916679
2000,HAWAII,HI,US PRESIDENT,"BUSH, GEORGE W.",REPUBLICAN,FALSE,137845,367951,0.374628687
2000,HAWAII,HI,US PRESIDENT,"NADER, RALPH",GREEN,FALSE,21623,367951,0.058765977
2000,HAWAII,HI,US PRESIDENT,"BROWNE, HARRY",LIBERTARIAN,FALSE,1477,367951,0.004014121
2000,HAWAII,HI,US PRESIDENT,"BUCHANAN, PATRICK """"PAT""""",REFORM PARTY,FALSE,1071,367951,0.002910714
2000,HAWAII,HI,US PRESIDENT,"PHILLIPS, HOWARD",CONSTITUTION PARTY,FALSE,343,367951,0.000932189
2000,HAWAII,HI,US PRESIDENT,"HAGELIN, JOHN",NATURAL LAW,FALSE,306,367951,0.000831632
2000,IDAHO,ID,US PRESIDENT,"BUSH, GEORGE W.",REPUBLICAN,FALSE,336937,501615,0.671704395
2000,IDAHO,ID,US PRESIDENT,"GORE, AL",DEMOCRAT,FALSE,138637,501615,0.276381288
2000,IDAHO,ID,US PRESIDENT,"NADER, RALPH",GREEN,TRUE,12292,501615,0.024504849
2000,IDAHO,ID,US PRESIDENT,"BUCHANAN, PATRICK """"PAT""""",REFORM PARTY,FALSE,7615,501615,0.015180965
2000,IDAHO,ID,US PRESIDENT,"BROWNE, HARRY",LIBERTARIAN,FALSE,3488,501615,0.00695354
2000,IDAHO,ID,US PRESIDENT,"PHILLIPS, HOWARD",CONSTITUTION PARTY,FALSE,1469,501615,0.002928541
2000,IDAHO,ID,US PRESIDENT,"HAGELIN, JOHN",NATURAL LAW,FALSE,1177,501615,0.002346421
2000,ILLINOIS,IL,US PRESIDENT,"GORE, AL",DEMOCRAT,FALSE,2589026,4742108,0.545965212
2000,ILLINOIS,IL,US PRESIDENT,"BUSH, GEORGE W.",REPUBLICAN,FALSE,2019421,4742108,0.4258488
2000,ILLINOIS,IL,US PRESIDENT,"NADER, RALPH",GREEN,FALSE,103759,4742108,0.021880354
2000,ILLINOIS,IL,US PRESIDENT,,INDEPENDENT,FALSE,16106,4742108,0.00339638
2000,ILLINOIS,IL,US PRESIDENT,"BROWNE, HARRY",LIBERTARIAN,FALSE,11623,4742108,0.00245102
2000,ILLINOIS,IL,US PRESIDENT,"BUCHANAN, PATRICK """"PAT""""",REFORM PARTY,FALSE,2127,4742108,0.000448535
2000,ILLINOIS,IL,US PRESIDENT,,,TRUE,46,4742108,9.70033E-06
2000,INDIANA,IN,US PRESIDENT,"BUSH, GEORGE W.",REPUBLICAN,FALSE,1245836,2199302,0.566468816
2000,INDIANA,IN,US PRESIDENT,"GORE, AL",DEMOCRAT,FALSE,901980,2199302,0.410121029
2000,INDIANA,IN,US PRESIDENT,,,TRUE,18997,2199302,0.008637741
2000,INDIANA,IN,US PRESIDENT,"BUCHANAN, PATRICK """"PAT""""",INDEPENDENT,FALSE,16959,2199302,0.007711083
2000,INDIANA,IN,US PRESIDENT,"BROWNE, HARRY",LIBERTARIAN,FALSE,15530,2199302,0.007061331
2000,IOWA,IA,US PRESIDENT,"GORE, AL",DEMOCRAT,FALSE,638517,1353022,0.471919156
2000,IOWA,IA,US PRESIDENT,"BUSH, GEORGE W.",REPUBLICAN,FALSE,634373,1353022,0.468856382
2000,IOWA,IA,US PRESIDENT,,INDEPENDENT,FALSE,37459,1353022,0.027685433
2000,IOWA,IA,US PRESIDENT,"NADER, RALPH",GREEN,FALSE,29374,1353022,0.02170992
2000,IOWA,IA,US PRESIDENT,"BUCHANAN, PATRICK """"PAT""""",REFORM PARTY,FALSE,5731,1353022,0.004235703
2000,IOWA,IA,US PRESIDENT,"BROWNE, HARRY",LIBERTARIAN,FALSE,3209,1353022,0.002371728
2000,IOWA,IA,US PRESIDENT,"HAGELIN, JOHN",NOMINATED BY PETITION,FALSE,2281,1353022,0.001685856
2000,IOWA,IA,US PRESIDENT,SCATTERING,,FALSE,1168,1353022,0.000863253
2000,IOWA,IA,US PRESIDENT,"PHILLIPS, HOWARD",CONSTITUTION PARTY,FALSE,613,1353022,0.00045306
2000,IOWA,IA,US PRESIDENT,"HARRIS, JAMES",SOCIALIST WORKERS,FALSE,190,1353022,0.000140426
2000,IOWA,IA,US PRESIDENT,"MCREYNOLDS, DAVID",SOCIALIST,FALSE,107,1353022,7.90822E-05
2000,KANSAS,KS,US PRESIDENT,"BUSH, GEORGE W.",REPUBLICAN,FALSE,622332,1072216,0.580416632
2000,KANSAS,KS,US PRESIDENT,"GORE, AL",DEMOCRAT,FALSE,399276,1072216,0.372383923
2000,KANSAS,KS,US PRESIDENT,,INDEPENDENT,FALSE,37459,1072216,0.034936058
2000,KANSAS,KS,US PRESIDENT,"BUCHANAN, PATRICK """"PAT""""",REFORM PARTY,FALSE,7370,1072216,0.006873615
2000,KANSAS,KS,US PRESIDENT,"BROWNE, HARRY",LIBERTARIAN,FALSE,4525,1072216,0.004220232
2000,KANSAS,KS,US PRESIDENT,"PHILLIPS, HOWARD",CONSTITUTION PARTY,FALSE,1254,1072216,0.00116954
2000,KENTUCKY,KY,US PRESIDENT,"BUSH, GEORGE W.",REPUBLICAN,FALSE,872520,1544106,0.565064834
2000,KENTUCKY,KY,US PRESIDENT,"GORE, AL",DEMOCRAT,FALSE,638923,1544106,0.413781826
2000,KENTUCKY,KY,US PRESIDENT,"NADER, RALPH",GREEN,FALSE,23118,1544106,0.01497177
2000,KENTUCKY,KY,US PRESIDENT,"BUCHANAN, PATRICK """"PAT""""",REFORM PARTY,FALSE,4152,1544106,0.002688935
2000,KENTUCKY,KY,US PRESIDENT,"BROWNE, HARRY",LIBERTARIAN,FALSE,2885,1544106,0.001868395
2000,KENTUCKY,KY,US PRESIDENT,"HAGELIN, JOHN",NATURAL LAW,FALSE,1513,1544106,0.000979855
2000,KENTUCKY,KY,US PRESIDENT,,CONSTITUTION PARTY,FALSE,915,1544106,0.000592576
2000,KENTUCKY,KY,US PRESIDENT,,,TRUE,80,1544106,5.18099E-05
2000,LOUISIANA,LA,US PRESIDENT,"BUSH, GEORGE W.",REPUBLICAN,FALSE,927871,1765656,0.525510632
2000,LOUISIANA,LA,US PRESIDENT,"GORE, AL",DEMOCRAT,FALSE,792344,1765656,0.448753325
2000,LOUISIANA,LA,US PRESIDENT,"NADER, RALPH",GREEN,FALSE,20473,1765656,0.011595124
2000,LOUISIANA,LA,US PRESIDENT,"BUCHANAN, PATRICK """"PAT""""",REFORM PARTY,FALSE,14356,1765656,0.008130689
2000,LOUISIANA,LA,US PRESIDENT,"PHILLIPS, HOWARD",CONSTITUTION PARTY,FALSE,5483,1765656,0.003105361
2000,LOUISIANA,LA,US PRESIDENT,"BROWNE, HARRY",LIBERTARIAN,FALSE,2951,1765656,0.001671333
2000,LOUISIANA,LA,US PRESIDENT,"HARRIS, JAMES",SOCIALIST WORKERS,FALSE,1103,1765656,0.000624697
2000,LOUISIANA,LA,US PRESIDENT,"HAGELIN, JOHN",NATURAL LAW,FALSE,1075,1765656,0.000608839
2000,MAINE,ME,US PRESIDENT,"GORE, AL",DEMOCRAT,FALSE,319951,651817,0.490860165
2000,MAINE,ME,US PRESIDENT,"BUSH, GEORGE W.",REPUBLICAN,FALSE,286616,651817,0.43971851
2000,MAINE,ME,US PRESIDENT,"NADER, RALPH",GREEN,FALSE,37127,651817,0.056959239
2000,MAINE,ME,US PRESIDENT,"BUCHANAN, PATRICK """"PAT""""",REFORM PARTY,FALSE,4443,651817,0.00681633
2000,MAINE,ME,US PRESIDENT,"BROWNE, HARRY",LIBERTARIAN,FALSE,3074,651817,0.004716048
2000,MAINE,ME,US PRESIDENT,"PHILLIPS, HOWARD",CONSTITUTION PARTY,FALSE,579,651817,0.000888286
2000,MAINE,ME,US PRESIDENT,OTHER,,FALSE,27,651817,4.14227E-05
2000,MARYLAND,MD,US PRESIDENT,"GORE, AL",DEMOCRAT,FALSE,1144008,2025212,0.564883084
2000,MARYLAND,MD,US PRESIDENT,"BUSH, GEORGE W.",REPUBLICAN,FALSE,813827,2025212,0.401847807
2000,MARYLAND,MD,US PRESIDENT,"NADER, RALPH",GREEN,FALSE,53768,2025212,0.026549319
2000,MARYLAND,MD,US PRESIDENT,"BROWNE, HARRY",LIBERTARIAN,FALSE,5310,2025212,0.002621948
2000,MARYLAND,MD,US PRESIDENT,"BUCHANAN, PATRICK """"PAT""""",REFORM PARTY,FALSE,4248,2025212,0.002097558
2000,MARYLAND,MD,US PRESIDENT,,,TRUE,1656,2025212,0.000817692
2000,MARYLAND,MD,US PRESIDENT,OTHER,,FALSE,1477,2025212,0.000729306
2000,MARYLAND,MD,US PRESIDENT,"PHILLIPS, HOWARD",CONSTITUTION PARTY,FALSE,918,2025212,0.000453286
2000,MASSACHUSETTS,MA,US PRESIDENT,"GORE, AL",DEMOCRAT,FALSE,1616487,2733964,0.59126126
2000,MASSACHUSETTS,MA,US PRESIDENT,"BUSH, GEORGE W.",REPUBLICAN,FALSE,878502,2733964,0.32132903
2000,MASSACHUSETTS,MA,US PRESIDENT,"NADER, RALPH",GREEN,FALSE,173564,2733964,0.063484377
2000,MASSACHUSETTS,MA,US PRESIDENT,BLANK VOTE/SCATTERING,,FALSE,31022,2733964,0.011346894
2000,MASSACHUSETTS,MA,US PRESIDENT,"BROWNE, HARRY",LIBERTARIAN,FALSE,16366,2733964,0.00598618
2000,MASSACHUSETTS,MA,US PRESIDENT,"BUCHANAN, PATRICK """"PAT""""",REFORM PARTY,FALSE,11149,2733964,0.004077962
2000,MASSACHUSETTS,MA,US PRESIDENT,OTHER,,FALSE,3990,2733964,0.001459419
2000,MASSACHUSETTS,MA,US PRESIDENT,"HAGELIN, JOHN",UNENROLLED,FALSE,2884,2733964,0.001054879
2000,MICHIGAN,MI,US PRESIDENT,"GORE, AL",DEMOCRAT,FALSE,2170418,4232501,0.512797989
2000,MICHIGAN,MI,US PRESIDENT,"BUSH, GEORGE W.",REPUBLICAN,FALSE,1953139,4232501,0.461462147
2000,MICHIGAN,MI,US PRESIDENT,"NADER, RALPH",GREEN,FALSE,84165,4232501,0.019885406
2000,MICHIGAN,MI,US PRESIDENT,"BROWNE, HARRY",LIBERTARIAN,FALSE,16711,4232501,0.003948257
2000,MICHIGAN,MI,US PRESIDENT,"PHILLIPS, HOWARD",U.S. TAXPAYERS PARTY,FALSE,3791,4232501,0.000895688
2000,MICHIGAN,MI,US PRESIDENT,"HAGELIN, JOHN",NATURAL LAW,FALSE,2426,4232501,0.000573184
2000,MICHIGAN,MI,US PRESIDENT,,,TRUE,1851,4232501,0.00043733
2000,MINNESOTA,MN,US PRESIDENT,"GORE, AL",DEMOCRATIC-FARMER-LABOR,FALSE,1168266,2438685,0.479055721
2000,MINNESOTA,MN,US PRESIDENT,"BUSH, GEORGE W.",REPUBLICAN,FALSE,1109659,2438685,0.455023507
2000,MINNESOTA,MN,US PRESIDENT,"NADER, RALPH",GREEN,FALSE,126696,2438685,0.051952589
2000,MINNESOTA,MN,US PRESIDENT,"BUCHANAN, PATRICK """"PAT""""",REFORM PARTY MINNESOTA,FALSE,22166,2438685,0.009089325
2000,MINNESOTA,MN,US PRESIDENT,"BROWNE, HARRY",LIBERTARIAN,FALSE,5282,2438685,0.002165921
2000,MINNESOTA,MN,US PRESIDENT,"PHILLIPS, HOWARD",CONSTITUTION PARTY,FALSE,3272,2438685,0.001341707
2000,MINNESOTA,MN,US PRESIDENT,"BUCHANAN, PATRICK """"PAT""""",REFORM PARTY,FALSE,2294,2438685,0.000940671
2000,MINNESOTA,MN,US PRESIDENT,"HARRIS, JAMES",SOCIALIST WORKERS,FALSE,1022,2438685,0.000419078
2000,MINNESOTA,MN,US PRESIDENT,,,TRUE,28,2438685,1.14816E-05
2000,MISSISSIPPI,MS,US PRESIDENT,"BUSH, GEORGE W.",REPUBLICAN,FALSE,572844,994184,0.576195151
2000,MISSISSIPPI,MS,US PRESIDENT,"GORE, AL",DEMOCRAT,FALSE,404614,994184,0.406981002
2000,MISSISSIPPI,MS,US PRESIDENT,,INDEPENDENT,FALSE,8735,994184,0.0087861
2000,MISSISSIPPI,MS,US PRESIDENT,"PHILLIPS, HOWARD",CONSTITUTION PARTY,FALSE,3267,994184,0.003286112
2000,MISSISSIPPI,MS,US PRESIDENT,"BUCHANAN, PATRICK """"PAT""""",REFORM PARTY,FALSE,2265,994184,0.00227825
2000,MISSISSIPPI,MS,US PRESIDENT,"BROWNE, HARRY",LIBERTARIAN,FALSE,2009,994184,0.002020753
2000,MISSISSIPPI,MS,US PRESIDENT,"HAGELIN, JOHN",NATURAL LAW,FALSE,450,994184,0.000452633
2000,MISSOURI,MO,US PRESIDENT,"BUSH, GEORGE W.",REPUBLICAN,FALSE,1189924,2359892,0.50422816
2000,MISSOURI,MO,US PRESIDENT,"GORE, AL",DEMOCRAT,FALSE,1111138,2359892,0.470842733
2000,MISSOURI,MO,US PRESIDENT,"NADER, RALPH",GREEN,FALSE,38515,2359892,0.016320662
2000,MISSOURI,MO,US PRESIDENT,"BUCHANAN, PATRICK """"PAT""""",REFORM PARTY,FALSE,9818,2359892,0.00416036
2000,MISSOURI,MO,US PRESIDENT,"BROWNE, HARRY",LIBERTARIAN,FALSE,7436,2359892,0.003150992
2000,MISSOURI,MO,US PRESIDENT,"PHILLIPS, HOWARD",CONSTITUTION PARTY,FALSE,1957,2359892,0.000829275
2000,MISSOURI,MO,US PRESIDENT,"HAGELIN, JOHN",NATURAL LAW,FALSE,1104,2359892,0.000467818
2000,MONTANA,MT,US PRESIDENT,"BUSH, GEORGE W.",REPUBLICAN,FALSE,240178,410986,0.584394602
2000,MONTANA,MT,US PRESIDENT,"GORE, AL",DEMOCRAT,FALSE,137126,410986,0.333651268
2000,MONTANA,MT,US PRESIDENT,"NADER, RALPH",GREEN,FALSE,24437,410986,0.059459446
2000,MONTANA,MT,US PRESIDENT,"BUCHANAN, PATRICK """"PAT""""",REFORM PARTY,FALSE,5697,410986,0.013861786
2000,MONTANA,MT,US PRESIDENT,"BROWNE, HARRY",LIBERTARIAN,FALSE,1718,410986,0.004180191
2000,MONTANA,MT,US PRESIDENT,"PHILLIPS, HOWARD",CONSTITUTION PARTY,FALSE,1155,410986,0.002810315
2000,MONTANA,MT,US PRESIDENT,"HAGELIN, JOHN",NATURAL LAW,FALSE,675,410986,0.001642392
2000,NEBRASKA,NE,US PRESIDENT,"BUSH, GEORGE W.",REPUBLICAN,FALSE,433862,697019,0.62245362
2000,NEBRASKA,NE,US PRESIDENT,"GORE, AL",DEMOCRAT,FALSE,231780,697019,0.33253039
2000,NEBRASKA,NE,US PRESIDENT,"NADER, RALPH",GREEN,FALSE,24540,697019,0.035207075
2000,NEBRASKA,NE,US PRESIDENT,,NOMINATED BY PETITION,FALSE,4114,697019,0.005902278
2000,NEBRASKA,NE,US PRESIDENT,"BROWNE, HARRY",LIBERTARIAN,FALSE,2245,697019,0.003220859
2000,NEBRASKA,NE,US PRESIDENT,,NATURAL LAW,FALSE,478,697019,0.000685778
2000,NEVADA,NV,US PRESIDENT,"BUSH, GEORGE W.",REPUBLICAN,FALSE,301575,609426,0.494850892
2000,NEVADA,NV,US PRESIDENT,"GORE, AL",DEMOCRAT,FALSE,279978,609426,0.459412628
2000,NEVADA,NV,US PRESIDENT,"NADER, RALPH",GREEN,FALSE,15008,609426,0.024626452
2000,NEVADA,NV,US PRESIDENT,"BUCHANAN, PATRICK """"PAT""""",CITIZENS FIRST,FALSE,4747,609426,0.007789297
2000,NEVADA,NV,US PRESIDENT,NONE OF THESE CANDIDATES,,FALSE,3315,609426,0.005439545
2000,NEVADA,NV,US PRESIDENT,"BROWNE, HARRY",LIBERTARIAN,FALSE,3311,609426,0.005432981
2000,NEVADA,NV,US PRESIDENT,"PHILLIPS, HOWARD",INDEPENDENT AMERICAN,FALSE,621,609426,0.001018992
2000,NEVADA,NV,US PRESIDENT,"HAGELIN, JOHN",NATURAL LAW,FALSE,415,609426,0.000680969
2000,NEVADA,NV,US PRESIDENT,BLANK VOTE,,FALSE,282,609426,0.000462731
2000,NEVADA,NV,US PRESIDENT,OVER VOTE,,FALSE,174,609426,0.000285515
2000,NEW HAMPSHIRE,NH,US PRESIDENT,"BUSH, GEORGE W.",REPUBLICAN,FALSE,273559,569081,0.480703099
2000,NEW HAMPSHIRE,NH,US PRESIDENT,"GORE, AL",DEMOCRAT,FALSE,266348,569081,0.468031792
2000,NEW HAMPSHIRE,NH,US PRESIDENT,"NADER, RALPH",GREEN,FALSE,22198,569081,0.039006749
2000,NEW HAMPSHIRE,NH,US PRESIDENT,"BROWNE, HARRY",LIBERTARIAN,FALSE,2757,569081,0.004844653
2000,NEW HAMPSHIRE,NH,US PRESIDENT,"BUCHANAN, PATRICK """"PAT""""",INDEPENDENCE,FALSE,2615,569081,0.004595128
2000,NEW HAMPSHIRE,NH,US PRESIDENT,,,TRUE,1276,569081,0.002242212
2000,NEW HAMPSHIRE,NH,US PRESIDENT,,CONSTITUTION PARTY,FALSE,328,569081,0.000576368
2000,NEW JERSEY,NJ,US PRESIDENT,"GORE, AL",DEMOCRAT,FALSE,1788850,3187226,0.561256089
2000,NEW JERSEY,NJ,US PRESIDENT,"BUSH, GEORGE W.",REPUBLICAN,FALSE,1284173,3187226,0.402912439
2000,NEW JERSEY,NJ,US PRESIDENT,,INDEPENDENT,FALSE,114203,3187226,0.035831472
2000,NEW MEXICO,NM,US PRESIDENT,"GORE, AL",DEMOCRAT,FALSE,286783,598605,0.479085541
2000,NEW MEXICO,NM,US PRESIDENT,"BUSH, GEORGE W.",REPUBLICAN,FALSE,286417,598605,0.478474119
2000,NEW MEXICO,NM,US PRESIDENT,"NADER, RALPH",GREEN,FALSE,21251,598605,0.035500873
2000,NEW MEXICO,NM,US PRESIDENT,"BROWNE, HARRY",LIBERTARIAN,FALSE,2058,598605,0.003437993
2000,NEW MEXICO,NM,US PRESIDENT,"BUCHANAN, PATRICK """"PAT""""",REFORM PARTY,FALSE,1392,598605,0.002325407
2000,NEW MEXICO,NM,US PRESIDENT,"HAGELIN, JOHN",NATURAL LAW,FALSE,361,598605,0.000603069
2000,NEW MEXICO,NM,US PRESIDENT,"PHILLIPS, HOWARD",CONSTITUTION PARTY,FALSE,343,598605,0.000572999
2000,NEW YORK,NY,US PRESIDENT,"GORE, AL",DEMOCRAT,FALSE,3942215,6960215,0.566392705
2000,NEW YORK,NY,US PRESIDENT,"BUSH, GEORGE W.",REPUBLICAN,FALSE,2258577,6960215,0.324498166
2000,NEW YORK,NY,US PRESIDENT,"NADER, RALPH",GREEN,FALSE,244030,6960215,0.035060699
2000,NEW YORK,NY,US PRESIDENT,"BUSH, GEORGE W.",CONSERVATIVE,FALSE,144797,6960215,0.020803524
2000,NEW YORK,NY,US PRESIDENT,BLANK VOTE/SCATTERING,,FALSE,138216,6960215,0.019858007
2000,NEW YORK,NY,US PRESIDENT,"GORE, AL",WORKING FAMILIES,FALSE,88395,6960215,0.012700039
2000,NEW YORK,NY,US PRESIDENT,"GORE, AL",LIBERAL PARTY,FALSE,77087,6960215,0.011075376
2000,NEW YORK,NY,US PRESIDENT,"BUCHANAN, PATRICK """"PAT""""",RIGHT-TO-LIFE,FALSE,25175,6960215,0.003616986
2000,NEW YORK,NY,US PRESIDENT,"HAGELIN, JOHN",INDEPENDENCE,FALSE,24361,6960215,0.003500036
2000,NEW YORK,NY,US PRESIDENT,"BROWNE, HARRY",LIBERTARIAN,FALSE,7649,6960215,0.00109896
2000,NEW YORK,NY,US PRESIDENT,"BUCHANAN, PATRICK """"PAT""""",REFORM PARTY,FALSE,6424,6960215,0.00092296
2000,NEW YORK,NY,US PRESIDENT,"HARRIS, JAMES",SOCIALIST WORKERS,FALSE,1789,6960215,0.000257032
2000,NEW YORK,NY,US PRESIDENT,"PHILLIPS, HOWARD",CONSTITUTION PARTY,FALSE,1498,6960215,0.000215223
2000,NEW YORK,NY,US PRESIDENT,,SOCIALIST,TRUE,2,6960215,2.87347E-07
2000,NORTH CAROLINA,NC,US PRESIDENT,"BUSH, GEORGE W.",REPUBLICAN,FALSE,1631163,2914990,0.559577563
2000,NORTH CAROLINA,NC,US PRESIDENT,"GORE, AL",DEMOCRAT,FALSE,1257692,2914990,0.431456712
2000,NORTH CAROLINA,NC,US PRESIDENT,"BROWNE, HARRY",LIBERTARIAN,FALSE,13891,2914990,0.004765368
2000,NORTH CAROLINA,NC,US PRESIDENT,"BUCHANAN, PATRICK """"PAT""""",REFORM PARTY,FALSE,8874,2914990,0.003044264
2000,NORTH CAROLINA,NC,US PRESIDENT,NOT DESIGNATED,SOCIALIST,FALSE,3370,2914990,0.001156093
2000,NORTH DAKOTA,ND,US PRESIDENT,"BUSH, GEORGE W.",REPUBLICAN,FALSE,174852,288256,0.606585813
2000,NORTH DAKOTA,ND,US PRESIDENT,"GORE, AL",DEMOCRAT,FALSE,95284,288256,0.330553397
2000,NORTH DAKOTA,ND,US PRESIDENT,,INDEPENDENT,FALSE,10459,288256,0.03628372
2000,NORTH DAKOTA,ND,US PRESIDENT,"BUCHANAN, PATRICK """"PAT""""",REFORM PARTY,FALSE,7288,288256,0.025283082
2000,NORTH DAKOTA,ND,US PRESIDENT,"PHILLIPS, HOWARD",CONSTITUTION PARTY,FALSE,373,288256,0.001293989
2000,OHIO,OH,US PRESIDENT,"BUSH, GEORGE W.",REPUBLICAN,FALSE,2350363,4701998,0.499864738
2000,OHIO,OH,US PRESIDENT,"GORE, AL",DEMOCRAT,FALSE,2183628,4701998,0.464404281
2000,OHIO,OH,US PRESIDENT,NOT DESIGNATED,,FALSE,148353,4701998,0.031551056
2000,OHIO,OH,US PRESIDENT,"BROWNE, HARRY",LIBERTARIAN,FALSE,13473,4701998,0.002865378
2000,OHIO,OH,US PRESIDENT,"HAGELIN, JOHN",NATURAL LAW,FALSE,6181,4701998,0.001314548
2000,OKLAHOMA,OK,US PRESIDENT,"BUSH, GEORGE W.",REPUBLICAN,FALSE,744337,1234229,0.603078521
2000,OKLAHOMA,OK,US PRESIDENT,"GORE, AL",DEMOCRAT,FALSE,474276,1234229,0.384269046
2000,OKLAHOMA,OK,US PRESIDENT,"BUCHANAN, PATRICK """"PAT""""",REFORM PARTY,FALSE,9014,1234229,0.007303345
2000,OKLAHOMA,OK,US PRESIDENT,"BROWNE, HARRY",LIBERTARIAN,FALSE,6602,1234229,0.005349088
2000,OREGON,OR,US PRESIDENT,"GORE, AL",DEMOCRAT,FALSE,720342,1533950,0.4695994
2000,OREGON,OR,US PRESIDENT,"BUSH, GEORGE W.",REPUBLICAN,FALSE,713577,1533950,0.465189217
2000,OREGON,OR,US PRESIDENT,"NADER, RALPH",GREEN,FALSE,77357,1533950,0.050429936
2000,OREGON,OR,US PRESIDENT,"BROWNE, HARRY",LIBERTARIAN,FALSE,7447,1533950,0.004854787
2000,OREGON,OR,US PRESIDENT,"BUCHANAN, PATRICK """"PAT""""",INDEPENDENT,FALSE,7063,1533950,0.004604453
2000,OREGON,OR,US PRESIDENT,OTHER,,FALSE,3401,1533950,0.002217152
2000,OREGON,OR,US PRESIDENT,"BUCHANAN, PATRICK """"PAT""""",REFORM PARTY,FALSE,2574,1533950,0.001678021
2000,OREGON,OR,US PRESIDENT,"PHILLIPS, HOWARD",CONSTITUTION PARTY,FALSE,2189,1533950,0.001427035
2000,PENNSYLVANIA,PA,US PRESIDENT,"GORE, AL",DEMOCRAT,FALSE,2485967,4912185,0.506081713
2000,PENNSYLVANIA,PA,US PRESIDENT,"BUSH, GEORGE W.",REPUBLICAN,FALSE,2281127,4912185,0.464381329
2000,PENNSYLVANIA,PA,US PRESIDENT,"NADER, RALPH",GREEN,FALSE,103392,4912185,0.021048067
2000,PENNSYLVANIA,PA,US PRESIDENT,"BUCHANAN, PATRICK """"PAT""""",REFORM PARTY,FALSE,16023,4912185,0.003261889
2000,PENNSYLVANIA,PA,US PRESIDENT,"PHILLIPS, HOWARD",CONSTITUTION PARTY,FALSE,14428,4912185,0.002937186
2000,PENNSYLVANIA,PA,US PRESIDENT,"BROWNE, HARRY",LIBERTARIAN,FALSE,11248,4912185,0.002289816
2000,RHODE ISLAND,RI,US PRESIDENT,"GORE, AL",DEMOCRAT,FALSE,249508,409112,0.609877002
2000,RHODE ISLAND,RI,US PRESIDENT,"BUSH, GEORGE W.",REPUBLICAN,FALSE,130555,409112,0.319117992
2000,RHODE ISLAND,RI,US PRESIDENT,"NADER, RALPH",GREEN,FALSE,25052,409112,0.061235065
2000,RHODE ISLAND,RI,US PRESIDENT,"BUCHANAN, PATRICK """"PAT""""",REFORM PARTY,FALSE,2273,409112,0.005555936
2000,RHODE ISLAND,RI,US PRESIDENT,"BROWNE, HARRY",LIBERTARIAN,FALSE,742,409112,0.001813684
2000,RHODE ISLAND,RI,US PRESIDENT,,,TRUE,329,409112,0.000804181
2000,RHODE ISLAND,RI,US PRESIDENT,"HAGELIN, JOHN",NATURAL LAW,FALSE,271,409112,0.00066241
2000,RHODE ISLAND,RI,US PRESIDENT,"MOOREHEAD, MONICA",WORKERS WORLD,FALSE,199,409112,0.000486419
2000,RHODE ISLAND,RI,US PRESIDENT,"PHILLIPS, HOWARD",CONSTITUTION PARTY,FALSE,97,409112,0.000237099
2000,RHODE ISLAND,RI,US PRESIDENT,,SOCIALIST,FALSE,52,409112,0.000127105
2000,RHODE ISLAND,RI,US PRESIDENT,,SOCIALIST WORKERS,FALSE,34,409112,8.31068E-05
2000,SOUTH CAROLINA,SC,US PRESIDENT,"BUSH, GEORGE W.",REPUBLICAN,FALSE,786892,1383902,0.568603846
2000,SOUTH CAROLINA,SC,US PRESIDENT,"GORE, AL",DEMOCRAT,FALSE,566037,1383902,0.409015234
2000,SOUTH CAROLINA,SC,US PRESIDENT,"NADER, RALPH",UNITED CITIZENS,FALSE,20279,1383902,0.014653494
2000,SOUTH CAROLINA,SC,US PRESIDENT,"BROWNE, HARRY",LIBERTARIAN,FALSE,4760,1383902,0.00343955
2000,SOUTH CAROLINA,SC,US PRESIDENT,"BUCHANAN, PATRICK """"PAT""""",REFORM PARTY,FALSE,3309,1383902,0.002391065
2000,SOUTH CAROLINA,SC,US PRESIDENT,,CONSTITUTION PARTY,FALSE,1682,1383902,0.001215404
2000,SOUTH CAROLINA,SC,US PRESIDENT,"HAGELIN, JOHN",NATURAL LAW,FALSE,943,1383902,0.000681407
2000,SOUTH DAKOTA,SD,US PRESIDENT,"BUSH, GEORGE W.",REPUBLICAN,FALSE,190700,316269,0.602967727
2000,SOUTH DAKOTA,SD,US PRESIDENT,"GORE, AL",DEMOCRAT,FALSE,118804,316269,0.375642254
2000,SOUTH DAKOTA,SD,US PRESIDENT,"BUCHANAN, PATRICK """"PAT""""",REFORM PARTY,FALSE,3322,316269,0.010503717
2000,SOUTH DAKOTA,SD,US PRESIDENT,"PHILLIPS, HOWARD",INDEPENDENT,FALSE,1781,316269,0.005631282
2000,SOUTH DAKOTA,SD,US PRESIDENT,"BROWNE, HARRY",LIBERTARIAN,FALSE,1662,316269,0.00525502
2000,TENNESSEE,TN,US PRESIDENT,"BUSH, GEORGE W.",REPUBLICAN,FALSE,1061949,2076181,0.511491532
2000,TENNESSEE,TN,US PRESIDENT,"GORE, AL",DEMOCRAT,FALSE,981720,2076181,0.472848947
2000,TENNESSEE,TN,US PRESIDENT,,INDEPENDENT,FALSE,32084,2076181,0.015453373
2000,TENNESSEE,TN,US PRESIDENT,,,TRUE,428,2076181,0.000206148
2000,TEXAS,TX,US PRESIDENT,"BUSH, GEORGE W.",REPUBLICAN,FALSE,3799639,6407637,0.592985995
2000,TEXAS,TX,US PRESIDENT,"GORE, AL",DEMOCRAT,FALSE,2433746,6407637,0.379819581
2000,TEXAS,TX,US PRESIDENT,"NADER, RALPH",GREEN,FALSE,137994,6407637,0.021535864
2000,TEXAS,TX,US PRESIDENT,"BROWNE, HARRY",LIBERTARIAN,FALSE,23160,6407637,0.003614437
2000,TEXAS,TX,US PRESIDENT,,INDEPENDENT,FALSE,12394,6407637,0.001934254
2000,TEXAS,TX,US PRESIDENT,,,TRUE,704,6407637,0.000109869
2000,UTAH,UT,US PRESIDENT,"BUSH, GEORGE W.",REPUBLICAN,FALSE,515096,770754,0.66830143
2000,UTAH,UT,US PRESIDENT,"GORE, AL",DEMOCRAT,FALSE,203053,770754,0.263447222
2000,UTAH,UT,US PRESIDENT,"NADER, RALPH",GREEN,FALSE,35850,770754,0.046512895
2000,UTAH,UT,US PRESIDENT,"BUCHANAN, PATRICK """"PAT""""",REFORM PARTY,FALSE,9319,770754,0.012090758
2000,UTAH,UT,US PRESIDENT,"BROWNE, HARRY",LIBERTARIAN,FALSE,3616,770754,0.00469151
2000,UTAH,UT,US PRESIDENT,"PHILLIPS, HOWARD",INDEPENDENT AMERICAN,FALSE,2709,770754,0.00351474
2000,UTAH,UT,US PRESIDENT,"HAGELIN, JOHN",NATURAL LAW,FALSE,763,770754,0.00098994
2000,UTAH,UT,US PRESIDENT,"HARRIS, JAMES",SOCIALIST WORKERS,FALSE,186,770754,0.000241322
2000,UTAH,UT,US PRESIDENT,,NO PARTY AFFILIATION,FALSE,161,770754,0.000208886
2000,UTAH,UT,US PRESIDENT,,,TRUE,1,770754,1.29743E-06
2000,VERMONT,VT,US PRESIDENT,"GORE, AL",DEMOCRAT,FALSE,149022,294308,0.506347092
2000,VERMONT,VT,US PRESIDENT,"BUSH, GEORGE W.",REPUBLICAN,FALSE,119775,294308,0.406971608
2000,VERMONT,VT,US PRESIDENT,"NADER, RALPH",PROGRESSIVE/GREEN,FALSE,20374,294308,0.069226796
2000,VERMONT,VT,US PRESIDENT,"BUCHANAN, PATRICK """"PAT""""",REFORM PARTY,FALSE,2192,294308,0.00744798
2000,VERMONT,VT,US PRESIDENT,"DENNIS """"DENNY"""", LANE",VERMONT GRASSROOTS,FALSE,1044,294308,0.003547304
2000,VERMONT,VT,US PRESIDENT,"BROWNE, HARRY",LIBERTARIAN,FALSE,784,294308,0.002663876
2000,VERMONT,VT,US PRESIDENT,,,TRUE,514,294308,0.00174647
2000,VERMONT,VT,US PRESIDENT,"HAGELIN, JOHN",NATURAL LAW,FALSE,219,294308,0.000744118
2000,VERMONT,VT,US PRESIDENT,"MCREYNOLDS, DAVID",LIBERTY UNION PARTY,FALSE,161,294308,0.000547046
2000,VERMONT,VT,US PRESIDENT,"PHILLIPS, HOWARD",CONSTITUTION PARTY,FALSE,153,294308,0.000519864
2000,VERMONT,VT,US PRESIDENT,"HARRIS, JAMES",SOCIALIST WORKERS,FALSE,70,294308,0.000237846
2000,VIRGINIA,VA,US PRESIDENT,"BUSH, GEORGE W.",REPUBLICAN,FALSE,1437490,2739447,0.524737292
2000,VIRGINIA,VA,US PRESIDENT,"GORE, AL",DEMOCRAT,FALSE,1217290,2739447,0.444356105
2000,VIRGINIA,VA,US PRESIDENT,"NADER, RALPH",GREEN,FALSE,59398,2739447,0.021682478
2000,VIRGINIA,VA,US PRESIDENT,"BROWNE, HARRY",LIBERTARIAN,FALSE,15198,2739447,0.005547835
2000,VIRGINIA,VA,US PRESIDENT,"BUCHANAN, PATRICK """"PAT""""",REFORM PARTY,FALSE,5455,2739447,0.001991278
2000,VIRGINIA,VA,US PRESIDENT,,,TRUE,2807,2739447,0.001024659
2000,VIRGINIA,VA,US PRESIDENT,"PHILLIPS, HOWARD",CONSERVATIVE,FALSE,1809,2739447,0.000660352
2000,WASHINGTON,WA,US PRESIDENT,"GORE, AL",DEMOCRAT,FALSE,1247652,2487433,0.501582153
2000,WASHINGTON,WA,US PRESIDENT,"BUSH, GEORGE W.",REPUBLICAN,FALSE,1108864,2487433,0.445786479
2000,WASHINGTON,WA,US PRESIDENT,"NADER, RALPH",GREEN,FALSE,103002,2487433,0.041408955
2000,WASHINGTON,WA,US PRESIDENT,"BROWNE, HARRY",LIBERTARIAN,FALSE,13135,2487433,0.005280544
2000,WASHINGTON,WA,US PRESIDENT,"BUCHANAN, PATRICK """"PAT""""",FREEDOM,FALSE,7171,2487433,0.002882892
2000,WASHINGTON,WA,US PRESIDENT,"HAGELIN, JOHN",NATURAL LAW,FALSE,2927,2487433,0.001176715
2000,WASHINGTON,WA,US PRESIDENT,"PHILLIPS, HOWARD",CONSTITUTION PARTY,FALSE,1989,2487433,0.00079962
2000,WASHINGTON,WA,US PRESIDENT,"MOOREHEAD, MONICA",WORKERS WORLD,FALSE,1729,2487433,0.000695094
2000,WASHINGTON,WA,US PRESIDENT,"MCREYNOLDS, DAVID",SOCIALIST,FALSE,660,2487433,0.000265334
2000,WASHINGTON,WA,US PRESIDENT,"HARRIS, JAMES",SOCIALIST WORKERS,FALSE,304,2487433,0.000122214
2000,WEST VIRGINIA,WV,US PRESIDENT,"BUSH, GEORGE W.",REPUBLICAN,FALSE,336475,648124,0.519152199
2000,WEST VIRGINIA,WV,US PRESIDENT,"GORE, AL",DEMOCRAT,FALSE,295497,648124,0.455926644
2000,WEST VIRGINIA,WV,US PRESIDENT,"NADER, RALPH",GREEN,FALSE,10680,648124,0.016478328
2000,WEST VIRGINIA,WV,US PRESIDENT,"BUCHANAN, PATRICK """"PAT""""",REFORM PARTY,FALSE,3169,648124,0.004889496
2000,WEST VIRGINIA,WV,US PRESIDENT,"BROWNE, HARRY",LIBERTARIAN,FALSE,1912,648124,0.002950053
2000,WEST VIRGINIA,WV,US PRESIDENT,"HAGELIN, JOHN",NATURAL LAW,FALSE,367,648124,0.00056625
2000,WEST VIRGINIA,WV,US PRESIDENT,,,TRUE,24,648124,3.703E-05
2000,WISCONSIN,WI,US PRESIDENT,"GORE, AL",DEMOCRAT,FALSE,1242987,2598607,0.478328197
2000,WISCONSIN,WI,US PRESIDENT,"BUSH, GEORGE W.",REPUBLICAN,FALSE,1237279,2598607,0.476131635
2000,WISCONSIN,WI,US PRESIDENT,"NADER, RALPH",GREEN,FALSE,94070,2598607,0.036200164
2000,WISCONSIN,WI,US PRESIDENT,,INDEPENDENT,FALSE,13693,2598607,0.005269362
2000,WISCONSIN,WI,US PRESIDENT,"BROWNE, HARRY",LIBERTARIAN,FALSE,6640,2598607,0.002555215
2000,WISCONSIN,WI,US PRESIDENT,,CONSTITUTION PARTY,FALSE,2042,2598607,0.000785806
2000,WISCONSIN,WI,US PRESIDENT,SCATTERING,,FALSE,1896,2598607,0.000729622
2000,WYOMING,WY,US PRESIDENT,"BUSH, GEORGE W.",REPUBLICAN,FALSE,147947,213726,0.692227431
2000,WYOMING,WY,US PRESIDENT,"GORE, AL",DEMOCRAT,FALSE,60481,213726,0.28298382
2000,WYOMING,WY,US PRESIDENT,"BUCHANAN, PATRICK """"PAT""""",REFORM PARTY,FALSE,2724,213726,0.012745291
2000,WYOMING,WY,US PRESIDENT,"BROWNE, HARRY",LIBERTARIAN,FALSE,1443,213726,0.006751635
2000,WYOMING,WY,US PRESIDENT,"PHILLIPS, HOWARD",INDEPENDENT,FALSE,720,213726,0.003368799
2000,WYOMING,WY,US PRESIDENT,"HAGELIN, JOHN",NATURAL LAW,FALSE,411,213726,0.001923023
2004,ALABAMA,AL,US PRESIDENT,"BUSH, GEORGE W.",REPUBLICAN,FALSE,1176394,1883415,0.624606898
2004,ALABAMA,AL,US PRESIDENT,"KERRY, JOHN",DEMOCRAT,FALSE,693933,1883415,0.368444023
2004,ALABAMA,AL,US PRESIDENT,OTHER,INDEPENDENT,FALSE,12190,1883415,0.006472286
2004,ALABAMA,AL,US PRESIDENT,OTHER,,TRUE,898,1883415,0.000476793
2004,ALASKA,AK,US PRESIDENT,"BUSH, GEORGE W.",REPUBLICAN,FALSE,190889,312598,0.610653299
2004,ALASKA,AK,US PRESIDENT,"KERRY, JOHN",DEMOCRAT,FALSE,111025,312598,0.355168619
2004,ALASKA,AK,US PRESIDENT,"NADER, RALPH",POPULIST,FALSE,5069,312598,0.016215715
2004,ALASKA,AK,US PRESIDENT,"PEROUTKA, MICHAEL",ALASKAN INDEPENDENCE PARTY,FALSE,2092,312598,0.006692301
2004,ALASKA,AK,US PRESIDENT,"BADNARIK, MICHAEL",LIBERTARIAN,FALSE,1675,312598,0.00535832
2004,ALASKA,AK,US PRESIDENT,"COBB, DAVID",GREEN,FALSE,1058,312598,0.003384539
2004,ALASKA,AK,US PRESIDENT,OTHER,,TRUE,790,312598,0.002527207
2004,ARIZONA,AZ,US PRESIDENT,"BUSH, GEORGE W.",REPUBLICAN,FALSE,1104294,2012585,0.548694341
2004,ARIZONA,AZ,US PRESIDENT,"KERRY, JOHN",DEMOCRAT,FALSE,893524,2012585,0.443968329
2004,ARIZONA,AZ,US PRESIDENT,"BADNARIK, MICHAEL",LIBERTARIAN,FALSE,11856,2012585,0.005890931
2004,ARIZONA,AZ,US PRESIDENT,OTHER,,TRUE,2911,2012585,0.001446399
2004,ARKANSAS,AR,US PRESIDENT,"BUSH, GEORGE W.",REPUBLICAN,FALSE,572898,1054945,0.543059591
2004,ARKANSAS,AR,US PRESIDENT,"KERRY, JOHN",DEMOCRAT,FALSE,469953,1054945,0.445476304
2004,ARKANSAS,AR,US PRESIDENT,"NADER, RALPH",POPULIST,FALSE,6171,1054945,0.005849594
2004,ARKANSAS,AR,US PRESIDENT,"BADNARIK, MICHAEL",LIBERTARIAN,FALSE,2352,1054945,0.0022295
2004,ARKANSAS,AR,US PRESIDENT,"PEROUTKA, MICHAEL",CONSTITUTION PARTY,FALSE,2083,1054945,0.001974511
2004,ARKANSAS,AR,US PRESIDENT,"COBB, DAVID",GREEN,FALSE,1488,1054945,0.0014105
2004,CALIFORNIA,CA,US PRESIDENT,"KERRY, JOHN",DEMOCRAT,FALSE,6745485,12421353,0.543055575
2004,CALIFORNIA,CA,US PRESIDENT,"BUSH, GEORGE W.",REPUBLICAN,FALSE,5509826,12421353,0.44357696
2004,CALIFORNIA,CA,US PRESIDENT,"BADNARIK, MICHAEL",LIBERTARIAN,FALSE,50165,12421353,0.00403861
2004,CALIFORNIA,CA,US PRESIDENT,"COBB, DAVID",GREEN,FALSE,40771,12421353,0.003282332
2004,CALIFORNIA,CA,US PRESIDENT,"PELTIER, LEONARD",PEACE & FREEDOM,FALSE,27607,12421353,0.002222544
2004,CALIFORNIA,CA,US PRESIDENT,"PEROUTKA, MICHAEL",AMERICAN INDEPENDENT PARTY,FALSE,26645,12421353,0.002145096
2004,CALIFORNIA,CA,US PRESIDENT,OTHER,,TRUE,20854,12421353,0.001678883
2004,COLORADO,CO,US PRESIDENT,"BUSH, GEORGE W.",REPUBLICAN,FALSE,1101255,2129630,0.517110954
2004,COLORADO,CO,US PRESIDENT,"KERRY, JOHN",DEMOCRAT,FALSE,1001732,2129630,0.470378423
2004,COLORADO,CO,US PRESIDENT,"NADER, RALPH",REFORM PARTY,FALSE,12718,2129630,0.005971929
2004,COLORADO,CO,US PRESIDENT,"BADNARIK, MICHAEL",LIBERTARIAN,FALSE,7664,2129630,0.003598747
2004,COLORADO,CO,US PRESIDENT,"PEROUTKA, MICHAEL",AMERICAN CONSTITUTION PARTY,FALSE,2562,2129630,0.001203026
2004,COLORADO,CO,US PRESIDENT,"COBB, DAVID",GREEN,FALSE,1591,2129630,0.000747078
2004,COLORADO,CO,US PRESIDENT,"ANDRESS, STANFORD",UNAFFILIATED,FALSE,804,2129630,0.00037753
2004,COLORADO,CO,US PRESIDENT,"AMONDSON, GENE",CONCERNS OF PEOPLE,FALSE,378,2129630,0.000177496
2004,COLORADO,CO,US PRESIDENT,"VAN AUKEN, BILL",SOCIALIST EQUALITY PARTY,FALSE,329,2129630,0.000154487
2004,COLORADO,CO,US PRESIDENT,"CALERO, ROGER",SOCIALIST WORKERS,FALSE,241,2129630,0.000113165
2004,COLORADO,CO,US PRESIDENT,"BROWN, WALT",SOCIALIST,FALSE,216,2129630,0.000101426
2004,COLORADO,CO,US PRESIDENT,"DODGE, EARL",PROHIBITION,FALSE,140,2129630,6.57391E-05
2004,CONNECTICUT,CT,US PRESIDENT,"KERRY, JOHN",DEMOCRAT,FALSE,857488,1578769,0.54313709
2004,CONNECTICUT,CT,US PRESIDENT,"BUSH, GEORGE W.",REPUBLICAN,FALSE,693826,1578769,0.439472779
2004,CONNECTICUT,CT,US PRESIDENT,"NADER, RALPH",PETITIONING CANDIDATE,FALSE,12969,1578769,0.008214628
2004,CONNECTICUT,CT,US PRESIDENT,"COBB, DAVID",GREEN,FALSE,9564,1578769,0.006057884
2004,CONNECTICUT,CT,US PRESIDENT,"BADNARIK, MICHAEL",LIBERTARIAN,FALSE,3367,1578769,0.002132674
2004,CONNECTICUT,CT,US PRESIDENT,"PEROUTKA, MICHAEL",CONCERNED CITIZENS,FALSE,1543,1578769,0.000977344
2004,CONNECTICUT,CT,US PRESIDENT,"CALERO, ROGER",SOCIALIST WORKERS,TRUE,12,1578769,7.60086E-06
2004,DELAWARE,DE,US PRESIDENT,"KERRY, JOHN",DEMOCRAT,FALSE,200152,375190,0.533468376
2004,DELAWARE,DE,US PRESIDENT,"BUSH, GEORGE W.",REPUBLICAN,FALSE,171660,375190,0.457528186
2004,DELAWARE,DE,US PRESIDENT,"NADER, RALPH",INDEPENDENT,FALSE,2153,375190,0.005738426
2004,DELAWARE,DE,US PRESIDENT,"BADNARIK, MICHAEL",LIBERTARIAN,FALSE,586,375190,0.001561875
2004,DELAWARE,DE,US PRESIDENT,"PEROUTKA, MICHAEL",CONSTITUTION PARTY,FALSE,289,375190,0.000770276
2004,DELAWARE,DE,US PRESIDENT,"COBB, DAVID",GREEN,FALSE,250,375190,0.000666329
2004,DELAWARE,DE,US PRESIDENT,"BROWN, WALT",NATURAL LAW,FALSE,100,375190,0.000266532
2004,DISTRICT OF COLUMBIA,DC,US PRESIDENT,"KERRY, JOHN",DEMOCRAT,FALSE,202970,227586,0.89183869
2004,DISTRICT OF COLUMBIA,DC,US PRESIDENT,"BUSH, GEORGE W.",REPUBLICAN,FALSE,21256,227586,0.093397661
2004,DISTRICT OF COLUMBIA,DC,US PRESIDENT,"NADER, RALPH",INDEPENDENT,FALSE,1485,227586,0.006525006
2004,DISTRICT OF COLUMBIA,DC,US PRESIDENT,"COBB, DAVID",D.C. STATEHOOD GREEN,FALSE,737,227586,0.003238336
2004,DISTRICT OF COLUMBIA,DC,US PRESIDENT,OTHERS,,TRUE,506,227586,0.002223335
2004,DISTRICT OF COLUMBIA,DC,US PRESIDENT,"BADNARIK, MICHAEL",LIBERTARIAN,FALSE,502,227586,0.00220576
2004,DISTRICT OF COLUMBIA,DC,US PRESIDENT,"CALERO, ROGER",SOCIALIST WORKERS,FALSE,130,227586,0.000571213
2004,FLORIDA,FL,US PRESIDENT,"BUSH, GEORGE W.",REPUBLICAN,FALSE,3964522,7609810,0.520975162
2004,FLORIDA,FL,US PRESIDENT,"KERRY, JOHN",DEMOCRAT,FALSE,3583544,7609810,0.4709111
2004,FLORIDA,FL,US PRESIDENT,"NADER, RALPH",REFORM PARTY,FALSE,32971,7609810,0.004332697
2004,FLORIDA,FL,US PRESIDENT,"BADNARIK, MICHAEL",LIBERTARIAN,FALSE,11996,7609810,0.001576386
2004,FLORIDA,FL,US PRESIDENT,"PEROUTKA, MICHAEL",CONSTITUTION PARTY OF FLORIDA,FALSE,6626,7609810,0.000870718
2004,FLORIDA,FL,US PRESIDENT,"COBB, DAVID",GREEN,FALSE,3917,7609810,0.00051473
2004,FLORIDA,FL,US PRESIDENT,"BROWN, WALT",SOCIALIST PARTY OF FLORIDA,FALSE,3502,7609810,0.000460195
2004,FLORIDA,FL,US PRESIDENT,"CALERO, ROGER",SOCIALIST WORKERS,FALSE,2732,7609810,0.00035901
2004,GEORGIA,GA,US PRESIDENT,"BUSH, GEORGE W.",REPUBLICAN,FALSE,1914254,3301875,0.579747568
2004,GEORGIA,GA,US PRESIDENT,"KERRY, JOHN",DEMOCRAT,FALSE,1366149,3301875,0.413749461
2004,GEORGIA,GA,US PRESIDENT,"BADNARIK, MICHAEL",LIBERTARIAN,FALSE,18387,3301875,0.005568654
2004,GEORGIA,GA,US PRESIDENT,OTHER,,TRUE,3085,3301875,0.000934318
2004,HAWAII,HI,US PRESIDENT,"KERRY, JOHN",DEMOCRAT,FALSE,231708,429013,0.540095522
2004,HAWAII,HI,US PRESIDENT,"BUSH, GEORGE W.",REPUBLICAN,FALSE,194191,429013,0.452645957
2004,HAWAII,HI,US PRESIDENT,"COBB, DAVID",GREEN,FALSE,1737,429013,0.004048828
2004,HAWAII,HI,US PRESIDENT,"BADNARIK, MICHAEL",LIBERTARIAN,FALSE,1377,429013,0.003209693
2004,IDAHO,ID,US PRESIDENT,"BUSH, GEORGE W.",REPUBLICAN,FALSE,409235,598376,0.683909448
2004,IDAHO,ID,US PRESIDENT,"KERRY, JOHN",DEMOCRAT,FALSE,181098,598376,0.30264917
2004,IDAHO,ID,US PRESIDENT,"BADNARIK, MICHAEL",LIBERTARIAN,FALSE,3844,598376,0.006424054
2004,IDAHO,ID,US PRESIDENT,"PEROUTKA, MICHAEL",CONSTITUTION PARTY,FALSE,3084,598376,0.00515395
2004,IDAHO,ID,US PRESIDENT,"NADER, RALPH",INDEPENDENT,FALSE,1115,598376,0.001863377
2004,ILLINOIS,IL,US PRESIDENT,"KERRY, JOHN",DEMOCRAT,FALSE,2891550,5274322,0.548231602
2004,ILLINOIS,IL,US PRESIDENT,"BUSH, GEORGE W.",REPUBLICAN,FALSE,2345946,5274322,0.444786268
2004,ILLINOIS,IL,US PRESIDENT,"BADNARIK, MICHAEL",LIBERTARIAN,FALSE,32442,5274322,0.006150933
2004,ILLINOIS,IL,US PRESIDENT,OTHER,,TRUE,4384,5274322,0.000831197
2004,INDIANA,IN,US PRESIDENT,"BUSH, GEORGE W.",REPUBLICAN,FALSE,1479438,2468002,0.59944765
2004,INDIANA,IN,US PRESIDENT,"KERRY, JOHN",DEMOCRAT,FALSE,969011,2468002,0.392629747
2004,INDIANA,IN,US PRESIDENT,"BADNARIK, MICHAEL",LIBERTARIAN,FALSE,18058,2468002,0.00731685
2004,INDIANA,IN,US PRESIDENT,OTHER,,TRUE,1495,2468002,0.000605753
2004,IOWA,IA,US PRESIDENT,"BUSH, GEORGE W.",REPUBLICAN,FALSE,751957,1506908,0.499006575
2004,IOWA,IA,US PRESIDENT,"KERRY, JOHN",DEMOCRAT,FALSE,741898,1506908,0.492331317
2004,IOWA,IA,US PRESIDENT,OTHER,,FALSE,6149,1506908,0.004080541
2004,IOWA,IA,US PRESIDENT,"BADNARIK, MICHAEL",LIBERTARIAN,FALSE,2992,1506908,0.001985523
2004,IOWA,IA,US PRESIDENT,"PEROUTKA, MICHAEL",CONSTITUTION PARTY,FALSE,1304,1506908,0.000865348
2004,IOWA,IA,US PRESIDENT,"COBB, DAVID",GREEN,FALSE,1141,1506908,0.00075718
2004,IOWA,IA,US PRESIDENT,OTHER,,TRUE,1094,1506908,0.00072599
2004,IOWA,IA,US PRESIDENT,"CALERO, ROGER",SOCIALIST WORKERS,FALSE,373,1506908,0.000247527
2004,KANSAS,KS,US PRESIDENT,"BUSH, GEORGE W.",REPUBLICAN,FALSE,736456,1187756,0.620039806
2004,KANSAS,KS,US PRESIDENT,"KERRY, JOHN",DEMOCRAT,FALSE,434993,1187756,0.366230943
2004,KANSAS,KS,US PRESIDENT,"NADER, RALPH",REFORM PARTY,FALSE,9348,1187756,0.007870303
2004,KANSAS,KS,US PRESIDENT,"BADNARIK, MICHAEL",LIBERTARIAN,FALSE,4013,1187756,0.00337864
2004,KANSAS,KS,US PRESIDENT,"PEROUTKA, MICHAEL",INDEPENDENT,FALSE,2899,1187756,0.002440737
2004,KANSAS,KS,US PRESIDENT,OTHER,,TRUE,47,1187756,3.95704E-05
2004,KENTUCKY,KY,US PRESIDENT,"BUSH, GEORGE W.",REPUBLICAN,FALSE,1069439,1795882,0.595495138
2004,KENTUCKY,KY,US PRESIDENT,"KERRY, JOHN",DEMOCRAT,FALSE,712733,1795882,0.39687073
2004,KENTUCKY,KY,US PRESIDENT,"NADER, RALPH",INDEPENDENT,FALSE,8856,1795882,0.004931282
2004,KENTUCKY,KY,US PRESIDENT,"BADNARIK, MICHAEL",LIBERTARIAN,FALSE,2619,1795882,0.001458336
2004,KENTUCKY,KY,US PRESIDENT,"PEROUTKA, MICHAEL",CONSTITUTION PARTY,FALSE,2213,1795882,0.001232264
2004,KENTUCKY,KY,US PRESIDENT,OTHER,,TRUE,22,1795882,1.22502E-05
2004,LOUISIANA,LA,US PRESIDENT,"BUSH, GEORGE W.",REPUBLICAN,FALSE,1102169,1943106,0.567220213
2004,LOUISIANA,LA,US PRESIDENT,"KERRY, JOHN",DEMOCRAT,FALSE,820299,1943106,0.422158647
2004,LOUISIANA,LA,US PRESIDENT,"NADER, RALPH",INDEPENDENT,FALSE,7032,1943106,0.003618948
2004,LOUISIANA,LA,US PRESIDENT,"PEROUTKA, MICHAEL",CONSTITUTION PARTY,FALSE,5203,1943106,0.002677672
2004,LOUISIANA,LA,US PRESIDENT,"BADNARIK, MICHAEL",LIBERTARIAN,FALSE,2781,1943106,0.001431214
2004,LOUISIANA,LA,US PRESIDENT,"BROWN, WALT",PROTECTING WORKING FAMILIES,FALSE,1795,1943106,0.000923779
2004,LOUISIANA,LA,US PRESIDENT,"AMONDSON, GENE",PROHIBITION,FALSE,1566,1943106,0.000805926
2004,LOUISIANA,LA,US PRESIDENT,"COBB, DAVID",GREEN,FALSE,1276,1943106,0.000656681
2004,LOUISIANA,LA,US PRESIDENT,"CALERO, ROGER",SOCIALIST,FALSE,985,1943106,0.00050692
2004,MAINE,ME,US PRESIDENT,"KERRY, JOHN",DEMOCRAT,FALSE,396842,740752,0.535728557
2004,MAINE,ME,US PRESIDENT,"BUSH, GEORGE W.",REPUBLICAN,FALSE,330201,740752,0.445764574
2004,MAINE,ME,US PRESIDENT,"THE BETTER LIFE,",INDEPENDENT,FALSE,8069,740752,0.010892984
2004,MAINE,ME,US PRESIDENT,"COBB, DAVID",GREEN,FALSE,2936,740752,0.00396354
2004,MAINE,ME,US PRESIDENT,"BADNARIK, MICHAEL",LIBERTARIAN,FALSE,1965,740752,0.00265271
2004,MAINE,ME,US PRESIDENT,"PEROUTKA, MICHAEL",CONSTITUTION PARTY,FALSE,735,740752,0.000992235
2004,MAINE,ME,US PRESIDENT,BLANK VOTE/SCATTERING,,FALSE,4,740752,5.39992E-06
2004,MARYLAND,MD,US PRESIDENT,"KERRY, JOHN",DEMOCRAT,FALSE,1334493,2384238,0.559714676
2004,MARYLAND,MD,US PRESIDENT,"BUSH, GEORGE W.",REPUBLICAN,FALSE,1024703,2384238,0.429782178
2004,MARYLAND,MD,US PRESIDENT,"NADER, RALPH",POPULIST,FALSE,11854,2384238,0.004971819
2004,MARYLAND,MD,US PRESIDENT,"BADNARIK, MICHAEL",LIBERTARIAN,FALSE,6094,2384238,0.002555953
2004,MARYLAND,MD,US PRESIDENT,"COBB, DAVID",GREEN,FALSE,3632,2384238,0.001523338
2004,MARYLAND,MD,US PRESIDENT,"PEROUTKA, MICHAEL",CONSTITUTION PARTY,FALSE,3421,2384238,0.00143484
2004,MARYLAND,MD,US PRESIDENT,OTHER,UNAFFILIATED,TRUE,34,2384238,1.42603E-05
2004,MARYLAND,MD,US PRESIDENT,OTHER,DEMOCRAT,TRUE,7,2384238,2.93595E-06
2004,MASSACHUSETTS,MA,US PRESIDENT,"KERRY, JOHN",DEMOCRAT,FALSE,1803800,2927455,0.616166602
2004,MASSACHUSETTS,MA,US PRESIDENT,"BUSH, GEORGE W.",REPUBLICAN,FALSE,1071109,2927455,0.365884019
2004,MASSACHUSETTS,MA,US PRESIDENT,BLANK VOTE/SCATTERING,,FALSE,15067,2927455,0.005146791
2004,MASSACHUSETTS,MA,US PRESIDENT,"BADNARIK, MICHAEL",LIBERTARIAN,FALSE,15022,2927455,0.00513142
2004,MASSACHUSETTS,MA,US PRESIDENT,"COBB, DAVID",GREEN-RAINBOW,FALSE,10623,2927455,0.003628749
2004,MASSACHUSETTS,MA,US PRESIDENT,OTHER,,FALSE,7028,2927455,0.00240072
2004,MASSACHUSETTS,MA,US PRESIDENT,"NADER, RALPH",INDEPENDENT,TRUE,4806,2927455,0.001641699
2004,MICHIGAN,MI,US PRESIDENT,"KERRY, JOHN",DEMOCRAT,FALSE,2479183,4839252,0.512307067
2004,MICHIGAN,MI,US PRESIDENT,"BUSH, GEORGE W.",REPUBLICAN,FALSE,2313746,4839252,0.478120586
2004,MICHIGAN,MI,US PRESIDENT,"NADER, RALPH",NO PARTY AFFILIATION,FALSE,24035,4839252,0.004966677
2004,MICHIGAN,MI,US PRESIDENT,"BADNARIK, MICHAEL",LIBERTARIAN,FALSE,10552,4839252,0.002180502
2004,MICHIGAN,MI,US PRESIDENT,"COBB, DAVID",GREEN,FALSE,5325,4839252,0.001100377
2004,MICHIGAN,MI,US PRESIDENT,"PEROUTKA, MICHAEL",U.S. TAXPAYERS PARTY,FALSE,4980,4839252,0.001029085
2004,MICHIGAN,MI,US PRESIDENT,"BROWN, WALT",NATURAL LAW,FALSE,1431,4839252,0.000295707
2004,MINNESOTA,MN,US PRESIDENT,"KERRY, JOHN",DEMOCRATIC-FARMER-LABOR,FALSE,1445014,2828387,0.510896847
2004,MINNESOTA,MN,US PRESIDENT,"BUSH, GEORGE W.",REPUBLICAN,FALSE,1346695,2828387,0.476135338
2004,MINNESOTA,MN,US PRESIDENT,"NADER, RALPH",BETTER LIFE,FALSE,18683,2828387,0.006605532
2004,MINNESOTA,MN,US PRESIDENT,"BADNARIK, MICHAEL",LIBERTARIAN,FALSE,4639,2828387,0.001640157
2004,MINNESOTA,MN,US PRESIDENT,"COBB, DAVID",GREEN,FALSE,4408,2828387,0.001558485
2004,MINNESOTA,MN,US PRESIDENT,"PEROUTKA, MICHAEL",CONSTITUTION PARTY,FALSE,3074,2828387,0.001086839
2004,MINNESOTA,MN,US PRESIDENT,OTHER,,TRUE,2532,2828387,0.00089521
2004,MINNESOTA,MN,US PRESIDENT,"HARENS, THOMAS",CHRISTIAN FREEDOM PARTY,FALSE,2387,2828387,0.000843944
2004,MINNESOTA,MN,US PRESIDENT,"VAN AUKEN, BILL",SOCIALIST EQUALITY PARTY,FALSE,539,2828387,0.000190568
2004,MINNESOTA,MN,US PRESIDENT,"CALERO, ROGER",SOCIALIST WORKERS,FALSE,416,2828387,0.00014708
2004,MISSISSIPPI,MS,US PRESIDENT,"BUSH, GEORGE W.",REPUBLICAN,FALSE,672660,1139824,0.590143741
2004,MISSISSIPPI,MS,US PRESIDENT,"KERRY, JOHN",DEMOCRAT,FALSE,457766,1139824,0.401611126
2004,MISSISSIPPI,MS,US PRESIDENT,"NADER, RALPH",REFORM PARTY,FALSE,3175,1139824,0.002785518
2004,MISSISSIPPI,MS,US PRESIDENT,"BADNARIK, MICHAEL",LIBERTARIAN,FALSE,1793,1139824,0.00157305
2004,MISSISSIPPI,MS,US PRESIDENT,"PEROUTKA, MICHAEL",CONSTITUTION PARTY,FALSE,1758,1139824,0.001542343
2004,MISSISSIPPI,MS,US PRESIDENT,"CALERO, ROGER",INDEPENDENT,FALSE,1599,1139824,0.001402848
2004,MISSISSIPPI,MS,US PRESIDENT,"COBB, DAVID",GREEN,FALSE,1073,1139824,0.000941373
2004,MISSOURI,MO,US PRESIDENT,"BUSH, GEORGE W.",REPUBLICAN,FALSE,1455713,2731364,0.532961919
2004,MISSOURI,MO,US PRESIDENT,"KERRY, JOHN",DEMOCRAT,FALSE,1259171,2731364,0.461004465
2004,MISSOURI,MO,US PRESIDENT,"BADNARIK, MICHAEL",LIBERTARIAN,FALSE,9831,2731364,0.003599301
2004,MISSOURI,MO,US PRESIDENT,"PEROUTKA, MICHAEL",CONSTITUTION PARTY,FALSE,5355,2731364,0.001960559
2004,MISSOURI,MO,US PRESIDENT,"NADER, RALPH",INDEPENDENT,TRUE,1294,2731364,0.000473756
2004,MONTANA,MT,US PRESIDENT,"BUSH, GEORGE W.",REPUBLICAN,FALSE,266063,450434,0.590681432
2004,MONTANA,MT,US PRESIDENT,"KERRY, JOHN",DEMOCRAT,FALSE,173710,450434,0.385650284
2004,MONTANA,MT,US PRESIDENT,"NADER, RALPH",INDEPENDENT,FALSE,6168,450434,0.01369346
2004,MONTANA,MT,US PRESIDENT,"PEROUTKA, MICHAEL",CONSTITUTION PARTY,FALSE,1764,450434,0.003916223
2004,MONTANA,MT,US PRESIDENT,"BADNARIK, MICHAEL",LIBERTARIAN,FALSE,1733,450434,0.003847401
2004,MONTANA,MT,US PRESIDENT,"COBB, DAVID",GREEN,FALSE,996,450434,0.002211201
2004,NEBRASKA,NE,US PRESIDENT,"BUSH, GEORGE W.",REPUBLICAN,FALSE,512814,778186,0.658986412
2004,NEBRASKA,NE,US PRESIDENT,"KERRY, JOHN",DEMOCRAT,FALSE,254328,778186,0.326821608
2004,NEBRASKA,NE,US PRESIDENT,"NADER, RALPH",REFORM PARTY,FALSE,5780,778186,0.00742753
2004,NEBRASKA,NE,US PRESIDENT,"BADNARIK, MICHAEL",LIBERTARIAN,FALSE,2041,778186,0.002622766
2004,NEBRASKA,NE,US PRESIDENT,OTHER,NEBRASKA PARTY,FALSE,1314,778186,0.001688542
2004,NEBRASKA,NE,US PRESIDENT,"COBB, DAVID",GREEN,FALSE,978,778186,0.001256769
2004,NEBRASKA,NE,US PRESIDENT,OTHER,,TRUE,931,778186,0.001196372
2004,NEVADA,NV,US PRESIDENT,"BUSH, GEORGE W.",REPUBLICAN,FALSE,418690,829587,0.504696915
2004,NEVADA,NV,US PRESIDENT,"KERRY, JOHN",DEMOCRAT,FALSE,397190,829587,0.478780405
2004,NEVADA,NV,US PRESIDENT,"NADER, RALPH",INDEPENDENT,FALSE,4838,829587,0.005831818
2004,NEVADA,NV,US PRESIDENT,OTHER,,FALSE,3688,829587,0.004445586
2004,NEVADA,NV,US PRESIDENT,"BADNARIK, MICHAEL",LIBERTARIAN,FALSE,3176,829587,0.003828411
2004,NEVADA,NV,US PRESIDENT,"PEROUTKA, MICHAEL",INDEPENDENT AMERICAN,FALSE,1152,829587,0.001388643
2004,NEVADA,NV,US PRESIDENT,"COBB, DAVID",GREEN,FALSE,853,829587,0.001028222
2004,NEW HAMPSHIRE,NH,US PRESIDENT,"KERRY, JOHN",DEMOCRAT,FALSE,340511,678287,0.502016108
2004,NEW HAMPSHIRE,NH,US PRESIDENT,"BUSH, GEORGE W.",REPUBLICAN,FALSE,331237,678287,0.48834343
2004,NEW HAMPSHIRE,NH,US PRESIDENT,"NADER, RALPH",INDEPENDENT,FALSE,4479,678287,0.006603399
2004,NEW HAMPSHIRE,NH,US PRESIDENT,OTHER,,FALSE,1095,678287,0.001614361
2004,NEW HAMPSHIRE,NH,US PRESIDENT,OTHER,,TRUE,965,678287,0.001422702
2004,NEW JERSEY,NJ,US PRESIDENT,"KERRY, JOHN",DEMOCRAT,FALSE,1911430,3611691,0.52923409
2004,NEW JERSEY,NJ,US PRESIDENT,"BUSH, GEORGE W.",REPUBLICAN,FALSE,1670003,3611691,0.462388117
2004,NEW JERSEY,NJ,US PRESIDENT,OTHER,INDEPENDENT,FALSE,30258,3611691,0.008377793
2004,NEW MEXICO,NM,US PRESIDENT,"BUSH, GEORGE W.",REPUBLICAN,FALSE,376930,756304,0.498384248
2004,NEW MEXICO,NM,US PRESIDENT,"KERRY, JOHN",DEMOCRAT,FALSE,370942,756304,0.490466796
2004,NEW MEXICO,NM,US PRESIDENT,"NADER, RALPH",INDEPENDENT,FALSE,4053,756304,0.005358956
2004,NEW MEXICO,NM,US PRESIDENT,"BADNARIK, MICHAEL",LIBERTARIAN,FALSE,2382,756304,0.003149527
2004,NEW MEXICO,NM,US PRESIDENT,"COBB, DAVID",GREEN,FALSE,1226,756304,0.001621041
2004,NEW MEXICO,NM,US PRESIDENT,"PEROUTKA, MICHAEL",CONSTITUTION PARTY,FALSE,771,756304,0.001019431
2004,NEW YORK,NY,US PRESIDENT,"KERRY, JOHN",DEMOCRAT,FALSE,4180755,7448266,0.561305813
2004,NEW YORK,NY,US PRESIDENT,"BUSH, GEORGE W.",REPUBLICAN,FALSE,2806993,7448266,0.3768653
2004,NEW YORK,NY,US PRESIDENT,"BUSH, GEORGE W.",CONSERVATIVE,FALSE,155574,7448266,0.020887278
2004,NEW YORK,NY,US PRESIDENT,"KERRY, JOHN",WORKING FAMILIES,FALSE,133525,7448266,0.017926991
2004,NEW YORK,NY,US PRESIDENT,"NADER, RALPH",INDEPENDENCE,FALSE,84247,7448266,0.011310955
2004,NEW YORK,NY,US PRESIDENT,BLANK VOTE/SCATTERING,,FALSE,57230,7448266,0.007683668
2004,NEW YORK,NY,US PRESIDENT,"NADER, RALPH",PEACE AND JUSTICE,FALSE,15626,7448266,0.002097938
2004,NEW YORK,NY,US PRESIDENT,"BADNARIK, MICHAEL",LIBERTARIAN,FALSE,11607,7448266,0.001558349
2004,NEW YORK,NY,US PRESIDENT,"CALERO, ROGER",SOCIALIST WORKERS,FALSE,2405,7448266,0.000322894
2004,NEW YORK,NY,US PRESIDENT,OTHER,,TRUE,304,7448266,4.08149E-05
2004,NORTH CAROLINA,NC,US PRESIDENT,"BUSH, GEORGE W.",REPUBLICAN,FALSE,1961166,3501007,0.560171973
2004,NORTH CAROLINA,NC,US PRESIDENT,"KERRY, JOHN",DEMOCRAT,FALSE,1525849,3501007,0.435831462
2004,NORTH CAROLINA,NC,US PRESIDENT,"BADNARIK, MICHAEL",LIBERTARIAN,FALSE,11731,3501007,0.00335075
2004,NORTH CAROLINA,NC,US PRESIDENT,OTHER,UNAFFILIATED,TRUE,2261,3501007,0.000645814
2004,NORTH DAKOTA,ND,US PRESIDENT,"BUSH, GEORGE W.",REPUBLICAN,FALSE,196651,312833,0.62861335
2004,NORTH DAKOTA,ND,US PRESIDENT,"KERRY, JOHN",DEMOCRAT,FALSE,111052,312833,0.354988125
2004,NORTH DAKOTA,ND,US PRESIDENT,"NADER, RALPH",INDEPENDENT,FALSE,3756,312833,0.012006406
2004,NORTH DAKOTA,ND,US PRESIDENT,"BADNARIK, MICHAEL",LIBERTARIAN,FALSE,851,312833,0.002720301
2004,NORTH DAKOTA,ND,US PRESIDENT,"PEROUTKA, MICHAEL",CONSTITUTION PARTY,FALSE,514,312833,0.001643049
2004,NORTH DAKOTA,ND,US PRESIDENT,OTHER,,TRUE,9,312833,2.87693E-05
2004,OHIO,OH,US PRESIDENT,"BUSH, GEORGE W.",REPUBLICAN,FALSE,2859764,5627903,0.508140243
2004,OHIO,OH,US PRESIDENT,"KERRY, JOHN",DEMOCRAT,FALSE,2741165,5627903,0.487066852
2004,OHIO,OH,US PRESIDENT,OTHER,,FALSE,26616,5627903,0.004729293
2004,OHIO,OH,US PRESIDENT,OTHER,,TRUE,358,5627903,6.36116E-05
2004,OKLAHOMA,OK,US PRESIDENT,"BUSH, GEORGE W.",REPUBLICAN,FALSE,959792,1463758,0.655704017
2004,OKLAHOMA,OK,US PRESIDENT,"KERRY, JOHN",DEMOCRAT,FALSE,503966,1463758,0.344295983
2004,OREGON,OR,US PRESIDENT,"KERRY, JOHN",DEMOCRAT,FALSE,943163,1836782,0.51348663
2004,OREGON,OR,US PRESIDENT,"BUSH, GEORGE W.",REPUBLICAN,FALSE,866831,1836782,0.471929167
2004,OREGON,OR,US PRESIDENT,OTHER,,FALSE,8956,1836782,0.004875919
2004,OREGON,OR,US PRESIDENT,"BADNARIK, MICHAEL",LIBERTARIAN,FALSE,7260,1836782,0.003952565
2004,OREGON,OR,US PRESIDENT,"COBB, DAVID",PACIFIC GREEN,FALSE,5315,1836782,0.002893648
2004,OREGON,OR,US PRESIDENT,"PEROUTKA, MICHAEL",CONSTITUTION PARTY,FALSE,5257,1836782,0.002862071
2004,PENNSYLVANIA,PA,US PRESIDENT,"KERRY, JOHN",DEMOCRAT,FALSE,2938095,5769590,0.509238091
2004,PENNSYLVANIA,PA,US PRESIDENT,"BUSH, GEORGE W.",REPUBLICAN,FALSE,2793847,5769590,0.484236662
2004,PENNSYLVANIA,PA,US PRESIDENT,"BADNARIK, MICHAEL",LIBERTARIAN,FALSE,21185,5769590,0.003671838
2004,PENNSYLVANIA,PA,US PRESIDENT,"COBB, DAVID",GREEN,FALSE,6319,5769590,0.001095225
2004,PENNSYLVANIA,PA,US PRESIDENT,"PEROUTKA, MICHAEL",CONSTITUTION PARTY,FALSE,6318,5769590,0.001095052
2004,PENNSYLVANIA,PA,US PRESIDENT,"INDEPENDENT PARTY CANDIDATE,",INDEPENDENT,TRUE,2656,5769590,0.000460345
2004,PENNSYLVANIA,PA,US PRESIDENT,BLANK VOTE/SCATTERING,,FALSE,1170,5769590,0.000202787
2004,RHODE ISLAND,RI,US PRESIDENT,"KERRY, JOHN",DEMOCRAT,FALSE,259760,437134,0.594234262
2004,RHODE ISLAND,RI,US PRESIDENT,"BUSH, GEORGE W.",REPUBLICAN,FALSE,169046,437134,0.386714371
2004,RHODE ISLAND,RI,US PRESIDENT,"NADER, RALPH",REFORM PARTY,FALSE,4651,437134,0.010639758
2004,RHODE ISLAND,RI,US PRESIDENT,"COBB, DAVID",GREEN,FALSE,1333,437134,0.003049408
2004,RHODE ISLAND,RI,US PRESIDENT,"BADNARIK, MICHAEL",LIBERTARIAN,FALSE,907,437134,0.002074879
2004,RHODE ISLAND,RI,US PRESIDENT,NONPARTISAN,NONPARTISAN,FALSE,845,437134,0.001933046
2004,RHODE ISLAND,RI,US PRESIDENT,"PEROUTKA, MICHAEL",CONSTITUTION PARTY,FALSE,339,437134,0.000775506
2004,RHODE ISLAND,RI,US PRESIDENT,WORKERS WORLD,WORKERS WORLD,FALSE,253,437134,0.00057877
2004,SOUTH CAROLINA,SC,US PRESIDENT,"BUSH, GEORGE W.",REPUBLICAN,FALSE,937974,1617700,0.579819497
2004,SOUTH CAROLINA,SC,US PRESIDENT,"KERRY, JOHN",DEMOCRAT,FALSE,661669,1617700,0.409018359
2004,SOUTH CAROLINA,SC,US PRESIDENT,"NADER, RALPH",INDEPENDENCE,FALSE,5520,1617700,0.003412252
2004,SOUTH CAROLINA,SC,US PRESIDENT,"PEROUTKA, MICHAEL",CONSTITUTION PARTY,FALSE,5317,1617700,0.003286765
2004,SOUTH CAROLINA,SC,US PRESIDENT,"BADNARIK, MICHAEL",LIBERTARIAN,FALSE,3608,1617700,0.002230327
2004,SOUTH CAROLINA,SC,US PRESIDENT,"BROWN, WALT",UNITED CITIZENS,FALSE,2124,1617700,0.001312975
2004,SOUTH CAROLINA,SC,US PRESIDENT,"COBB, DAVID",GREEN,FALSE,1488,1617700,0.000919824
2004,SOUTH DAKOTA,SD,US PRESIDENT,"BUSH, GEORGE W.",REPUBLICAN,FALSE,232584,388215,0.599111317
2004,SOUTH DAKOTA,SD,US PRESIDENT,"KERRY, JOHN",DEMOCRAT,FALSE,149244,388215,0.384436459
2004,SOUTH DAKOTA,SD,US PRESIDENT,"NADER, RALPH",INDEPENDENT,FALSE,4320,388215,0.011127854
2004,SOUTH DAKOTA,SD,US PRESIDENT,"PEROUTKA, MICHAEL",CONSTITUTION PARTY,FALSE,1103,388215,0.002841209
2004,SOUTH DAKOTA,SD,US PRESIDENT,"BADNARIK, MICHAEL",LIBERTARIAN,FALSE,964,388215,0.00248316
2004,TENNESSEE,TN,US PRESIDENT,"BUSH, GEORGE W.",REPUBLICAN,FALSE,1384375,2437319,0.567990895
2004,TENNESSEE,TN,US PRESIDENT,"KERRY, JOHN",DEMOCRAT,FALSE,1036477,2437319,0.425252911
2004,TENNESSEE,TN,US PRESIDENT,OTHER,INDEPENDENT,FALSE,16428,2437319,0.006740193
2004,TENNESSEE,TN,US PRESIDENT,OTHER,,TRUE,39,2437319,1.60012E-05
2004,TEXAS,TX,US PRESIDENT,"BUSH, GEORGE W.",REPUBLICAN,FALSE,4526917,7410749,0.610858228
2004,TEXAS,TX,US PRESIDENT,"KERRY, JOHN",DEMOCRAT,FALSE,2832704,7410749,0.382242605
2004,TEXAS,TX,US PRESIDENT,"BADNARIK, MICHAEL",LIBERTARIAN,FALSE,38787,7410749,0.005233884
2004,TEXAS,TX,US PRESIDENT,OTHER,,TRUE,12341,7410749,0.001665284
2004,UTAH,UT,US PRESIDENT,"BUSH, GEORGE W.",REPUBLICAN,FALSE,663742,927844,0.715359479
2004,UTAH,UT,US PRESIDENT,"KERRY, JOHN",DEMOCRAT,FALSE,241199,927844,0.259956415
2004,UTAH,UT,US PRESIDENT,"NADER, RALPH",UNAFFILIATED,FALSE,11305,927844,0.01218416
2004,UTAH,UT,US PRESIDENT,"PEROUTKA, MICHAEL",CONSTITUTION PARTY,FALSE,6841,927844,0.007373007
2004,UTAH,UT,US PRESIDENT,"BADNARIK, MICHAEL",LIBERTARIAN,FALSE,3375,927844,0.003637465
2004,UTAH,UT,US PRESIDENT,"JAY, CHARLES",PERSONAL CHOICE,FALSE,946,927844,0.001019568
2004,UTAH,UT,US PRESIDENT,"CALERO, ROGER",SOCIALIST WORKERS,FALSE,393,927844,0.000423563
2004,UTAH,UT,US PRESIDENT,OTHER,,TRUE,43,927844,4.6344E-05
2004,VERMONT,VT,US PRESIDENT,"KERRY, JOHN",DEMOCRAT,FALSE,184067,312309,0.589374626
2004,VERMONT,VT,US PRESIDENT,"BUSH, GEORGE W.",REPUBLICAN,FALSE,121180,312309,0.388013154
2004,VERMONT,VT,US PRESIDENT,"NADER, RALPH",INDEPENDENT,FALSE,4494,312309,0.014389595
2004,VERMONT,VT,US PRESIDENT,"BADNARIK, MICHAEL",LIBERTARIAN,FALSE,1102,312309,0.003528557
2004,VERMONT,VT,US PRESIDENT,OTHER,,TRUE,957,312309,0.003064273
2004,VERMONT,VT,US PRESIDENT,"PARKER, JOHN",LIBERTY UNION PARTY,FALSE,265,312309,0.000848519
2004,VERMONT,VT,US PRESIDENT,"CALERO, ROGER",SOCIALIST WORKERS,FALSE,244,312309,0.000781278
2004,VIRGINIA,VA,US PRESIDENT,"BUSH, GEORGE W.",REPUBLICAN,FALSE,1716959,3195415,0.537319566
2004,VIRGINIA,VA,US PRESIDENT,"KERRY, JOHN",DEMOCRAT,FALSE,1454742,3195415,0.455259176
2004,VIRGINIA,VA,US PRESIDENT,"BADNARIK, MICHAEL",LIBERTARIAN,FALSE,11032,3195415,0.003452447
2004,VIRGINIA,VA,US PRESIDENT,"PEROUTKA, MICHAEL",CONSTITUTION PARTY,FALSE,10161,3195415,0.003179869
2004,VIRGINIA,VA,US PRESIDENT,OTHER,,TRUE,2521,3195415,0.000788943
2004,WASHINGTON,WA,US PRESIDENT,"KERRY, JOHN",DEMOCRAT,FALSE,1510201,2859084,0.528211483
2004,WASHINGTON,WA,US PRESIDENT,"BUSH, GEORGE W.",REPUBLICAN,FALSE,1304894,2859084,0.45640282
2004,WASHINGTON,WA,US PRESIDENT,"NADER, RALPH",INDEPENDENT,FALSE,23283,2859084,0.008143517
2004,WASHINGTON,WA,US PRESIDENT,"BADNARIK, MICHAEL",LIBERTARIAN,FALSE,11955,2859084,0.004181409
2004,WASHINGTON,WA,US PRESIDENT,"PEROUTKA, MICHAEL",CONSTITUTION PARTY,FALSE,3922,2859084,0.001371768
2004,WASHINGTON,WA,US PRESIDENT,"COBB, DAVID",GREEN,FALSE,2974,2859084,0.001040193
2004,WASHINGTON,WA,US PRESIDENT,"PARKER, JOHN",WORKERS WORLD,FALSE,1077,2859084,0.000376694
2004,WASHINGTON,WA,US PRESIDENT,"CALERO, ROGER",SOCIALIST WORKERS,FALSE,547,2859084,0.00019132
2004,WASHINGTON,WA,US PRESIDENT,"VAN AUKEN, BILL",SOCIALIST EQUALITY PARTY,FALSE,231,2859084,8.07951E-05
2004,WEST VIRGINIA,WV,US PRESIDENT,"BUSH, GEORGE W.",REPUBLICAN,FALSE,423778,755792,0.560707179
2004,WEST VIRGINIA,WV,US PRESIDENT,"KERRY, JOHN",DEMOCRAT,FALSE,326541,755792,0.432051411
2004,WEST VIRGINIA,WV,US PRESIDENT,"NADER, RALPH",INDEPENDENT,FALSE,4063,755792,0.005375818
2004,WEST VIRGINIA,WV,US PRESIDENT,"BADNARIK, MICHAEL",LIBERTARIAN,FALSE,1405,755792,0.001858977
2004,WEST VIRGINIA,WV,US PRESIDENT,"COBB, DAVID",,TRUE,5,755792,6.61558E-06
2004,WISCONSIN,WI,US PRESIDENT,"KERRY, JOHN",DEMOCRAT,FALSE,1489504,2997007,0.496997171
2004,WISCONSIN,WI,US PRESIDENT,"BUSH, GEORGE W.",REPUBLICAN,FALSE,1478120,2997007,0.493198715
2004,WISCONSIN,WI,US PRESIDENT,"NADER, RALPH",INDEPENDENT,FALSE,17272,2997007,0.005763083
2004,WISCONSIN,WI,US PRESIDENT,"BADNARIK, MICHAEL",LIBERTARIAN,FALSE,6464,2997007,0.002156818
2004,WISCONSIN,WI,US PRESIDENT,BLANK VOTE/SCATTERING,,FALSE,2986,2997007,0.000996327
2004,WISCONSIN,WI,US PRESIDENT,"COBB, DAVID",WISCONSIN GREEN,FALSE,2661,2997007,0.000887886
2004,WYOMING,WY,US PRESIDENT,"BUSH, GEORGE W.",REPUBLICAN,FALSE,167629,243861,0.687395689
2004,WYOMING,WY,US PRESIDENT,"KERRY, JOHN",DEMOCRAT,FALSE,70776,243861,0.29023091
2004,WYOMING,WY,US PRESIDENT,"NADER, RALPH",INDEPENDENT,FALSE,3372,243861,0.013827549
2004,WYOMING,WY,US PRESIDENT,"BADNARIK, MICHAEL",LIBERTARIAN,FALSE,1171,243861,0.004801916
2004,WYOMING,WY,US PRESIDENT,OTHER,,TRUE,480,243861,0.001968334
2004,WYOMING,WY,US PRESIDENT,OTHER,,FALSE,433,243861,0.001775602
2008,ALABAMA,AL,US PRESIDENT,"MCCAIN, JOHN",REPUBLICAN,FALSE,1266546,2099819,0.60316913
2008,ALABAMA,AL,US PRESIDENT,"OBAMA, BARACK H.",DEMOCRAT,FALSE,813479,2099819,0.387404343
2008,ALABAMA,AL,US PRESIDENT,,INDEPENDENT,FALSE,16089,2099819,0.007662089
2008,ALABAMA,AL,US PRESIDENT,,,TRUE,3705,2099819,0.001764438
2008,ALASKA,AK,US PRESIDENT,"MCCAIN, JOHN",REPUBLICAN,FALSE,193841,326197,0.594245195
2008,ALASKA,AK,US PRESIDENT,"OBAMA, BARACK H.",DEMOCRAT,FALSE,123594,326197,0.378893736
2008,ALASKA,AK,US PRESIDENT,"NADER, RALPH",INDEPENDENT,FALSE,3783,326197,0.011597286
2008,ALASKA,AK,US PRESIDENT,,,TRUE,1730,326197,0.005303544
2008,ALASKA,AK,US PRESIDENT,"BALDWIN, CHARLES """"CHUCK""""",ALASKAN INDEPENDENCE PARTY,FALSE,1660,326197,0.005088949
2008,ALASKA,AK,US PRESIDENT,"BARR, BOB",LIBERTARIAN,FALSE,1589,326197,0.004871289
2008,ARIZONA,AZ,US PRESIDENT,"MCCAIN, JOHN",REPUBLICAN,FALSE,1230111,2293475,0.536352478
2008,ARIZONA,AZ,US PRESIDENT,"OBAMA, BARACK H.",DEMOCRAT,FALSE,1034707,2293475,0.451152509
2008,ARIZONA,AZ,US PRESIDENT,"BARR, BOB",LIBERTARIAN,FALSE,12555,2293475,0.005474226
2008,ARIZONA,AZ,US PRESIDENT,"NADER, RALPH",INDEPENDENT,FALSE,11301,2293475,0.004927457
2008,ARIZONA,AZ,US PRESIDENT,"MCKINNEY, CYNTHIA",GREEN,FALSE,3406,2293475,0.001485083
2008,ARIZONA,AZ,US PRESIDENT,,,TRUE,1395,2293475,0.000608247
2008,ARKANSAS,AR,US PRESIDENT,"MCCAIN, JOHN",REPUBLICAN,FALSE,638017,1086617,0.587159045
2008,ARKANSAS,AR,US PRESIDENT,"OBAMA, BARACK H.",DEMOCRAT,FALSE,422310,1086617,0.388646598
2008,ARKANSAS,AR,US PRESIDENT,"NADER, RALPH",INDEPENDENT,FALSE,12882,1086617,0.011855143
2008,ARKANSAS,AR,US PRESIDENT,"BARR, BOB",LIBERTARIAN,FALSE,4776,1086617,0.004395293
2008,ARKANSAS,AR,US PRESIDENT,"BALDWIN, CHARLES """"CHUCK""""",CONSTITUTION PARTY,FALSE,4023,1086617,0.003702316
2008,ARKANSAS,AR,US PRESIDENT,"MCKINNEY, CYNTHIA",GREEN,FALSE,3470,1086617,0.003193397
2008,ARKANSAS,AR,US PRESIDENT,"LA RIVA, GLORIA ESTELLA",SOCIALISM AND LIBERATION PARTY,FALSE,1139,1086617,0.001048207
2008,CALIFORNIA,CA,US PRESIDENT,"OBAMA, BARACK H.",DEMOCRAT,FALSE,8274473,13561900,0.610126383
2008,CALIFORNIA,CA,US PRESIDENT,"MCCAIN, JOHN",REPUBLICAN,FALSE,5011781,13561900,0.369548588
2008,CALIFORNIA,CA,US PRESIDENT,"NADER, RALPH",PEACE & FREEDOM,FALSE,108381,13561900,0.007991579
2008,CALIFORNIA,CA,US PRESIDENT,"BARR, BOB",LIBERTARIAN,FALSE,67582,13561900,0.004983225
2008,CALIFORNIA,CA,US PRESIDENT,"KEYES, ALAN",AMERICAN INDEPENDENT PARTY,FALSE,40673,13561900,0.002999064
2008,CALIFORNIA,CA,US PRESIDENT,"MCKINNEY, CYNTHIA",GREEN,FALSE,38774,13561900,0.002859039
2008,CALIFORNIA,CA,US PRESIDENT,,INDEPENDENT,TRUE,20236,13561900,0.001492121
2008,COLORADO,CO,US PRESIDENT,"OBAMA, BARACK H.",DEMOCRAT,FALSE,1288576,2401361,0.536602368
2008,COLORADO,CO,US PRESIDENT,"MCCAIN, JOHN",REPUBLICAN,FALSE,1073589,2401361,0.447075221
2008,COLORADO,CO,US PRESIDENT,"NADER, RALPH",INDEPENDENT,FALSE,13350,2401361,0.005559347
2008,COLORADO,CO,US PRESIDENT,"BARR, BOB",LIBERTARIAN,FALSE,10897,2401361,0.004537843
2008,COLORADO,CO,US PRESIDENT,"BALDWIN, CHARLES """"CHUCK""""",CONSTITUTION PARTY,FALSE,6233,2401361,0.002595611
2008,COLORADO,CO,US PRESIDENT,"KEYES, ALAN",AMERICA'S INDEPENDENT PARTY,FALSE,3051,2401361,0.00127053
2008,COLORADO,CO,US PRESIDENT,"MCKINNEY, CYNTHIA",GREEN,FALSE,2822,2401361,0.001175167
2008,COLORADO,CO,US PRESIDENT,"MCENULTY, FRANK",UNAFFILIATED,FALSE,828,2401361,0.000344804
2008,COLORADO,CO,US PRESIDENT,"JAY, CHARLES",BOSTON TEA PARTY,FALSE,598,2401361,0.000249025
2008,COLORADO,CO,US PRESIDENT,"ALLEN, JONATHAN",HEARTQUAKE '08,FALSE,348,2401361,0.000144918
2008,COLORADO,CO,US PRESIDENT,"STEVENS, THOMAS R.",OBJECTIVIST PARTY,FALSE,336,2401361,0.000139921
2008,COLORADO,CO,US PRESIDENT,"MOORE, BRIAN",SOCIALIST,FALSE,226,2401361,9.41133E-05
2008,COLORADO,CO,US PRESIDENT,"LA RIVA, GLORIA ESTELLA",SOCIALISM AND LIBERATION PARTY,FALSE,158,2401361,6.5796E-05
2008,COLORADO,CO,US PRESIDENT,"HARRIS, JAMES",SOCIALIST WORKERS,FALSE,154,2401361,6.41303E-05
2008,COLORADO,CO,US PRESIDENT,"LYTTLE, BRADFORD",U.S. PACIFIST PARTY,FALSE,110,2401361,4.58074E-05
2008,COLORADO,CO,US PRESIDENT,"AMONDSON, GENE",PROHIBITION,FALSE,85,2401361,3.53966E-05
2008,CONNECTICUT,CT,US PRESIDENT,"OBAMA, BARACK H.",DEMOCRAT,FALSE,997772,1646792,0.605888297
2008,CONNECTICUT,CT,US PRESIDENT,"MCCAIN, JOHN",REPUBLICAN,FALSE,629428,1646792,0.382214633
2008,CONNECTICUT,CT,US PRESIDENT,"NADER, RALPH",INDEPENDENT,FALSE,19162,1646792,0.011635956
2008,CONNECTICUT,CT,US PRESIDENT,,,TRUE,430,1646792,0.000261114
2008,DELAWARE,DE,US PRESIDENT,"OBAMA, BARACK H.",DEMOCRAT,FALSE,255459,412412,0.61942669
2008,DELAWARE,DE,US PRESIDENT,"MCCAIN, JOHN",REPUBLICAN,FALSE,152374,412412,0.369470335
2008,DELAWARE,DE,US PRESIDENT,"NADER, RALPH",INDEPENDENT,FALSE,2401,412412,0.005821848
2008,DELAWARE,DE,US PRESIDENT,"BARR, BOB",LIBERTARIAN,FALSE,1109,412412,0.002689059
2008,DELAWARE,DE,US PRESIDENT,"BALDWIN, CHARLES """"CHUCK""""",CONSTITUTION PARTY,FALSE,626,412412,0.0015179
2008,DELAWARE,DE,US PRESIDENT,"MCKINNEY, CYNTHIA",GREEN,FALSE,385,412412,0.000933532
2008,DELAWARE,DE,US PRESIDENT,"CALERO, ROGER",SOCIALIST WORKERS,FALSE,58,412412,0.000140636
2008,DISTRICT OF COLUMBIA,DC,US PRESIDENT,"OBAMA, BARACK H.",DEMOCRAT,FALSE,245800,265853,0.924571098
2008,DISTRICT OF COLUMBIA,DC,US PRESIDENT,"MCCAIN, JOHN",REPUBLICAN,FALSE,17367,265853,0.065325575
2008,DISTRICT OF COLUMBIA,DC,US PRESIDENT,,,TRUE,1138,265853,0.004280561
2008,DISTRICT OF COLUMBIA,DC,US PRESIDENT,"NADER, RALPH",INDEPENDENT,FALSE,958,265853,0.003603495
2008,DISTRICT OF COLUMBIA,DC,US PRESIDENT,"MCKINNEY, CYNTHIA",GREEN,FALSE,590,265853,0.002219272
2008,FLORIDA,FL,US PRESIDENT,"OBAMA, BARACK H.",DEMOCRAT,FALSE,4282074,8390744,0.510333053
2008,FLORIDA,FL,US PRESIDENT,"MCCAIN, JOHN",REPUBLICAN,FALSE,4045624,8390744,0.482153192
2008,FLORIDA,FL,US PRESIDENT,"NADER, RALPH",ECOLOGY PARTY OF FLORIDA,FALSE,28124,8390744,0.003351789
2008,FLORIDA,FL,US PRESIDENT,"BARR, BOB",LIBERTARIAN,FALSE,17218,8390744,0.002052023
2008,FLORIDA,FL,US PRESIDENT,"BALDWIN, CHARLES """"CHUCK""""",CONSTITUTION PARTY,FALSE,7915,8390744,0.000943301
2008,FLORIDA,FL,US PRESIDENT,"MCKINNEY, CYNTHIA",GREEN,FALSE,2887,8390744,0.00034407
2008,FLORIDA,FL,US PRESIDENT,"KEYES, ALAN",AMERICA'S INDEPENDENT PARTY,FALSE,2550,8390744,0.000303906
2008,FLORIDA,FL,US PRESIDENT,"LA RIVA, GLORIA ESTELLA",SOCIALISM AND LIBERATION PARTY,FALSE,1516,8390744,0.000180675
2008,FLORIDA,FL,US PRESIDENT,"JAY, CHARLES",BOSTON TEA PARTY,FALSE,795,8390744,9.47473E-05
2008,FLORIDA,FL,US PRESIDENT,"CALERO, ROGER",SOCIALIST WORKERS,FALSE,533,8390744,6.35224E-05
2008,FLORIDA,FL,US PRESIDENT,"STEVENS, THOMAS R.",OBJECTIVIST PARTY,FALSE,419,8390744,4.9936E-05
2008,FLORIDA,FL,US PRESIDENT,"MOORE, BRIAN",SOCIALIST,FALSE,405,8390744,4.82675E-05
2008,FLORIDA,FL,US PRESIDENT,,,TRUE,391,8390744,4.6599E-05
2008,FLORIDA,FL,US PRESIDENT,"AMONDSON, GENE",PROHIBITION,FALSE,293,8390744,3.49194E-05
2008,GEORGIA,GA,US PRESIDENT,"MCCAIN, JOHN",REPUBLICAN,FALSE,2048759,3924486,0.52204518
2008,GEORGIA,GA,US PRESIDENT,"OBAMA, BARACK H.",DEMOCRAT,FALSE,1844123,3924486,0.469901791
2008,GEORGIA,GA,US PRESIDENT,"BARR, BOB",LIBERTARIAN,FALSE,28731,3924486,0.007320959
2008,GEORGIA,GA,US PRESIDENT,,,TRUE,1715,3924486,0.000437
2008,GEORGIA,GA,US PRESIDENT,,INDEPENDENT,TRUE,1158,3924486,0.00029507
2008,HAWAII,HI,US PRESIDENT,"OBAMA, BARACK H.",DEMOCRAT,FALSE,325871,456064,0.714529101
2008,HAWAII,HI,US PRESIDENT,"MCCAIN, JOHN",REPUBLICAN,FALSE,120566,456064,0.264362019
2008,HAWAII,HI,US PRESIDENT,"NADER, RALPH",INDEPENDENT,FALSE,3825,456064,0.008386981
2008,HAWAII,HI,US PRESIDENT,BLANK VOTE,,FALSE,2193,456064,0.004808536
2008,HAWAII,HI,US PRESIDENT,"BARR, BOB",LIBERTARIAN,FALSE,1314,456064,0.002881175
2008,HAWAII,HI,US PRESIDENT,"BALDWIN, CHARLES """"CHUCK""""",CONSTITUTION PARTY,FALSE,1013,456064,0.002221179
2008,HAWAII,HI,US PRESIDENT,"MCKINNEY, CYNTHIA",GREEN,FALSE,979,456064,0.002146629
2008,HAWAII,HI,US PRESIDENT,OVER VOTE,,FALSE,303,456064,0.00066438
2008,IDAHO,ID,US PRESIDENT,"MCCAIN, JOHN",REPUBLICAN,FALSE,403012,655122,0.615170915
2008,IDAHO,ID,US PRESIDENT,"OBAMA, BARACK H.",DEMOCRAT,FALSE,236440,655122,0.360909876
2008,IDAHO,ID,US PRESIDENT,"NADER, RALPH",INDEPENDENT,FALSE,7175,655122,0.010952159
2008,IDAHO,ID,US PRESIDENT,"BALDWIN, CHARLES """"CHUCK""""",CONSTITUTION PARTY,FALSE,4747,655122,0.007245979
2008,IDAHO,ID,US PRESIDENT,"BARR, BOB",LIBERTARIAN,FALSE,3658,655122,0.005583693
2008,IDAHO,ID,US PRESIDENT,,,TRUE,90,655122,0.000137379
2008,ILLINOIS,IL,US PRESIDENT,"OBAMA, BARACK H.",DEMOCRAT,FALSE,3419348,5522371,0.619181145
2008,ILLINOIS,IL,US PRESIDENT,"MCCAIN, JOHN",REPUBLICAN,FALSE,2031179,5522371,0.367809225
2008,ILLINOIS,IL,US PRESIDENT,"NADER, RALPH",INDEPENDENT,FALSE,30948,5522371,0.005604115
2008,ILLINOIS,IL,US PRESIDENT,"BARR, BOB",LIBERTARIAN,FALSE,19642,5522371,0.003556806
2008,ILLINOIS,IL,US PRESIDENT,"MCKINNEY, CYNTHIA",GREEN,FALSE,11838,5522371,0.002143644
2008,ILLINOIS,IL,US PRESIDENT,"BALDWIN, CHARLES """"CHUCK""""",CONSTITUTION PARTY,FALSE,8256,5522371,0.00149501
2008,ILLINOIS,IL,US PRESIDENT,,NEW,FALSE,1149,5522371,0.000208063
2008,ILLINOIS,IL,US PRESIDENT,,,TRUE,11,5522371,1.9919E-06
2008,INDIANA,IN,US PRESIDENT,"OBAMA, BARACK H.",DEMOCRAT,FALSE,1374039,2751054,0.499459116
2008,INDIANA,IN,US PRESIDENT,"MCCAIN, JOHN",REPUBLICAN,FALSE,1345648,2751054,0.489139072
2008,INDIANA,IN,US PRESIDENT,"BARR, BOB",LIBERTARIAN,FALSE,29257,2751054,0.010634833
2008,INDIANA,IN,US PRESIDENT,,,TRUE,1201,2751054,0.00043656
2008,INDIANA,IN,US PRESIDENT,"NADER, RALPH",INDEPENDENT,TRUE,909,2751054,0.000330419
2008,IOWA,IA,US PRESIDENT,"OBAMA, BARACK H.",DEMOCRAT,FALSE,828940,1537123,0.539280201
2008,IOWA,IA,US PRESIDENT,"MCCAIN, JOHN",REPUBLICAN,FALSE,682379,1537123,0.443932594
2008,IOWA,IA,US PRESIDENT,"NADER, RALPH",PEACE & FREEDOM,FALSE,8014,1537123,0.005213636
2008,IOWA,IA,US PRESIDENT,,,TRUE,6737,1537123,0.004382863
2008,IOWA,IA,US PRESIDENT,"BARR, BOB",LIBERTARIAN,FALSE,4590,1537123,0.002986098
2008,IOWA,IA,US PRESIDENT,"BALDWIN, CHARLES """"CHUCK""""",CONSTITUTION PARTY,FALSE,4445,1537123,0.002891766
2008,IOWA,IA,US PRESIDENT,"MCKINNEY, CYNTHIA",GREEN,FALSE,1423,1537123,0.000925755
2008,IOWA,IA,US PRESIDENT,"HARRIS, JAMES",SOCIALIST WORKERS,FALSE,292,1537123,0.000189965
2008,IOWA,IA,US PRESIDENT,"MOORE, BRIAN",SOCIALIST,FALSE,182,1537123,0.000118403
2008,IOWA,IA,US PRESIDENT,"LA RIVA, GLORIA ESTELLA",SOCIALISM AND LIBERATION PARTY,FALSE,121,1537123,7.87185E-05
2008,KANSAS,KS,US PRESIDENT,"MCCAIN, JOHN",REPUBLICAN,FALSE,699655,1235872,0.566122543
2008,KANSAS,KS,US PRESIDENT,"OBAMA, BARACK H.",DEMOCRAT,FALSE,514765,1235872,0.416519672
2008,KANSAS,KS,US PRESIDENT,"NADER, RALPH",INDEPENDENT,FALSE,10598,1235872,0.008575322
2008,KANSAS,KS,US PRESIDENT,"BARR, BOB",LIBERTARIAN,FALSE,6706,1235872,0.005426128
2008,KANSAS,KS,US PRESIDENT,"BALDWIN, CHARLES """"CHUCK""""",REFORM PARTY,FALSE,4148,1235872,0.003356335
2008,KENTUCKY,KY,US PRESIDENT,"MCCAIN, JOHN",REPUBLICAN,FALSE,1048462,1826620,0.573990211
2008,KENTUCKY,KY,US PRESIDENT,"OBAMA, BARACK H.",DEMOCRAT,FALSE,751985,1826620,0.411681138
2008,KENTUCKY,KY,US PRESIDENT,"NADER, RALPH",INDEPENDENT,FALSE,15378,1826620,0.008418828
2008,KENTUCKY,KY,US PRESIDENT,"BARR, BOB",LIBERTARIAN,FALSE,5989,1826620,0.003278733
2008,KENTUCKY,KY,US PRESIDENT,"BALDWIN, CHARLES """"CHUCK""""",CONSTITUTION PARTY,FALSE,4694,1826620,0.002569774
2008,KENTUCKY,KY,US PRESIDENT,,,TRUE,112,1826620,6.13154E-05
2008,LOUISIANA,LA,US PRESIDENT,"MCCAIN, JOHN",REPUBLICAN,FALSE,1148275,1960761,0.585627213
2008,LOUISIANA,LA,US PRESIDENT,"OBAMA, BARACK H.",DEMOCRAT,FALSE,782989,1960761,0.399329138
2008,LOUISIANA,LA,US PRESIDENT,"PAUL, RONALD """"RON""""",LOUISIANA TAXPAYERS PARTY,FALSE,9368,1960761,0.004777737
2008,LOUISIANA,LA,US PRESIDENT,"MCKINNEY, CYNTHIA",GREEN,FALSE,9187,1960761,0.004685426
2008,LOUISIANA,LA,US PRESIDENT,"NADER, RALPH",INDEPENDENT,FALSE,6997,1960761,0.003568512
2008,LOUISIANA,LA,US PRESIDENT,"BALDWIN, CHARLES """"CHUCK""""",CONSTITUTION PARTY,FALSE,2581,1960761,0.001316326
2008,LOUISIANA,LA,US PRESIDENT,"HARRIS, JAMES",SOCIALIST WORKERS,FALSE,735,1960761,0.000374854
2008,LOUISIANA,LA,US PRESIDENT,"LA RIVA, GLORIA ESTELLA",SOCIALISM AND LIBERATION PARTY,FALSE,354,1960761,0.000180542
2008,LOUISIANA,LA,US PRESIDENT,"AMONDSON, GENE",PROHIBITION,FALSE,275,1960761,0.000140252
2008,MAINE,ME,US PRESIDENT,"OBAMA, BARACK H.",DEMOCRAT,FALSE,421923,731163,0.577057373
2008,MAINE,ME,US PRESIDENT,"MCCAIN, JOHN",REPUBLICAN,FALSE,295273,731163,0.403840183
2008,MAINE,ME,US PRESIDENT,"NADER, RALPH",INDEPENDENT,FALSE,10636,731163,0.014546688
2008,MAINE,ME,US PRESIDENT,"MCKINNEY, CYNTHIA",GREEN,FALSE,2900,731163,0.003966284
2008,MAINE,ME,US PRESIDENT,OTHER,,FALSE,431,731163,0.000589472
2008,MARYLAND,MD,US PRESIDENT,"OBAMA, BARACK H.",DEMOCRAT,FALSE,1629467,2631596,0.619193448
2008,MARYLAND,MD,US PRESIDENT,"MCCAIN, JOHN",REPUBLICAN,FALSE,959862,2631596,0.364745196
2008,MARYLAND,MD,US PRESIDENT,"NADER, RALPH",INDEPENDENT,FALSE,14713,2631596,0.005590904
2008,MARYLAND,MD,US PRESIDENT,"BARR, BOB",LIBERTARIAN,FALSE,9842,2631596,0.003739936
2008,MARYLAND,MD,US PRESIDENT,,,TRUE,9205,2631596,0.003497877
2008,MARYLAND,MD,US PRESIDENT,"MCKINNEY, CYNTHIA",GREEN,FALSE,4747,2631596,0.001803848
2008,MARYLAND,MD,US PRESIDENT,"BALDWIN, CHARLES """"CHUCK""""",CONSTITUTION PARTY,FALSE,3760,2631596,0.001428791
2008,MASSACHUSETTS,MA,US PRESIDENT,"OBAMA, BARACK H.",DEMOCRAT,FALSE,1904097,3102995,0.613631991
2008,MASSACHUSETTS,MA,US PRESIDENT,"MCCAIN, JOHN",REPUBLICAN,FALSE,1108854,3102995,0.357349593
2008,MASSACHUSETTS,MA,US PRESIDENT,"NADER, RALPH",INDEPENDENT,FALSE,28841,3102995,0.009294569
2008,MASSACHUSETTS,MA,US PRESIDENT,BLANK VOTE/SCATTERING,,FALSE,22010,3102995,0.007093147
2008,MASSACHUSETTS,MA,US PRESIDENT,OTHER,,FALSE,14483,3102995,0.004667426
2008,MASSACHUSETTS,MA,US PRESIDENT,"BARR, BOB",LIBERTARIAN,FALSE,13189,3102995,0.00425041
2008,MASSACHUSETTS,MA,US PRESIDENT,"MCKINNEY, CYNTHIA",GREEN,FALSE,6550,3102995,0.002110864
2008,MASSACHUSETTS,MA,US PRESIDENT,"BALDWIN, CHARLES """"CHUCK""""",CONSTITUTION PARTY,FALSE,4971,3102995,0.001602001
2008,MICHIGAN,MI,US PRESIDENT,"OBAMA, BARACK H.",DEMOCRAT,FALSE,2872579,5001596,0.574332473
2008,MICHIGAN,MI,US PRESIDENT,"MCCAIN, JOHN",REPUBLICAN,FALSE,2048639,5001596,0.409597057
2008,MICHIGAN,MI,US PRESIDENT,"NADER, RALPH",NATURAL LAW,FALSE,33085,5001596,0.006614889
2008,MICHIGAN,MI,US PRESIDENT,"BARR, BOB",LIBERTARIAN,FALSE,23716,5001596,0.004741686
2008,MICHIGAN,MI,US PRESIDENT,"BALDWIN, CHARLES """"CHUCK""""",U.S. TAXPAYERS PARTY,FALSE,14685,5001596,0.002936063
2008,MICHIGAN,MI,US PRESIDENT,"MCKINNEY, CYNTHIA",GREEN,FALSE,8892,5001596,0.001777833
2008,MINNESOTA,MN,US PRESIDENT,"OBAMA, BARACK H.",DEMOCRAT,FALSE,1573354,2910369,0.540602927
2008,MINNESOTA,MN,US PRESIDENT,"MCCAIN, JOHN",REPUBLICAN,FALSE,1275409,2910369,0.43822931
2008,MINNESOTA,MN,US PRESIDENT,"NADER, RALPH",INDEPENDENT,FALSE,30152,2910369,0.010360198
2008,MINNESOTA,MN,US PRESIDENT,,,TRUE,9529,2910369,0.003274155
2008,MINNESOTA,MN,US PRESIDENT,"BARR, BOB",LIBERTARIAN,FALSE,9174,2910369,0.003152178
2008,MINNESOTA,MN,US PRESIDENT,"BALDWIN, CHARLES """"CHUCK""""",CONSTITUTION PARTY,FALSE,6787,2910369,0.002332007
2008,MINNESOTA,MN,US PRESIDENT,"MCKINNEY, CYNTHIA",GREEN,FALSE,5174,2910369,0.001777781
2008,MINNESOTA,MN,US PRESIDENT,"CALERO, ROGER",SOCIALIST WORKERS,FALSE,790,2910369,0.000271443
2008,MISSISSIPPI,MS,US PRESIDENT,"MCCAIN, JOHN",REPUBLICAN,FALSE,724597,1289865,0.56176189
2008,MISSISSIPPI,MS,US PRESIDENT,"OBAMA, BARACK H.",DEMOCRAT,FALSE,554662,1289865,0.430015544
2008,MISSISSIPPI,MS,US PRESIDENT,"NADER, RALPH",INDEPENDENT,FALSE,4011,1289865,0.003109628
2008,MISSISSIPPI,MS,US PRESIDENT,"BALDWIN, CHARLES """"CHUCK""""",CONSTITUTION PARTY,FALSE,2551,1289865,0.001977726
2008,MISSISSIPPI,MS,US PRESIDENT,"BARR, BOB",LIBERTARIAN,FALSE,2529,1289865,0.00196067
2008,MISSISSIPPI,MS,US PRESIDENT,"MCKINNEY, CYNTHIA",GREEN,FALSE,1034,1289865,0.000801634
2008,MISSISSIPPI,MS,US PRESIDENT,"WEILL, TED",REFORM PARTY,FALSE,481,1289865,0.000372907
2008,MISSOURI,MO,US PRESIDENT,"MCCAIN, JOHN",REPUBLICAN,FALSE,1445814,2925205,0.494260744
2008,MISSOURI,MO,US PRESIDENT,"OBAMA, BARACK H.",DEMOCRAT,FALSE,1441911,2925205,0.492926479
2008,MISSOURI,MO,US PRESIDENT,"NADER, RALPH",INDEPENDENT,FALSE,17813,2925205,0.006089488
2008,MISSOURI,MO,US PRESIDENT,"BARR, BOB",LIBERTARIAN,FALSE,11386,2925205,0.003892377
2008,MISSOURI,MO,US PRESIDENT,"BALDWIN, CHARLES """"CHUCK""""",CONSTITUTION PARTY,FALSE,8201,2925205,0.002803564
2008,MISSOURI,MO,US PRESIDENT,"MCKINNEY, CYNTHIA",,TRUE,80,2925205,2.73485E-05
2008,MONTANA,MT,US PRESIDENT,"MCCAIN, JOHN",REPUBLICAN,FALSE,242763,490109,0.495324509
2008,MONTANA,MT,US PRESIDENT,"OBAMA, BARACK H.",DEMOCRAT,FALSE,231667,490109,0.472684648
2008,MONTANA,MT,US PRESIDENT,"PAUL, RONALD """"RON""""",CONSTITUTION PARTY,FALSE,10638,490109,0.021705376
2008,MONTANA,MT,US PRESIDENT,"NADER, RALPH",INDEPENDENT,FALSE,3686,490109,0.007520776
2008,MONTANA,MT,US PRESIDENT,"BARR, BOB",LIBERTARIAN,FALSE,1355,490109,0.002764691
2008,NEBRASKA,NE,US PRESIDENT,"MCCAIN, JOHN",REPUBLICAN,FALSE,452979,801281,0.565318534
2008,NEBRASKA,NE,US PRESIDENT,"OBAMA, BARACK H.",DEMOCRAT,FALSE,333319,801281,0.415982658
2008,NEBRASKA,NE,US PRESIDENT,"NADER, RALPH",INDEPENDENT,FALSE,5406,801281,0.006746697
2008,NEBRASKA,NE,US PRESIDENT,"BALDWIN, CHARLES """"CHUCK""""",NEBRASKA PARTY,FALSE,2972,801281,0.003709061
2008,NEBRASKA,NE,US PRESIDENT,,,TRUE,2837,801281,0.003540581
2008,NEBRASKA,NE,US PRESIDENT,"BARR, BOB",LIBERTARIAN,FALSE,2740,801281,0.003419524
2008,NEBRASKA,NE,US PRESIDENT,"MCKINNEY, CYNTHIA",GREEN,FALSE,1028,801281,0.001282946
2008,NEVADA,NV,US PRESIDENT,"OBAMA, BARACK H.",DEMOCRAT,FALSE,533736,967848,0.551466759
2008,NEVADA,NV,US PRESIDENT,"MCCAIN, JOHN",REPUBLICAN,FALSE,412827,967848,0.426541151
2008,NEVADA,NV,US PRESIDENT,NONE OF THESE CANDIDATES,,FALSE,6267,967848,0.00647519
2008,NEVADA,NV,US PRESIDENT,"NADER, RALPH",INDEPENDENT,FALSE,6150,967848,0.006354304
2008,NEVADA,NV,US PRESIDENT,"BARR, BOB",LIBERTARIAN,FALSE,4263,967848,0.004404617
2008,NEVADA,NV,US PRESIDENT,"BALDWIN, CHARLES """"CHUCK""""",INDEPENDENT AMERICAN,FALSE,3194,967848,0.003300105
2008,NEVADA,NV,US PRESIDENT,"MCKINNEY, CYNTHIA",GREEN,FALSE,1411,967848,0.001457874
2008,NEW HAMPSHIRE,NH,US PRESIDENT,"OBAMA, BARACK H.",DEMOCRAT,FALSE,384826,710970,0.541268971
2008,NEW HAMPSHIRE,NH,US PRESIDENT,"MCCAIN, JOHN",REPUBLICAN,FALSE,316534,710970,0.445214285
2008,NEW HAMPSHIRE,NH,US PRESIDENT,"NADER, RALPH",INDEPENDENT,FALSE,3503,710970,0.004927071
2008,NEW HAMPSHIRE,NH,US PRESIDENT,,,TRUE,3359,710970,0.004724531
2008,NEW HAMPSHIRE,NH,US PRESIDENT,"BARR, BOB",LIBERTARIAN,FALSE,2748,710970,0.003865142
2008,NEW JERSEY,NJ,US PRESIDENT,"OBAMA, BARACK H.",DEMOCRAT,FALSE,2215422,3868237,0.572721372
2008,NEW JERSEY,NJ,US PRESIDENT,"MCCAIN, JOHN",REPUBLICAN,FALSE,1613207,3868237,0.417039339
2008,NEW JERSEY,NJ,US PRESIDENT,"NADER, RALPH",INDEPENDENT,FALSE,21298,3868237,0.005505867
2008,NEW JERSEY,NJ,US PRESIDENT,"BARR, BOB",LIBERTARIAN,FALSE,8441,3868237,0.002182131
2008,NEW JERSEY,NJ,US PRESIDENT,"BALDWIN, CHARLES """"CHUCK""""",CONSTITUTION PARTY,FALSE,3956,3868237,0.001022688
2008,NEW JERSEY,NJ,US PRESIDENT,"MCKINNEY, CYNTHIA",GREEN,FALSE,3636,3868237,0.000939963
2008,NEW JERSEY,NJ,US PRESIDENT,"MOORE, BRIAN",SOCIALIST,FALSE,699,3868237,0.000180702
2008,NEW JERSEY,NJ,US PRESIDENT,"BOSS, JEFFERY",VOTE HERE,FALSE,639,3868237,0.000165192
2008,NEW JERSEY,NJ,US PRESIDENT,"CALERO, ROGER",SOCIALIST WORKERS,FALSE,523,3868237,0.000135204
2008,NEW JERSEY,NJ,US PRESIDENT,"LA RIVA, GLORIA ESTELLA",SOCIALISM AND LIBERATION PARTY,FALSE,416,3868237,0.000107543
2008,NEW MEXICO,NM,US PRESIDENT,"OBAMA, BARACK H.",DEMOCRAT,FALSE,472422,830158,0.569074803
2008,NEW MEXICO,NM,US PRESIDENT,"MCCAIN, JOHN",REPUBLICAN,FALSE,346832,830158,0.417790348
2008,NEW MEXICO,NM,US PRESIDENT,"NADER, RALPH",INDEPENDENT,FALSE,5327,830158,0.006416851
2008,NEW MEXICO,NM,US PRESIDENT,"BARR, BOB",LIBERTARIAN,FALSE,2428,830158,0.002924744
2008,NEW MEXICO,NM,US PRESIDENT,"BALDWIN, CHARLES """"CHUCK""""",CONSTITUTION PARTY,FALSE,1597,830158,0.00192373
2008,NEW MEXICO,NM,US PRESIDENT,"MCKINNEY, CYNTHIA",GREEN,FALSE,1552,830158,0.001869524
2008,NEW YORK,NY,US PRESIDENT,"OBAMA, BARACK H.",DEMOCRAT,FALSE,4645332,7722019,0.601569615
2008,NEW YORK,NY,US PRESIDENT,"MCCAIN, JOHN",REPUBLICAN,FALSE,2418323,7722019,0.313172371
2008,NEW YORK,NY,US PRESIDENT,"MCCAIN, JOHN",CONSERVATIVE,FALSE,170475,7722019,0.02207648
2008,NEW YORK,NY,US PRESIDENT,"MCCAIN, JOHN",INDEPENDENCE,FALSE,163973,7722019,0.021234472
2008,NEW YORK,NY,US PRESIDENT,"OBAMA, BARACK H.",WORKING FAMILIES,FALSE,159613,7722019,0.020669853
2008,NEW YORK,NY,US PRESIDENT,BLANK VOTE/SCATTERING,,FALSE,84701,7722019,0.010968763
2008,NEW YORK,NY,US PRESIDENT,"NADER, RALPH",POPULIST,FALSE,41249,7722019,0.005341738
2008,NEW YORK,NY,US PRESIDENT,"BARR, BOB",LIBERTARIAN,FALSE,19596,7722019,0.002537678
2008,NEW YORK,NY,US PRESIDENT,"MCKINNEY, CYNTHIA",GREEN,FALSE,12801,7722019,0.001657727
2008,NEW YORK,NY,US PRESIDENT,"HARRIS, JAMES",SOCIALIST WORKERS,FALSE,3615,7722019,0.000468142
2008,NEW YORK,NY,US PRESIDENT,"LA RIVA, GLORIA ESTELLA",SOCIALISM AND LIBERATION PARTY,FALSE,1639,7722019,0.00021225
2008,NEW YORK,NY,US PRESIDENT,,,TRUE,702,7722019,9.09089E-05
2008,NORTH CAROLINA,NC,US PRESIDENT,"OBAMA, BARACK H.",DEMOCRAT,FALSE,2142651,4310851,0.497036664
2008,NORTH CAROLINA,NC,US PRESIDENT,"MCCAIN, JOHN",REPUBLICAN,FALSE,2128474,4310851,0.493747986
2008,NORTH CAROLINA,NC,US PRESIDENT,"BARR, BOB",LIBERTARIAN,FALSE,25722,4310851,0.005966803
2008,NORTH CAROLINA,NC,US PRESIDENT,,,TRUE,12494,4310851,0.002898268
2008,NORTH CAROLINA,NC,US PRESIDENT,"NADER, RALPH",INDEPENDENT,TRUE,1510,4310851,0.000350279
2008,NORTH DAKOTA,ND,US PRESIDENT,"MCCAIN, JOHN",REPUBLICAN,FALSE,168601,316621,0.532501003
2008,NORTH DAKOTA,ND,US PRESIDENT,"OBAMA, BARACK H.",DEMOCRAT,FALSE,141278,316621,0.4462054
2008,NORTH DAKOTA,ND,US PRESIDENT,"NADER, RALPH",INDEPENDENT,FALSE,4189,316621,0.013230329
2008,NORTH DAKOTA,ND,US PRESIDENT,"BARR, BOB",LIBERTARIAN,FALSE,1354,316621,0.004276406
2008,NORTH DAKOTA,ND,US PRESIDENT,"BALDWIN, CHARLES """"CHUCK""""",CONSTITUTION PARTY,FALSE,1199,316621,0.003786862
2008,OHIO,OH,US PRESIDENT,"OBAMA, BARACK H.",DEMOCRAT,FALSE,2940044,5708350,0.515042701
2008,OHIO,OH,US PRESIDENT,"MCCAIN, JOHN",REPUBLICAN,FALSE,2677820,5708350,0.469105784
2008,OHIO,OH,US PRESIDENT,"NADER, RALPH",INDEPENDENT,FALSE,46242,5708350,0.008100765
2008,OHIO,OH,US PRESIDENT,"BARR, BOB",LIBERTARIAN,FALSE,19917,5708350,0.003489099
2008,OHIO,OH,US PRESIDENT,"BALDWIN, CHARLES """"CHUCK""""",CONSTITUTION PARTY,FALSE,12565,5708350,0.002201161
2008,OHIO,OH,US PRESIDENT,"MCKINNEY, CYNTHIA",GREEN,FALSE,8518,5708350,0.0014922
2008,OHIO,OH,US PRESIDENT,"MOORE, BRIAN",SOCIALIST,FALSE,2735,5708350,0.000479123
2008,OHIO,OH,US PRESIDENT,,INDEPENDENT,TRUE,509,5708350,8.91676E-05
2008,OKLAHOMA,OK,US PRESIDENT,"MCCAIN, JOHN",REPUBLICAN,FALSE,960165,1462661,0.656450811
2008,OKLAHOMA,OK,US PRESIDENT,"OBAMA, BARACK H.",DEMOCRAT,FALSE,502496,1462661,0.343549189
2008,OREGON,OR,US PRESIDENT,"OBAMA, BARACK H.",DEMOCRAT,FALSE,1037291,1827864,0.567488063
2008,OREGON,OR,US PRESIDENT,"MCCAIN, JOHN",REPUBLICAN,FALSE,738475,1827864,0.404009817
2008,OREGON,OR,US PRESIDENT,"NADER, RALPH",PEACE PARTY,FALSE,18614,1827864,0.010183471
2008,OREGON,OR,US PRESIDENT,OTHER,,FALSE,13613,1827864,0.007447491
2008,OREGON,OR,US PRESIDENT,"BALDWIN, CHARLES """"CHUCK""""",CONSTITUTION PARTY,FALSE,7693,1827864,0.004208738
2008,OREGON,OR,US PRESIDENT,,LIBERTARIAN,FALSE,7635,1827864,0.004177007
2008,OREGON,OR,US PRESIDENT,"MCKINNEY, CYNTHIA",GREEN,FALSE,4543,1827864,0.002485415
2008,PENNSYLVANIA,PA,US PRESIDENT,"OBAMA, BARACK H.",DEMOCRAT,FALSE,3276363,6013272,0.54485528
2008,PENNSYLVANIA,PA,US PRESIDENT,"MCCAIN, JOHN",REPUBLICAN,FALSE,2655885,6013272,0.441670525
2008,PENNSYLVANIA,PA,US PRESIDENT,"NADER, RALPH",INDEPENDENT,FALSE,42977,6013272,0.007147024
2008,PENNSYLVANIA,PA,US PRESIDENT,"BARR, BOB",LIBERTARIAN,FALSE,19912,6013272,0.003311342
2008,PENNSYLVANIA,PA,US PRESIDENT,,,TRUE,9955,6013272,0.001655505
2008,PENNSYLVANIA,PA,US PRESIDENT,SCATTERING,,FALSE,8180,6013272,0.001360324
2008,RHODE ISLAND,RI,US PRESIDENT,"OBAMA, BARACK H.",DEMOCRAT,FALSE,296571,471766,0.628640046
2008,RHODE ISLAND,RI,US PRESIDENT,"MCCAIN, JOHN",REPUBLICAN,FALSE,165391,471766,0.350578465
2008,RHODE ISLAND,RI,US PRESIDENT,"NADER, RALPH",INDEPENDENT,FALSE,4829,471766,0.010236007
2008,RHODE ISLAND,RI,US PRESIDENT,,,TRUE,1999,471766,0.00423727
2008,RHODE ISLAND,RI,US PRESIDENT,"BARR, BOB",LIBERTARIAN,FALSE,1382,471766,0.002929418
2008,RHODE ISLAND,RI,US PRESIDENT,"MCKINNEY, CYNTHIA",GREEN,FALSE,797,471766,0.001689397
2008,RHODE ISLAND,RI,US PRESIDENT,"BALDWIN, CHARLES """"CHUCK""""",CONSTITUTION PARTY,FALSE,675,471766,0.001430794
2008,RHODE ISLAND,RI,US PRESIDENT,"LA RIVA, GLORIA ESTELLA",SOCIALISM AND LIBERATION PARTY,FALSE,122,471766,0.000258603
2008,SOUTH CAROLINA,SC,US PRESIDENT,"MCCAIN, JOHN",REPUBLICAN,FALSE,1034896,1920969,0.53873644
2008,SOUTH CAROLINA,SC,US PRESIDENT,"OBAMA, BARACK H.",DEMOCRAT,FALSE,862449,1920969,0.4489656
2008,SOUTH CAROLINA,SC,US PRESIDENT,"BARR, BOB",LIBERTARIAN,FALSE,7283,1920969,0.003791316
2008,SOUTH CAROLINA,SC,US PRESIDENT,"BALDWIN, CHARLES """"CHUCK""""",CONSTITUTION PARTY,FALSE,6827,1920969,0.003553936
2008,SOUTH CAROLINA,SC,US PRESIDENT,"NADER, RALPH",INDEPENDENT,FALSE,5053,1920969,0.002630443
2008,SOUTH CAROLINA,SC,US PRESIDENT,"MCKINNEY, CYNTHIA",GREEN,FALSE,4461,1920969,0.002322265
2008,SOUTH DAKOTA,SD,US PRESIDENT,"MCCAIN, JOHN",REPUBLICAN,FALSE,203054,381975,0.531589764
2008,SOUTH DAKOTA,SD,US PRESIDENT,"OBAMA, BARACK H.",DEMOCRAT,FALSE,170924,381975,0.447474311
2008,SOUTH DAKOTA,SD,US PRESIDENT,"NADER, RALPH",INDEPENDENT,FALSE,4267,381975,0.011170888
2008,SOUTH DAKOTA,SD,US PRESIDENT,"BALDWIN, CHARLES """"CHUCK""""",CONSTITUTION PARTY,FALSE,1895,381975,0.004961058
2008,SOUTH DAKOTA,SD,US PRESIDENT,"BARR, BOB",LIBERTARIAN,FALSE,1835,381975,0.004803979
2008,TENNESSEE,TN,US PRESIDENT,"MCCAIN, JOHN",REPUBLICAN,FALSE,1479178,2599749,0.568969543
2008,TENNESSEE,TN,US PRESIDENT,"OBAMA, BARACK H.",DEMOCRAT,FALSE,1087437,2599749,0.418285381
2008,TENNESSEE,TN,US PRESIDENT,,INDEPENDENT,FALSE,33134,2599749,0.012745077
2008,TEXAS,TX,US PRESIDENT,"MCCAIN, JOHN",REPUBLICAN,FALSE,4479328,8077795,0.554523605
2008,TEXAS,TX,US PRESIDENT,"OBAMA, BARACK H.",DEMOCRAT,FALSE,3528633,8077795,0.436831214
2008,TEXAS,TX,US PRESIDENT,"BARR, BOB",LIBERTARIAN,FALSE,56116,8077795,0.006946945
2008,TEXAS,TX,US PRESIDENT,,,TRUE,7967,8077795,0.000986284
2008,TEXAS,TX,US PRESIDENT,"NADER, RALPH",INDEPENDENT,TRUE,5751,8077795,0.000711952
2008,UTAH,UT,US PRESIDENT,"MCCAIN, JOHN",REPUBLICAN,FALSE,596030,952370,0.625838697
2008,UTAH,UT,US PRESIDENT,"OBAMA, BARACK H.",DEMOCRAT,FALSE,327670,952370,0.344057457
2008,UTAH,UT,US PRESIDENT,"BALDWIN, CHARLES """"CHUCK""""",CONSTITUTION PARTY,FALSE,12012,952370,0.012612745
2008,UTAH,UT,US PRESIDENT,"NADER, RALPH",PEACE & FREEDOM,FALSE,8416,952370,0.008836902
2008,UTAH,UT,US PRESIDENT,"BARR, BOB",LIBERTARIAN,FALSE,6966,952370,0.007314384
2008,UTAH,UT,US PRESIDENT,"MCKINNEY, CYNTHIA",GREEN,FALSE,982,952370,0.001031112
2008,UTAH,UT,US PRESIDENT,"LA RIVA, GLORIA ESTELLA",SOCIALISM AND LIBERATION PARTY,FALSE,262,952370,0.000275103
2008,UTAH,UT,US PRESIDENT,,,TRUE,32,952370,3.36004E-05
2008,VERMONT,VT,US PRESIDENT,"OBAMA, BARACK H.",DEMOCRAT,FALSE,219262,325046,0.674556832
2008,VERMONT,VT,US PRESIDENT,"MCCAIN, JOHN",REPUBLICAN,FALSE,98974,325046,0.304492287
2008,VERMONT,VT,US PRESIDENT,"NADER, RALPH",INDEPENDENT,FALSE,3339,325046,0.010272392
2008,VERMONT,VT,US PRESIDENT,,,TRUE,1464,325046,0.004503978
2008,VERMONT,VT,US PRESIDENT,"BARR, BOB",LIBERTARIAN,FALSE,1067,325046,0.003282612
2008,VERMONT,VT,US PRESIDENT,"BALDWIN, CHARLES """"CHUCK""""",CONSTITUTION PARTY,FALSE,500,325046,0.001538244
2008,VERMONT,VT,US PRESIDENT,"CALERO, ROGER",SOCIALIST WORKERS,FALSE,150,325046,0.000461473
2008,VERMONT,VT,US PRESIDENT,"LA RIVA, GLORIA ESTELLA",SOCIALISM AND LIBERATION PARTY,FALSE,149,325046,0.000458397
2008,VERMONT,VT,US PRESIDENT,"MOORE, BRIAN",LIBERTY UNION PARTY,FALSE,141,325046,0.000433785
2008,VIRGINIA,VA,US PRESIDENT,"OBAMA, BARACK H.",DEMOCRAT,FALSE,1959532,3723260,0.526294699
2008,VIRGINIA,VA,US PRESIDENT,"MCCAIN, JOHN",REPUBLICAN,FALSE,1725005,3723260,0.463305007
2008,VIRGINIA,VA,US PRESIDENT,"NADER, RALPH",INDEPENDENT,FALSE,11483,3723260,0.003084125
2008,VIRGINIA,VA,US PRESIDENT,"BARR, BOB",LIBERTARIAN,FALSE,11067,3723260,0.002972395
2008,VIRGINIA,VA,US PRESIDENT,"BALDWIN, CHARLES """"CHUCK""""",INDEPENDENT GREEN,FALSE,7474,3723260,0.002007381
2008,VIRGINIA,VA,US PRESIDENT,,,TRUE,6355,3723260,0.001706838
2008,VIRGINIA,VA,US PRESIDENT,"MCKINNEY, CYNTHIA",GREEN,FALSE,2344,3723260,0.000629556
2008,WASHINGTON,WA,US PRESIDENT,"OBAMA, BARACK H.",DEMOCRAT,FALSE,1750848,3036878,0.576528922
2008,WASHINGTON,WA,US PRESIDENT,"MCCAIN, JOHN",REPUBLICAN,FALSE,1229216,3036878,0.404763049
2008,WASHINGTON,WA,US PRESIDENT,"NADER, RALPH",INDEPENDENT,FALSE,29489,3036878,0.009710301
2008,WASHINGTON,WA,US PRESIDENT,"BARR, BOB",LIBERTARIAN,FALSE,12728,3036878,0.004191146
2008,WASHINGTON,WA,US PRESIDENT,"BALDWIN, CHARLES """"CHUCK""""",CONSTITUTION PARTY,FALSE,9432,3036878,0.003105821
2008,WASHINGTON,WA,US PRESIDENT,"MCKINNEY, CYNTHIA",GREEN,FALSE,3819,3036878,0.001257541
2008,WASHINGTON,WA,US PRESIDENT,"LA RIVA, GLORIA ESTELLA",SOCIALISM AND LIBERATION PARTY,FALSE,705,3036878,0.000232146
2008,WASHINGTON,WA,US PRESIDENT,"HARRIS, JAMES",SOCIALIST WORKERS,FALSE,641,3036878,0.000211072
2008,WEST VIRGINIA,WV,US PRESIDENT,"MCCAIN, JOHN",REPUBLICAN,FALSE,397466,713451,0.557103431
2008,WEST VIRGINIA,WV,US PRESIDENT,"OBAMA, BARACK H.",DEMOCRAT,FALSE,303857,713451,0.425897504
2008,WEST VIRGINIA,WV,US PRESIDENT,"NADER, RALPH",INDEPENDENT,FALSE,7219,713451,0.010118424
2008,WEST VIRGINIA,WV,US PRESIDENT,"BALDWIN, CHARLES """"CHUCK""""",CONSTITUTION PARTY,FALSE,2465,713451,0.003455038
2008,WEST VIRGINIA,WV,US PRESIDENT,"MCKINNEY, CYNTHIA",MOUNTAIN PARTY,FALSE,2355,713451,0.003300857
2008,WEST VIRGINIA,WV,US PRESIDENT,,,TRUE,89,713451,0.000124746
2008,WISCONSIN,WI,US PRESIDENT,"OBAMA, BARACK H.",DEMOCRAT,FALSE,1677211,2983417,0.562177865
2008,WISCONSIN,WI,US PRESIDENT,"MCCAIN, JOHN",REPUBLICAN,FALSE,1262393,2983417,0.423136625
2008,WISCONSIN,WI,US PRESIDENT,"NADER, RALPH",INDEPENDENT,FALSE,17605,2983417,0.005900952
2008,WISCONSIN,WI,US PRESIDENT,"BARR, BOB",LIBERTARIAN,FALSE,8858,2983417,0.002969079
2008,WISCONSIN,WI,US PRESIDENT,SCATTERING,,FALSE,6521,2983417,0.002185749
2008,WISCONSIN,WI,US PRESIDENT,"BALDWIN, CHARLES """"CHUCK""""",CONSTITUTION PARTY,FALSE,5072,2983417,0.001700064
2008,WISCONSIN,WI,US PRESIDENT,"MCKINNEY, CYNTHIA",GREEN,FALSE,4216,2983417,0.001413145
2008,WISCONSIN,WI,US PRESIDENT,"WAMBOLDT, JEFFREY",WE THE PEOPLE,FALSE,764,2983417,0.000256082
2008,WISCONSIN,WI,US PRESIDENT,"MOORE, BRIAN",SOCIALIST PARTY USA,FALSE,540,2983417,0.000181001
2008,WISCONSIN,WI,US PRESIDENT,"LA RIVA, GLORIA ESTELLA",SOCIALISM AND LIBERATION PARTY,FALSE,237,2983417,7.94391E-05
2008,WYOMING,WY,US PRESIDENT,"MCCAIN, JOHN",REPUBLICAN,FALSE,164958,254904,0.647137746
2008,WYOMING,WY,US PRESIDENT,"OBAMA, BARACK H.",DEMOCRAT,FALSE,82868,254904,0.325094938
2008,WYOMING,WY,US PRESIDENT,,INDEPENDENT,FALSE,3717,254904,0.01458196
2008,WYOMING,WY,US PRESIDENT,"BARR, BOB",LIBERTARIAN,FALSE,1594,254904,0.006253335
2008,WYOMING,WY,US PRESIDENT,,,TRUE,1521,254904,0.005966952
2008,WYOMING,WY,US PRESIDENT,OVER VOTE,,FALSE,246,254904,0.000965069
2012,ALABAMA,AL,US PRESIDENT,"ROMNEY, MITT",REPUBLICAN,FALSE,1255925,2074338,0.605458223
2012,ALABAMA,AL,US PRESIDENT,"OBAMA, BARACK H.",DEMOCRAT,FALSE,795696,2074338,0.383590331
2012,ALABAMA,AL,US PRESIDENT,,INDEPENDENT,FALSE,18706,2074338,0.009017817
2012,ALABAMA,AL,US PRESIDENT,,,TRUE,4011,2074338,0.001933629
2012,ALASKA,AK,US PRESIDENT,"ROMNEY, MITT",REPUBLICAN,FALSE,164676,300495,0.548015774
2012,ALASKA,AK,US PRESIDENT,"OBAMA, BARACK H.",DEMOCRAT,FALSE,122640,300495,0.408126591
2012,ALASKA,AK,US PRESIDENT,"JOHNSON, GARY",LIBERTARIAN,FALSE,7392,300495,0.024599411
2012,ALASKA,AK,US PRESIDENT,"STEIN, JILL",GREEN,FALSE,2917,300495,0.009707316
2012,ALASKA,AK,US PRESIDENT,,,TRUE,2870,300495,0.009550908
2012,ARIZONA,AZ,US PRESIDENT,"ROMNEY, MITT",REPUBLICAN,FALSE,1233654,2299254,0.536545332
2012,ARIZONA,AZ,US PRESIDENT,"OBAMA, BARACK H.",DEMOCRAT,FALSE,1025232,2299254,0.445897669
2012,ARIZONA,AZ,US PRESIDENT,"JOHNSON, GARY",LIBERTARIAN,FALSE,32100,2299254,0.01396105
2012,ARIZONA,AZ,US PRESIDENT,"STEIN, JILL",GREEN,FALSE,7816,2299254,0.003399363
2012,ARIZONA,AZ,US PRESIDENT,,,TRUE,452,2299254,0.000196586
2012,ARKANSAS,AR,US PRESIDENT,"ROMNEY, MITT",REPUBLICAN,FALSE,647744,1069468,0.605669361
2012,ARKANSAS,AR,US PRESIDENT,"OBAMA, BARACK H.",DEMOCRAT,FALSE,394409,1069468,0.368789903
2012,ARKANSAS,AR,US PRESIDENT,"JOHNSON, GARY",LIBERTARIAN,FALSE,16276,1069468,0.015218782
2012,ARKANSAS,AR,US PRESIDENT,"STEIN, JILL",GREEN,FALSE,9305,1069468,0.008700588
2012,ARKANSAS,AR,US PRESIDENT,"LA RIVA, GLORIA ESTELLA",SOCIALISM AND LIBERATION PARTY,FALSE,1734,1069468,0.001621367
2012,CALIFORNIA,CA,US PRESIDENT,"OBAMA, BARACK H.",DEMOCRAT,FALSE,7854285,13038547,0.602389591
2012,CALIFORNIA,CA,US PRESIDENT,"ROMNEY, MITT",REPUBLICAN,FALSE,4839958,13038547,0.371203785
2012,CALIFORNIA,CA,US PRESIDENT,"JOHNSON, GARY",LIBERTARIAN,FALSE,143221,13038547,0.010984429
2012,CALIFORNIA,CA,US PRESIDENT,"STEIN, JILL",GREEN,FALSE,85638,13038547,0.006568063
2012,CALIFORNIA,CA,US PRESIDENT,"BARR, ROSEANNE",PEACE & FREEDOM,FALSE,53824,13038547,0.004128067
2012,CALIFORNIA,CA,US PRESIDENT,"HOEFLING, THOMAS CONRAD """"TOM""""",AMERICAN INDEPENDENT PARTY,FALSE,38372,13038547,0.002942966
2012,CALIFORNIA,CA,US PRESIDENT,,,TRUE,23249,13038547,0.001783097
2012,COLORADO,CO,US PRESIDENT,"OBAMA, BARACK H.",DEMOCRAT,FALSE,1323101,2569516,0.514922266
2012,COLORADO,CO,US PRESIDENT,"ROMNEY, MITT",REPUBLICAN,FALSE,1185243,2569516,0.461270916
2012,COLORADO,CO,US PRESIDENT,"JOHNSON, GARY",LIBERTARIAN,FALSE,35545,2569516,0.013833344
2012,COLORADO,CO,US PRESIDENT,"STEIN, JILL",GREEN,FALSE,7508,2569516,0.002921951
2012,COLORADO,CO,US PRESIDENT,"GOODE, VIRGIL HAMLIN, JR.",AMERICAN CONSTITUTION PARTY,FALSE,6234,2569516,0.002426138
2012,COLORADO,CO,US PRESIDENT,"BARR, ROSEANNE",PEACE & FREEDOM,FALSE,5057,2569516,0.001968075
2012,COLORADO,CO,US PRESIDENT,"REED, JILL ANN",NO PARTY AFFILIATION,FALSE,2588,2569516,0.001007194
2012,COLORADO,CO,US PRESIDENT,"ANDERSON, ROSS CARL """"ROCKY""""",JUSTICE,FALSE,1262,2569516,0.000491143
2012,COLORADO,CO,US PRESIDENT,"TITTLE, SHEILA """"SAMM""""",WE THE PEOPLE,FALSE,791,2569516,0.00030784
2012,COLORADO,CO,US PRESIDENT,"HOEFLING, THOMAS CONRAD """"TOM""""",AMERICA'S PARTY,FALSE,679,2569516,0.000264252
2012,COLORADO,CO,US PRESIDENT,"LA RIVA, GLORIA ESTELLA",SOCIALISM AND LIBERATION PARTY,FALSE,317,2569516,0.00012337
2012,COLORADO,CO,US PRESIDENT,"ALEXANDER, STEWART",SOCIALIST,FALSE,308,2569516,0.000119867
2012,COLORADO,CO,US PRESIDENT,"MILLER, MERLIN",AMERICAN THIRD POSITION,FALSE,267,2569516,0.000103911
2012,COLORADO,CO,US PRESIDENT,"STEVENS, THOMAS ROBERT """"TOM""""",OBJECTIVIST PARTY,FALSE,235,2569516,9.14569E-05
2012,COLORADO,CO,US PRESIDENT,"HARRIS, JAMES",SOCIALIST WORKERS,FALSE,192,2569516,7.47222E-05
2012,COLORADO,CO,US PRESIDENT,"WHITE, JERRY",SOCIALIST EQUALITY PARTY,FALSE,189,2569516,7.35547E-05
2012,CONNECTICUT,CT,US PRESIDENT,"OBAMA, BARACK H.",DEMOCRAT,FALSE,905083,1558204,0.580850133
2012,CONNECTICUT,CT,US PRESIDENT,"ROMNEY, MITT",REPUBLICAN,FALSE,634892,1558204,0.407451142
2012,CONNECTICUT,CT,US PRESIDENT,"JOHNSON, GARY",LIBERTARIAN,FALSE,12340,1558204,0.007919374
2012,CONNECTICUT,CT,US PRESIDENT,,INDEPENDENT,FALSE,4971,1558204,0.003190211
2012,CONNECTICUT,CT,US PRESIDENT,,,TRUE,918,1558204,0.00058914
2012,DELAWARE,DE,US PRESIDENT,"OBAMA, BARACK H.",DEMOCRAT,FALSE,242584,413890,0.58610742
2012,DELAWARE,DE,US PRESIDENT,"ROMNEY, MITT",REPUBLICAN,FALSE,165484,413890,0.399826041
2012,DELAWARE,DE,US PRESIDENT,"JOHNSON, GARY",LIBERTARIAN,FALSE,3882,413890,0.009379304
2012,DELAWARE,DE,US PRESIDENT,"STEIN, JILL",GREEN,FALSE,1940,413890,0.004687236
2012,DISTRICT OF COLUMBIA,DC,US PRESIDENT,"OBAMA, BARACK H.",DEMOCRAT,FALSE,267070,293764,0.909131139
2012,DISTRICT OF COLUMBIA,DC,US PRESIDENT,"ROMNEY, MITT",REPUBLICAN,FALSE,21381,293764,0.072782914
2012,DISTRICT OF COLUMBIA,DC,US PRESIDENT,"STEIN, JILL",D.C. STATEHOOD GREEN,FALSE,2458,293764,0.008367261
2012,DISTRICT OF COLUMBIA,DC,US PRESIDENT,"JOHNSON, GARY",LIBERTARIAN,FALSE,2083,293764,0.007090726
2012,DISTRICT OF COLUMBIA,DC,US PRESIDENT,,,TRUE,772,293764,0.00262796
2012,FLORIDA,FL,US PRESIDENT,"OBAMA, BARACK H.",DEMOCRAT,FALSE,4237756,8474179,0.500078651
2012,FLORIDA,FL,US PRESIDENT,"ROMNEY, MITT",REPUBLICAN,FALSE,4163447,8474179,0.491309778
2012,FLORIDA,FL,US PRESIDENT,"JOHNSON, GARY",LIBERTARIAN,FALSE,44726,8474179,0.005277915
2012,FLORIDA,FL,US PRESIDENT,"STEIN, JILL",GREEN,FALSE,8947,8474179,0.001055795
2012,FLORIDA,FL,US PRESIDENT,"BARR, ROSEANNE",PEACE & FREEDOM,FALSE,8154,8474179,0.000962217
2012,FLORIDA,FL,US PRESIDENT,"STEVENS, THOMAS ROBERT """"TOM""""",OBJECTIVIST PARTY,FALSE,3856,8474179,0.000455029
2012,FLORIDA,FL,US PRESIDENT,"GOODE, VIRGIL HAMLIN, JR.",CONSTITUTION PARTY,FALSE,2607,8474179,0.00030764
2012,FLORIDA,FL,US PRESIDENT,"ANDERSON, ROSS CARL """"ROCKY""""",JUSTICE,FALSE,1754,8474179,0.000206982
2012,FLORIDA,FL,US PRESIDENT,"HOEFLING, THOMAS CONRAD """"TOM""""",AMERICAN INDEPENDENT,FALSE,946,8474179,0.000111633
2012,FLORIDA,FL,US PRESIDENT,"BARNETT, ANDRE",REFORM PARTY,FALSE,820,8474179,9.67645E-05
2012,FLORIDA,FL,US PRESIDENT,"ALEXANDER, STEWART",SOCIALIST,FALSE,799,8474179,9.42864E-05
2012,FLORIDA,FL,US PRESIDENT,"LINDSAY, PETA",SOCIALISM AND LIBERATION PARTY,FALSE,322,8474179,3.79978E-05
2012,FLORIDA,FL,US PRESIDENT,,,TRUE,45,8474179,5.31025E-06
2012,GEORGIA,GA,US PRESIDENT,"ROMNEY, MITT",REPUBLICAN,FALSE,2078688,3897839,0.533292422
2012,GEORGIA,GA,US PRESIDENT,"OBAMA, BARACK H.",DEMOCRAT,FALSE,1773827,3897839,0.455079597
2012,GEORGIA,GA,US PRESIDENT,"JOHNSON, GARY",LIBERTARIAN,FALSE,45324,3897839,0.011627982
2012,HAWAII,HI,US PRESIDENT,"OBAMA, BARACK H.",DEMOCRAT,FALSE,306658,437159,0.701479324
2012,HAWAII,HI,US PRESIDENT,"ROMNEY, MITT",REPUBLICAN,FALSE,121015,437159,0.276821477
2012,HAWAII,HI,US PRESIDENT,"JOHNSON, GARY",LIBERTARIAN,FALSE,3840,437159,0.008783989
2012,HAWAII,HI,US PRESIDENT,"STEIN, JILL",GREEN,FALSE,3184,437159,0.007283391
2012,HAWAII,HI,US PRESIDENT,BLANK VOTE,,FALSE,2227,437159,0.005094256
2012,HAWAII,HI,US PRESIDENT,OVER VOTE,,FALSE,235,437159,0.000537562
2012,IDAHO,ID,US PRESIDENT,"ROMNEY, MITT",REPUBLICAN,FALSE,420911,652274,0.645297835
2012,IDAHO,ID,US PRESIDENT,"OBAMA, BARACK H.",DEMOCRAT,FALSE,212787,652274,0.326223336
2012,IDAHO,ID,US PRESIDENT,"JOHNSON, GARY",LIBERTARIAN,FALSE,9453,652274,0.014492376
2012,IDAHO,ID,US PRESIDENT,,INDEPENDENT,FALSE,6901,652274,0.01057991
2012,IDAHO,ID,US PRESIDENT,"GOODE, VIRGIL HAMLIN, JR.",CONSTITUTION PARTY,FALSE,2222,652274,0.003406544
2012,ILLINOIS,IL,US PRESIDENT,"OBAMA, BARACK H.",DEMOCRAT,FALSE,3019512,5242014,0.576021354
2012,ILLINOIS,IL,US PRESIDENT,"ROMNEY, MITT",REPUBLICAN,FALSE,2135216,5242014,0.407327413
2012,ILLINOIS,IL,US PRESIDENT,"JOHNSON, GARY",LIBERTARIAN,FALSE,56229,5242014,0.010726602
2012,ILLINOIS,IL,US PRESIDENT,"STEIN, JILL",GREEN,FALSE,30222,5242014,0.005765341
2012,ILLINOIS,IL,US PRESIDENT,,,TRUE,835,5242014,0.00015929
2012,INDIANA,IN,US PRESIDENT,"ROMNEY, MITT",REPUBLICAN,FALSE,1420543,2624534,0.541255324
2012,INDIANA,IN,US PRESIDENT,"OBAMA, BARACK H.",DEMOCRAT,FALSE,1152887,2624534,0.439273029
2012,INDIANA,IN,US PRESIDENT,"JOHNSON, GARY",LIBERTARIAN,FALSE,50111,2624534,0.019093294
2012,INDIANA,IN,US PRESIDENT,,,TRUE,993,2624534,0.000378353
2012,IOWA,IA,US PRESIDENT,"OBAMA, BARACK H.",DEMOCRAT,FALSE,822544,1582180,0.519880165
2012,IOWA,IA,US PRESIDENT,"ROMNEY, MITT",REPUBLICAN,FALSE,730617,1582180,0.461778685
2012,IOWA,IA,US PRESIDENT,"JOHNSON, GARY",LIBERTARIAN,FALSE,12926,1582180,0.00816974
2012,IOWA,IA,US PRESIDENT,,,TRUE,7442,1582180,0.004703637
2012,IOWA,IA,US PRESIDENT,"STEIN, JILL",GREEN,FALSE,3769,1582180,0.002382156
2012,IOWA,IA,US PRESIDENT,"GOODE, VIRGIL HAMLIN, JR.",CONSTITUTION PARTY,FALSE,3038,1582180,0.001920136
2012,IOWA,IA,US PRESIDENT,,NOMINATED BY PETITION,FALSE,1027,1582180,0.000649104
2012,IOWA,IA,US PRESIDENT,"HARRIS, JAMES",SOCIALIST WORKERS,FALSE,445,1582180,0.000281258
2012,IOWA,IA,US PRESIDENT,"LA RIVA, GLORIA ESTELLA",SOCIALISM AND LIBERATION PARTY,FALSE,372,1582180,0.000235119
2012,KANSAS,KS,US PRESIDENT,"ROMNEY, MITT",REPUBLICAN,FALSE,692634,1159971,0.597113204
2012,KANSAS,KS,US PRESIDENT,"OBAMA, BARACK H.",DEMOCRAT,FALSE,440726,1159971,0.379945706
2012,KANSAS,KS,US PRESIDENT,"JOHNSON, GARY",LIBERTARIAN,FALSE,20456,1159971,0.017634924
2012,KANSAS,KS,US PRESIDENT,"BALDWIN, CHARLES """"CHUCK""""",REFORM PARTY,FALSE,5017,1159971,0.004325108
2012,KANSAS,KS,US PRESIDENT,,,TRUE,1138,1159971,0.000981059
2012,KENTUCKY,KY,US PRESIDENT,"ROMNEY, MITT",REPUBLICAN,FALSE,1087190,1797212,0.604931416
2012,KENTUCKY,KY,US PRESIDENT,"OBAMA, BARACK H.",DEMOCRAT,FALSE,679370,1797212,0.378013278
2012,KENTUCKY,KY,US PRESIDENT,"JOHNSON, GARY",LIBERTARIAN,FALSE,17063,1797212,0.00949415
2012,KENTUCKY,KY,US PRESIDENT,"TERRY, RANDALL",INDEPENDENT,FALSE,6872,1797212,0.0038237
2012,KENTUCKY,KY,US PRESIDENT,"STEIN, JILL",GREEN,FALSE,6337,1797212,0.003526017
2012,KENTUCKY,KY,US PRESIDENT,,,TRUE,380,1797212,0.000211439
2012,LOUISIANA,LA,US PRESIDENT,"ROMNEY, MITT",REPUBLICAN,FALSE,1152262,1994065,0.577845757
2012,LOUISIANA,LA,US PRESIDENT,"OBAMA, BARACK H.",DEMOCRAT,FALSE,809141,1994065,0.405774636
2012,LOUISIANA,LA,US PRESIDENT,"JOHNSON, GARY",LIBERTARIAN,FALSE,18157,1994065,0.009105521
2012,LOUISIANA,LA,US PRESIDENT,"STEIN, JILL",GREEN,FALSE,6978,1994065,0.003499384
2012,LOUISIANA,LA,US PRESIDENT,"GOODE, VIRGIL HAMLIN, JR.",CONSTITUTION PARTY,FALSE,2508,1994065,0.001257732
2012,LOUISIANA,LA,US PRESIDENT,"TITTLE, SHEILA """"SAMM""""",WE THE PEOPLE,FALSE,1767,1994065,0.00088613
2012,LOUISIANA,LA,US PRESIDENT,"ANDERSON, ROSS CARL """"ROCKY""""",JUSTICE,FALSE,1368,1994065,0.000686036
2012,LOUISIANA,LA,US PRESIDENT,"LINDSAY, PETA",SOCIALISM AND LIBERATION PARTY,FALSE,622,1994065,0.000311926
2012,LOUISIANA,LA,US PRESIDENT,"FELLURE, LOWELL JACKSON """"JACK""""",PROHIBITION,FALSE,518,1994065,0.000259771
2012,LOUISIANA,LA,US PRESIDENT,"HARRIS, JAMES",SOCIALIST WORKERS,FALSE,389,1994065,0.000195079
2012,LOUISIANA,LA,US PRESIDENT,"WHITE, JEROME """"JERRY""""",SOCIALIST EQUALITY PARTY,FALSE,355,1994065,0.000178028
2012,MAINE,ME,US PRESIDENT,"OBAMA, BARACK H.",DEMOCRAT,FALSE,401306,724758,0.553710342
2012,MAINE,ME,US PRESIDENT,"ROMNEY, MITT",REPUBLICAN,FALSE,292276,724758,0.40327392
2012,MAINE,ME,US PRESIDENT,BLANK VOTE,,FALSE,11578,724758,0.015974988
2012,MAINE,ME,US PRESIDENT,"JOHNSON, GARY",LIBERTARIAN,FALSE,9352,724758,0.012903617
2012,MAINE,ME,US PRESIDENT,"STEIN, JILL",GREEN,FALSE,8119,724758,0.01120236
2012,MAINE,ME,US PRESIDENT,,,TRUE,2127,724758,0.002934773
2012,MARYLAND,MD,US PRESIDENT,"OBAMA, BARACK H.",DEMOCRAT,FALSE,1677844,2707327,0.619741908
2012,MARYLAND,MD,US PRESIDENT,"ROMNEY, MITT",REPUBLICAN,FALSE,971869,2707327,0.358977323
2012,MARYLAND,MD,US PRESIDENT,"JOHNSON, GARY",LIBERTARIAN,FALSE,30195,2707327,0.011153067
2012,MARYLAND,MD,US PRESIDENT,"STEIN, JILL",GREEN,FALSE,17110,2707327,0.006319887
2012,MARYLAND,MD,US PRESIDENT,,,TRUE,10309,2707327,0.003807815
2012,MASSACHUSETTS,MA,US PRESIDENT,"OBAMA, BARACK H.",DEMOCRAT,FALSE,1921290,3184196,0.603383083
2012,MASSACHUSETTS,MA,US PRESIDENT,"ROMNEY, MITT",REPUBLICAN,FALSE,1188314,3184196,0.373191223
2012,MASSACHUSETTS,MA,US PRESIDENT,"JOHNSON, GARY",LIBERTARIAN,FALSE,30920,3184196,0.009710458
2012,MASSACHUSETTS,MA,US PRESIDENT,"STEIN, JILL",GREEN-RAINBOW,FALSE,20691,3184196,0.00649803
2012,MASSACHUSETTS,MA,US PRESIDENT,BLANK VOTE/SCATTERING,,FALSE,16429,3184196,0.005159544
2012,MASSACHUSETTS,MA,US PRESIDENT,OTHER,,FALSE,6552,3184196,0.002057662
2012,MICHIGAN,MI,US PRESIDENT,"OBAMA, BARACK H.",DEMOCRAT,FALSE,2564569,4730961,0.542082042
2012,MICHIGAN,MI,US PRESIDENT,"ROMNEY, MITT",REPUBLICAN,FALSE,2115256,4730961,0.44710916
2012,MICHIGAN,MI,US PRESIDENT,"STEIN, JILL",GREEN,FALSE,21897,4730961,0.004628447
2012,MICHIGAN,MI,US PRESIDENT,"GOODE, VIRGIL HAMLIN, JR.",U.S. TAXPAYERS PARTY,FALSE,16119,4730961,0.00340713
2012,MICHIGAN,MI,US PRESIDENT,,,TRUE,7973,4730961,0.001685281
2012,MICHIGAN,MI,US PRESIDENT,"ANDERSON, ROSS CARL """"ROCKY""""",NATURAL LAW,FALSE,5147,4730961,0.00108794
2012,MINNESOTA,MN,US PRESIDENT,"OBAMA, BARACK H.",DEMOCRATIC-FARMER-LABOR,FALSE,1546167,2936561,0.526523032
2012,MINNESOTA,MN,US PRESIDENT,"ROMNEY, MITT",REPUBLICAN,FALSE,1320225,2936561,0.449582011
2012,MINNESOTA,MN,US PRESIDENT,"JOHNSON, GARY",LIBERTARIAN,FALSE,35098,2936561,0.011952076
2012,MINNESOTA,MN,US PRESIDENT,"STEIN, JILL",GREEN,FALSE,13023,2936561,0.004434779
2012,MINNESOTA,MN,US PRESIDENT,,,TRUE,10641,2936561,0.003623626
2012,MINNESOTA,MN,US PRESIDENT,"GOODE, VIRGIL HAMLIN, JR.",CONSTITUTION PARTY,FALSE,3722,2936561,0.001267469
2012,MINNESOTA,MN,US PRESIDENT,"CARLSON, JIM",GRASSROOTS,FALSE,3149,2936561,0.001072343
2012,MINNESOTA,MN,US PRESIDENT,"ANDERSON, ROSS CARL """"ROCKY""""",JUSTICE,FALSE,1996,2936561,0.000679707
2012,MINNESOTA,MN,US PRESIDENT,"MORSTAD, DEAN",CONSTITUTIONAL GOVERNMENT,FALSE,1092,2936561,0.000371864
2012,MINNESOTA,MN,US PRESIDENT,"HARRIS, JAMES",SOCIALIST WORKERS,FALSE,1051,2936561,0.000357902
2012,MINNESOTA,MN,US PRESIDENT,"LINDSAY, PETA",SOCIALISM AND LIBERATION PARTY,FALSE,397,2936561,0.000135192
2012,MISSISSIPPI,MS,US PRESIDENT,"ROMNEY, MITT",REPUBLICAN,FALSE,710746,1285584,0.552858467
2012,MISSISSIPPI,MS,US PRESIDENT,"OBAMA, BARACK H.",DEMOCRAT,FALSE,562949,1285584,0.437893595
2012,MISSISSIPPI,MS,US PRESIDENT,"JOHNSON, GARY",LIBERTARIAN,FALSE,6676,1285584,0.005192971
2012,MISSISSIPPI,MS,US PRESIDENT,"GOODE, VIRGIL HAMLIN, JR.",CONSTITUTION PARTY,FALSE,2609,1285584,0.002029428
2012,MISSISSIPPI,MS,US PRESIDENT,"STEIN, JILL",GREEN,FALSE,1588,1285584,0.001235236
2012,MISSISSIPPI,MS,US PRESIDENT,"WASHER, BARBARA DALE",REFORM PARTY,FALSE,1016,1285584,0.000790302
2012,MISSOURI,MO,US PRESIDENT,"ROMNEY, MITT",REPUBLICAN,FALSE,1482440,2757323,0.537637411
2012,MISSOURI,MO,US PRESIDENT,"OBAMA, BARACK H.",DEMOCRAT,FALSE,1223796,2757323,0.443834835
2012,MISSOURI,MO,US PRESIDENT,"JOHNSON, GARY",LIBERTARIAN,FALSE,43151,2757323,0.015649599
2012,MISSOURI,MO,US PRESIDENT,"GOODE, VIRGIL HAMLIN, JR.",CONSTITUTION PARTY,FALSE,7936,2757323,0.002878154
2012,MONTANA,MT,US PRESIDENT,"ROMNEY, MITT",REPUBLICAN,FALSE,267928,484048,0.553515354
2012,MONTANA,MT,US PRESIDENT,"OBAMA, BARACK H.",DEMOCRAT,FALSE,201839,484048,0.416981374
2012,MONTANA,MT,US PRESIDENT,"JOHNSON, GARY",LIBERTARIAN,FALSE,14165,484048,0.029263627
2012,MONTANA,MT,US PRESIDENT,,,TRUE,116,484048,0.000239646
2012,NEBRASKA,NE,US PRESIDENT,"ROMNEY, MITT",REPUBLICAN,FALSE,475064,794379,0.598031922
2012,NEBRASKA,NE,US PRESIDENT,"OBAMA, BARACK H.",DEMOCRAT,FALSE,302081,794379,0.380273144
2012,NEBRASKA,NE,US PRESIDENT,"JOHNSON, GARY",LIBERTARIAN,FALSE,11109,794379,0.013984509
2012,NEBRASKA,NE,US PRESIDENT,,,TRUE,3717,794379,0.004679127
2012,NEBRASKA,NE,US PRESIDENT,,NOMINATED BY PETITION,FALSE,2408,794379,0.003031299
2012,NEVADA,NV,US PRESIDENT,"OBAMA, BARACK H.",DEMOCRAT,FALSE,531373,1014918,0.523562495
2012,NEVADA,NV,US PRESIDENT,"ROMNEY, MITT",REPUBLICAN,FALSE,463567,1014918,0.456753156
2012,NEVADA,NV,US PRESIDENT,"JOHNSON, GARY",LIBERTARIAN,FALSE,10968,1014918,0.010806784
2012,NEVADA,NV,US PRESIDENT,NONE OF THESE CANDIDATES,,FALSE,5770,1014918,0.005685188
2012,NEVADA,NV,US PRESIDENT,"GOODE, VIRGIL HAMLIN, JR.",INDEPENDENT AMERICAN,FALSE,3240,1014918,0.003192376
2012,NEW HAMPSHIRE,NH,US PRESIDENT,"OBAMA, BARACK H.",DEMOCRAT,FALSE,369561,710972,0.519796842
2012,NEW HAMPSHIRE,NH,US PRESIDENT,"ROMNEY, MITT",REPUBLICAN,FALSE,329918,710972,0.464037965
2012,NEW HAMPSHIRE,NH,US PRESIDENT,"JOHNSON, GARY",LIBERTARIAN,FALSE,8212,710972,0.011550385
2012,NEW HAMPSHIRE,NH,US PRESIDENT,,,TRUE,1698,710972,0.00238828
2012,NEW HAMPSHIRE,NH,US PRESIDENT,SCATTERING,,FALSE,875,710972,0.00123071
2012,NEW HAMPSHIRE,NH,US PRESIDENT,"GOODE, VIRGIL HAMLIN, JR.",CONSTITUTION PARTY,FALSE,708,710972,0.00099582
2012,NEW JERSEY,NJ,US PRESIDENT,"OBAMA, BARACK H.",DEMOCRAT,FALSE,2122786,3638499,0.583423549
2012,NEW JERSEY,NJ,US PRESIDENT,"ROMNEY, MITT",REPUBLICAN,FALSE,1478088,3638499,0.406235648
2012,NEW JERSEY,NJ,US PRESIDENT,"JOHNSON, GARY",LIBERTARIAN,FALSE,21035,3638499,0.00578123
2012,NEW JERSEY,NJ,US PRESIDENT,"STEIN, JILL",GREEN,FALSE,9886,3638499,0.002717054
2012,NEW JERSEY,NJ,US PRESIDENT,"GOODE, VIRGIL HAMLIN, JR.",CONSTITUTION PARTY,FALSE,2063,3638499,0.000566992
2012,NEW JERSEY,NJ,US PRESIDENT,"ANDERSON, ROSS CARL """"ROCKY""""",JUSTICE,FALSE,1723,3638499,0.000473547
2012,NEW JERSEY,NJ,US PRESIDENT,"BOSS, JEFFERY",NSA DID 911,FALSE,1024,3638499,0.000281435
2012,NEW JERSEY,NJ,US PRESIDENT,"HARRIS, JAMES",SOCIALIST WORKERS,FALSE,709,3638499,0.000194861
2012,NEW JERSEY,NJ,US PRESIDENT,"MILLER, MERLIN",AMERICAN THIRD POSITION,FALSE,664,3638499,0.000182493
2012,NEW JERSEY,NJ,US PRESIDENT,"LINDSAY, PETA",SOCIALISM AND LIBERATION PARTY,FALSE,521,3638499,0.000143191
2012,NEW MEXICO,NM,US PRESIDENT,"OBAMA, BARACK H.",DEMOCRAT,FALSE,415335,783758,0.529927605
2012,NEW MEXICO,NM,US PRESIDENT,"ROMNEY, MITT",REPUBLICAN,FALSE,335788,783758,0.428433266
2012,NEW MEXICO,NM,US PRESIDENT,"JOHNSON, GARY",LIBERTARIAN,FALSE,27788,783758,0.035454822
2012,NEW MEXICO,NM,US PRESIDENT,"STEIN, JILL",GREEN,FALSE,2691,783758,0.003433458
2012,NEW MEXICO,NM,US PRESIDENT,,NEW MEXICO INDEPENDENT PARTY,FALSE,1174,783758,0.001497911
2012,NEW MEXICO,NM,US PRESIDENT,"GOODE, VIRGIL HAMLIN, JR.",CONSTITUTION PARTY,FALSE,982,783758,0.001252938
2012,NEW YORK,NY,US PRESIDENT,"OBAMA, BARACK H.",DEMOCRAT,FALSE,4324228,7116784,0.607609842
2012,NEW YORK,NY,US PRESIDENT,"ROMNEY, MITT",REPUBLICAN,FALSE,2223397,7116784,0.312415973
2012,NEW YORK,NY,US PRESIDENT,"ROMNEY, MITT",CONSERVATIVE,FALSE,262035,7116784,0.036819299
2012,NEW YORK,NY,US PRESIDENT,"OBAMA, BARACK H.",WORKING FAMILIES,FALSE,147643,7116784,0.020745747
2012,NEW YORK,NY,US PRESIDENT,BLANK VOTE/VOID VOTE/SCATTERING,,FALSE,63881,7116784,0.008976105
2012,NEW YORK,NY,US PRESIDENT,"JOHNSON, GARY",LIBERTARIAN,FALSE,47092,7116784,0.006617034
2012,NEW YORK,NY,US PRESIDENT,"STEIN, JILL",GREEN,FALSE,39856,7116784,0.005600282
2012,NEW YORK,NY,US PRESIDENT,"GOODE, VIRGIL HAMLIN, JR.",CONSTITUTION PARTY,FALSE,6270,7116784,0.000881016
2012,NEW YORK,NY,US PRESIDENT,"LINDSAY, PETA",SOCIALISM AND LIBERATION PARTY,FALSE,2039,7116784,0.000286506
2012,NEW YORK,NY,US PRESIDENT,,,TRUE,343,7116784,4.81959E-05
2012,NORTH CAROLINA,NC,US PRESIDENT,"ROMNEY, MITT",REPUBLICAN,FALSE,2270395,4505372,0.503930641
2012,NORTH CAROLINA,NC,US PRESIDENT,"OBAMA, BARACK H.",DEMOCRAT,FALSE,2178391,4505372,0.483509686
2012,NORTH CAROLINA,NC,US PRESIDENT,"JOHNSON, GARY",LIBERTARIAN,FALSE,44515,4505372,0.009880427
2012,NORTH CAROLINA,NC,US PRESIDENT,,,TRUE,12071,4505372,0.002679246
2012,NORTH DAKOTA,ND,US PRESIDENT,"ROMNEY, MITT",REPUBLICAN,FALSE,188320,322932,0.583156826
2012,NORTH DAKOTA,ND,US PRESIDENT,"OBAMA, BARACK H.",DEMOCRAT,FALSE,124966,322932,0.386973109
2012,NORTH DAKOTA,ND,US PRESIDENT,"JOHNSON, GARY",LIBERTARIAN,FALSE,5238,322932,0.016220133
2012,NORTH DAKOTA,ND,US PRESIDENT,,,TRUE,1860,322932,0.005759727
2012,NORTH DAKOTA,ND,US PRESIDENT,"GOODE, VIRGIL HAMLIN, JR.",CONSTITUTION PARTY,FALSE,1186,322932,0.0036726
2012,NORTH DAKOTA,ND,US PRESIDENT,"STEIN, JILL",GREEN,FALSE,1362,322932,0.004217606
2012,OHIO,OH,US PRESIDENT,"OBAMA, BARACK H.",DEMOCRAT,FALSE,2827621,5580822,0.506667477
2012,OHIO,OH,US PRESIDENT,"ROMNEY, MITT",REPUBLICAN,FALSE,2661407,5580822,0.476884409
2012,OHIO,OH,US PRESIDENT,"JOHNSON, GARY",LIBERTARIAN,FALSE,49493,5580822,0.008868407
2012,OHIO,OH,US PRESIDENT,"STEIN, JILL",GREEN,FALSE,18574,5580822,0.003328184
2012,OHIO,OH,US PRESIDENT,"DUNCAN, RICHARD",INDEPENDENT,FALSE,12502,5580822,0.002240172
2012,OHIO,OH,US PRESIDENT,"GOODE, VIRGIL HAMLIN, JR.",CONSTITUTION PARTY,FALSE,8151,5580822,0.001460538
2012,OHIO,OH,US PRESIDENT,"ALEXANDER, STEWART",SOCIALIST,FALSE,2967,5580822,0.000531642
2012,OHIO,OH,US PRESIDENT,,,TRUE,107,5580822,1.91728E-05
2012,OKLAHOMA,OK,US PRESIDENT,"ROMNEY, MITT",REPUBLICAN,FALSE,891325,1334872,0.667723197
2012,OKLAHOMA,OK,US PRESIDENT,"OBAMA, BARACK H.",DEMOCRAT,FALSE,443547,1334872,0.332276803
2012,OREGON,OR,US PRESIDENT,"OBAMA, BARACK H.",DEMOCRAT,FALSE,970488,1789270,0.542393267
2012,OREGON,OR,US PRESIDENT,"ROMNEY, MITT",REPUBLICAN,FALSE,754175,1789270,0.421498712
2012,OREGON,OR,US PRESIDENT,"JOHNSON, GARY",LIBERTARIAN,FALSE,24089,1789270,0.013463032
2012,OREGON,OR,US PRESIDENT,"STEIN, JILL",PACIFIC GREEN,FALSE,19427,1789270,0.010857501
2012,OREGON,OR,US PRESIDENT,OTHER,,FALSE,13275,1789270,0.007419227
2012,OREGON,OR,US PRESIDENT,"CHRISTENSEN, WILL",CONSTITUTION PARTY,FALSE,4432,1789270,0.002476988
2012,OREGON,OR,US PRESIDENT,"ANDERSON, ROSS CARL """"ROCKY""""",PROGRESSIVE,FALSE,3384,1789270,0.001891274
2012,PENNSYLVANIA,PA,US PRESIDENT,"OBAMA, BARACK H.",DEMOCRAT,FALSE,2990274,5742040,0.520768577
2012,PENNSYLVANIA,PA,US PRESIDENT,"ROMNEY, MITT",REPUBLICAN,FALSE,2680434,5742040,0.46680866
2012,PENNSYLVANIA,PA,US PRESIDENT,"JOHNSON, GARY",LIBERTARIAN,FALSE,49991,5742040,0.008706139
2012,PENNSYLVANIA,PA,US PRESIDENT,"STEIN, JILL",GREEN,FALSE,21341,5742040,0.003716623
2012,RHODE ISLAND,RI,US PRESIDENT,"OBAMA, BARACK H.",DEMOCRAT,FALSE,279677,446049,0.627009589
2012,RHODE ISLAND,RI,US PRESIDENT,"ROMNEY, MITT",REPUBLICAN,FALSE,157204,446049,0.352436616
2012,RHODE ISLAND,RI,US PRESIDENT,"JOHNSON, GARY",LIBERTARIAN,FALSE,4388,446049,0.009837484
2012,RHODE ISLAND,RI,US PRESIDENT,"STEIN, JILL",GREEN,FALSE,2421,446049,0.005427655
2012,RHODE ISLAND,RI,US PRESIDENT,,,TRUE,1381,446049,0.003096072
2012,RHODE ISLAND,RI,US PRESIDENT,"GOODE, VIRGIL HAMLIN, JR.",CONSTITUTION PARTY,FALSE,430,446049,0.00096402
2012,RHODE ISLAND,RI,US PRESIDENT,"ANDERSON, ROSS CARL """"ROCKY""""",JUSTICE,FALSE,416,446049,0.000932633
2012,RHODE ISLAND,RI,US PRESIDENT,"LINDSAY, PETA",SOCIALISM AND LIBERATION PARTY,FALSE,132,446049,0.000295932
2012,SOUTH CAROLINA,SC,US PRESIDENT,"ROMNEY, MITT",REPUBLICAN,FALSE,1071645,1964118,0.545611313
2012,SOUTH CAROLINA,SC,US PRESIDENT,"OBAMA, BARACK H.",DEMOCRAT,FALSE,865941,1964118,0.440880334
2012,SOUTH CAROLINA,SC,US PRESIDENT,"JOHNSON, GARY",LIBERTARIAN,FALSE,16321,1964118,0.008309582
2012,SOUTH CAROLINA,SC,US PRESIDENT,"STEIN, JILL",GREEN,FALSE,5446,1964118,0.002772746
2012,SOUTH CAROLINA,SC,US PRESIDENT,"GOODE, VIRGIL HAMLIN, JR.",CONSTITUTION PARTY,FALSE,4765,1964118,0.002426025
2012,SOUTH DAKOTA,SD,US PRESIDENT,"ROMNEY, MITT",REPUBLICAN,FALSE,210610,363815,0.578893119
2012,SOUTH DAKOTA,SD,US PRESIDENT,"OBAMA, BARACK H.",DEMOCRAT,FALSE,145039,363815,0.398661408
2012,SOUTH DAKOTA,SD,US PRESIDENT,"JOHNSON, GARY",LIBERTARIAN,FALSE,5795,363815,0.015928425
2012,SOUTH DAKOTA,SD,US PRESIDENT,"GOODE, VIRGIL HAMLIN, JR.",CONSTITUTION PARTY,FALSE,2371,363815,0.006517048
2012,TENNESSEE,TN,US PRESIDENT,"ROMNEY, MITT",REPUBLICAN,FALSE,1462330,2458577,0.594787147
2012,TENNESSEE,TN,US PRESIDENT,"OBAMA, BARACK H.",DEMOCRAT,FALSE,960709,2458577,0.39075815
2012,TENNESSEE,TN,US PRESIDENT,,INDEPENDENT,FALSE,23001,2458577,0.009355412
2012,TENNESSEE,TN,US PRESIDENT,"STEIN, JILL",GREEN,FALSE,6515,2458577,0.002649907
2012,TENNESSEE,TN,US PRESIDENT,"GOODE, VIRGIL HAMLIN, JR.",CONSTITUTION PARTY,FALSE,6022,2458577,0.002449384
2012,TEXAS,TX,US PRESIDENT,"ROMNEY, MITT",REPUBLICAN,FALSE,4569843,7993851,0.571669775
2012,TEXAS,TX,US PRESIDENT,"OBAMA, BARACK H.",DEMOCRAT,FALSE,3308124,7993851,0.413833583
2012,TEXAS,TX,US PRESIDENT,"JOHNSON, GARY",LIBERTARIAN,FALSE,88580,7993851,0.011081017
2012,TEXAS,TX,US PRESIDENT,"STEIN, JILL",GREEN,FALSE,24657,7993851,0.003084496
2012,TEXAS,TX,US PRESIDENT,,,TRUE,2647,7993851,0.00033113
2012,UTAH,UT,US PRESIDENT,"ROMNEY, MITT",REPUBLICAN,FALSE,740600,1017440,0.727905331
2012,UTAH,UT,US PRESIDENT,"OBAMA, BARACK H.",DEMOCRAT,FALSE,251813,1017440,0.247496658
2012,UTAH,UT,US PRESIDENT,"JOHNSON, GARY",LIBERTARIAN,FALSE,12572,1017440,0.012356503
2012,UTAH,UT,US PRESIDENT,"ANDERSON, ROSS CARL """"ROCKY""""",JUSTICE,FALSE,5335,1017440,0.005243552
2012,UTAH,UT,US PRESIDENT,"STEIN, JILL",GREEN,FALSE,3817,1017440,0.003751573
2012,UTAH,UT,US PRESIDENT,"GOODE, VIRGIL HAMLIN, JR.",CONSTITUTION PARTY,FALSE,2871,1017440,0.002821788
2012,UTAH,UT,US PRESIDENT,,NO PARTY AFFILIATION,FALSE,393,1017440,0.000386264
2012,UTAH,UT,US PRESIDENT,,,TRUE,39,1017440,3.83315E-05
2012,VERMONT,VT,US PRESIDENT,"OBAMA, BARACK H.",DEMOCRAT,FALSE,199239,299290,0.665705503
2012,VERMONT,VT,US PRESIDENT,"ROMNEY, MITT",REPUBLICAN,FALSE,92698,299290,0.309726352
2012,VERMONT,VT,US PRESIDENT,"JOHNSON, GARY",LIBERTARIAN,FALSE,3487,299290,0.011650907
2012,VERMONT,VT,US PRESIDENT,,,TRUE,2043,299290,0.006826155
2012,VERMONT,VT,US PRESIDENT,"ANDERSON, ROSS CARL """"ROCKY""""",JUSTICE,FALSE,1128,299290,0.00376892
2012,VERMONT,VT,US PRESIDENT,"LINDSAY, PETA",SOCIALISM AND LIBERATION PARTY,FALSE,695,299290,0.002322162
2012,VIRGINIA,VA,US PRESIDENT,"OBAMA, BARACK H.",DEMOCRAT,FALSE,1971820,3854489,0.511564568
2012,VIRGINIA,VA,US PRESIDENT,"ROMNEY, MITT",REPUBLICAN,FALSE,1822522,3854489,0.472831029
2012,VIRGINIA,VA,US PRESIDENT,"JOHNSON, GARY",LIBERTARIAN,FALSE,31216,3854489,0.008098609
2012,VIRGINIA,VA,US PRESIDENT,"GOODE, VIRGIL HAMLIN, JR.",CONSTITUTION PARTY,FALSE,13058,3854489,0.003387738
2012,VIRGINIA,VA,US PRESIDENT,"STEIN, JILL",GREEN,FALSE,8627,3854489,0.00223817
2012,VIRGINIA,VA,US PRESIDENT,,,TRUE,7246,3854489,0.001879886
2012,WASHINGTON,WA,US PRESIDENT,"OBAMA, BARACK H.",DEMOCRAT,FALSE,1755396,3125516,0.561633983
2012,WASHINGTON,WA,US PRESIDENT,"ROMNEY, MITT",REPUBLICAN,FALSE,1290670,3125516,0.412946214
2012,WASHINGTON,WA,US PRESIDENT,"JOHNSON, GARY",LIBERTARIAN,FALSE,42202,3125516,0.01350241
2012,WASHINGTON,WA,US PRESIDENT,"STEIN, JILL",GREEN,FALSE,20928,3125516,0.006695854
2012,WASHINGTON,WA,US PRESIDENT,"GOODE, VIRGIL HAMLIN, JR.",CONSTITUTION PARTY,FALSE,8851,3125516,0.002831852
2012,WASHINGTON,WA,US PRESIDENT,"ANDERSON, ROSS CARL """"ROCKY""""",JUSTICE,FALSE,4946,3125516,0.001582459
2012,WASHINGTON,WA,US PRESIDENT,"LINDSAY, PETA",SOCIALISM AND LIBERATION PARTY,FALSE,1318,3125516,0.00042169
2012,WASHINGTON,WA,US PRESIDENT,"HARRIS, JAMES",SOCIALIST WORKERS,FALSE,1205,3125516,0.000385536
2012,WEST VIRGINIA,WV,US PRESIDENT,"ROMNEY, MITT",REPUBLICAN,FALSE,417655,670438,0.622958424
2012,WEST VIRGINIA,WV,US PRESIDENT,"OBAMA, BARACK H.",DEMOCRAT,FALSE,238269,670438,0.355393042
2012,WEST VIRGINIA,WV,US PRESIDENT,"JOHNSON, GARY",LIBERTARIAN,FALSE,6302,670438,0.009399825
2012,WEST VIRGINIA,WV,US PRESIDENT,"STEIN, JILL",MOUNTAIN PARTY,FALSE,4406,670438,0.006571823
2012,WEST VIRGINIA,WV,US PRESIDENT,,NO PARTY AFFILIATION,FALSE,3806,670438,0.005676886
2012,WISCONSIN,WI,US PRESIDENT,"OBAMA, BARACK H.",DEMOCRAT,FALSE,1620985,3071434,0.527761625
2012,WISCONSIN,WI,US PRESIDENT,"ROMNEY, MITT",REPUBLICAN,FALSE,1410966,3071434,0.459383467
2012,WISCONSIN,WI,US PRESIDENT,,INDEPENDENT,FALSE,29383,3071434,0.009566541
2012,WISCONSIN,WI,US PRESIDENT,SCATTERING,,FALSE,5170,3071434,0.001683253
2012,WISCONSIN,WI,US PRESIDENT,"GOODE, VIRGIL HAMLIN, JR.",CONSTITUTION PARTY,FALSE,4930,3071434,0.001605113
2012,WYOMING,WY,US PRESIDENT,"ROMNEY, MITT",REPUBLICAN,FALSE,170962,250701,0.681935852
2012,WYOMING,WY,US PRESIDENT,"OBAMA, BARACK H.",DEMOCRAT,FALSE,69286,250701,0.276369061
2012,WYOMING,WY,US PRESIDENT,"JOHNSON, GARY",LIBERTARIAN,FALSE,5326,250701,0.021244431
2012,WYOMING,WY,US PRESIDENT,,,TRUE,2035,250701,0.008117239
2012,WYOMING,WY,US PRESIDENT,"GOODE, VIRGIL HAMLIN, JR.",CONSTITUTION PARTY,FALSE,1452,250701,0.00579176
2012,WYOMING,WY,US PRESIDENT,BLANK VOTE,,FALSE,1367,250701,0.005452711
2012,WYOMING,WY,US PRESIDENT,OVER VOTE,,FALSE,273,250701,0.001088947
2016,ALABAMA,AL,US PRESIDENT,"TRUMP, DONALD J.",REPUBLICAN,FALSE,1318255,2123372,0.620830924
2016,ALABAMA,AL,US PRESIDENT,"CLINTON, HILLARY",DEMOCRAT,FALSE,729547,2123372,0.343579458
2016,ALABAMA,AL,US PRESIDENT,"JOHNSON, GARY",LIBERTARIAN,FALSE,44467,2123372,0.020941691
2016,ALABAMA,AL,US PRESIDENT,,,TRUE,21712,2123372,0.010225246
2016,ALABAMA,AL,US PRESIDENT,"STEIN, JILL",GREEN,FALSE,9391,2123372,0.004422682
2016,ALASKA,AK,US PRESIDENT,"TRUMP, DONALD J.",REPUBLICAN,FALSE,163387,318608,0.512815121
2016,ALASKA,AK,US PRESIDENT,"CLINTON, HILLARY",DEMOCRAT,FALSE,116454,318608,0.365508713
2016,ALASKA,AK,US PRESIDENT,"JOHNSON, GARY",LIBERTARIAN,FALSE,18725,318608,0.05877128
2016,ALASKA,AK,US PRESIDENT,,,TRUE,9201,318608,0.028878748
2016,ALASKA,AK,US PRESIDENT,"STEIN, JILL",GREEN,FALSE,5735,318608,0.018000176
2016,ALASKA,AK,US PRESIDENT,"CASTLE, DARRELL L.",CONSTITUTION PARTY,FALSE,3866,318608,0.012134033
2016,ALASKA,AK,US PRESIDENT,"DE LA FUENTE, ROQUE """"ROCKY""""",NO PARTY AFFILIATION,FALSE,1240,318608,0.00389193
2016,ARIZONA,AZ,US PRESIDENT,"TRUMP, DONALD J.",REPUBLICAN,FALSE,1252401,2573165,0.486716165
2016,ARIZONA,AZ,US PRESIDENT,"CLINTON, HILLARY",DEMOCRAT,FALSE,1161167,2573165,0.451260218
2016,ARIZONA,AZ,US PRESIDENT,"JOHNSON, GARY",LIBERTARIAN,FALSE,106327,2573165,0.041321485
2016,ARIZONA,AZ,US PRESIDENT,"STEIN, JILL",GREEN,FALSE,34345,2573165,0.013347376
2016,ARIZONA,AZ,US PRESIDENT,,INDEPENDENT,TRUE,17473,2573165,0.00679047
2016,ARIZONA,AZ,US PRESIDENT,"CASTLE, DARRELL L.",CONSTITUTION PARTY,TRUE,1058,2573165,0.000411167
2016,ARIZONA,AZ,US PRESIDENT,,NO PARTY AFFILIATION,TRUE,311,2573165,0.000120863
2016,ARIZONA,AZ,US PRESIDENT,,DEMOCRAT,TRUE,42,2573165,1.63223E-05
2016,ARIZONA,AZ,US PRESIDENT,"DE LA FUENTE, ROQUE """"ROCKY""""",AMERICAN DELTA PARTY,TRUE,29,2573165,1.12702E-05
2016,ARIZONA,AZ,US PRESIDENT,"TITTLE, SHEILA """"SAMM""""",WE THE PEOPLE,TRUE,12,2573165,4.66352E-06
2016,ARKANSAS,AR,US PRESIDENT,"TRUMP, DONALD J.",REPUBLICAN,FALSE,684872,1130635,0.605741022
2016,ARKANSAS,AR,US PRESIDENT,"CLINTON, HILLARY",DEMOCRAT,FALSE,380494,1130635,0.336531241
2016,ARKANSAS,AR,US PRESIDENT,"JOHNSON, GARY",LIBERTARIAN,FALSE,29829,1130635,0.02638252
2016,ARKANSAS,AR,US PRESIDENT,"MCMULLIN, EVAN",BETTER FOR AMERICA,FALSE,13255,1130635,0.011723501
2016,ARKANSAS,AR,US PRESIDENT,"STEIN, JILL",GREEN,FALSE,9473,1130635,0.008378478
2016,ARKANSAS,AR,US PRESIDENT,"HEDGES, JIM",PROHIBITION,FALSE,4709,1130635,0.004164916
2016,ARKANSAS,AR,US PRESIDENT,"CASTLE, DARRELL L.",CONSTITUTION PARTY,FALSE,4613,1130635,0.004080008
2016,ARKANSAS,AR,US PRESIDENT,"KAHN, LYNN S.",INDEPENDENT,FALSE,3390,1130635,0.002998315
2016,CALIFORNIA,CA,US PRESIDENT,"CLINTON, HILLARY",DEMOCRAT,FALSE,8753788,14181595,0.617263996
2016,CALIFORNIA,CA,US PRESIDENT,"TRUMP, DONALD J.",REPUBLICAN,FALSE,4483810,14181595,0.316171065
2016,CALIFORNIA,CA,US PRESIDENT,"JOHNSON, GARY",LIBERTARIAN,FALSE,478500,14181595,0.033740916
2016,CALIFORNIA,CA,US PRESIDENT,"STEIN, JILL",GREEN,FALSE,278657,14181595,0.0196492
2016,CALIFORNIA,CA,US PRESIDENT,,,TRUE,120739,14181595,0.008513781
2016,CALIFORNIA,CA,US PRESIDENT,"LA RIVA, GLORIA ESTELLA",PEACE & FREEDOM,FALSE,66101,14181595,0.004661041
2016,COLORADO,CO,US PRESIDENT,"CLINTON, HILLARY",DEMOCRAT,FALSE,1338870,2780220,0.481569804
2016,COLORADO,CO,US PRESIDENT,"TRUMP, DONALD J.",REPUBLICAN,FALSE,1202484,2780220,0.432513974
2016,COLORADO,CO,US PRESIDENT,"JOHNSON, GARY",LIBERTARIAN,FALSE,144121,2780220,0.051837984
2016,COLORADO,CO,US PRESIDENT,"STEIN, JILL",GREEN,FALSE,38437,2780220,0.013825165
2016,COLORADO,CO,US PRESIDENT,SCATTERING,UNAFFILIATED,FALSE,31485,2780220,0.011324643
2016,COLORADO,CO,US PRESIDENT,"CASTLE, DARRELL L.",AMERICAN CONSTITUTION PARTY,FALSE,11699,2780220,0.00420794
2016,COLORADO,CO,US PRESIDENT,"KENISTON, CHRIS",VETERANS PARTY OF AMERICA,FALSE,5028,2780220,0.00180849
2016,COLORADO,CO,US PRESIDENT,"DE LA FUENTE, ROQUE """"ROCKY""""",AMERICAN DELTA PARTY,FALSE,1255,2780220,0.000451403
2016,COLORADO,CO,US PRESIDENT,"KOPITKE, KYLE KENLEY",INDEPENDENT AMERICAN,FALSE,1096,2780220,0.000394213
2016,COLORADO,CO,US PRESIDENT,"MALDONADO, JOSEPH ALLEN",INDEPENDENT PEOPLE OF COLORADO,FALSE,872,2780220,0.000313644
2016,COLORADO,CO,US PRESIDENT,"MATUREN, MICHAEL A.",AMERICAN SOLIDARITY PARTY,FALSE,862,2780220,0.000310047
2016,COLORADO,CO,US PRESIDENT,"SILVA, ROD",NUTRITION PARTY,FALSE,751,2780220,0.000270123
2016,COLORADO,CO,US PRESIDENT,"HOEFLING, TOM",AMERICA'S PARTY,FALSE,710,2780220,0.000255375
2016,COLORADO,CO,US PRESIDENT,"LA RIVA, GLORIA ESTELLA",SOCIALISM AND LIBERATION PARTY,FALSE,531,2780220,0.000190992
2016,COLORADO,CO,US PRESIDENT,"KENNEDY, ALYSON",SOCIALIST WORKERS,FALSE,452,2780220,0.000162577
2016,COLORADO,CO,US PRESIDENT,"KOTLIKOFF, LAURENCE",KOTLIKOFF FOR PRESIDENT,FALSE,392,2780220,0.000140996
2016,COLORADO,CO,US PRESIDENT,"LYTTLE, BRADFORD",NONVIOLENT RESISTANCE/PACIFIST,FALSE,382,2780220,0.000137399
2016,COLORADO,CO,US PRESIDENT,"ATWOOD, FRANK",APPROVAL VOTING PARTY,FALSE,337,2780220,0.000121213
2016,COLORADO,CO,US PRESIDENT,"EMIDIO """"MIMI"""", SOLTYSIK",SOCIALIST PARTY USA,FALSE,271,2780220,9.74743E-05
2016,COLORADO,CO,US PRESIDENT,"HEDGES, JAMES",PROHIBITION,FALSE,185,2780220,6.65415E-05
2016,CONNECTICUT,CT,US PRESIDENT,"CLINTON, HILLARY",DEMOCRAT,FALSE,897572,1644920,0.545663011
2016,CONNECTICUT,CT,US PRESIDENT,"TRUMP, DONALD J.",REPUBLICAN,FALSE,673215,1644920,0.409269144
2016,CONNECTICUT,CT,US PRESIDENT,"JOHNSON, GARY",LIBERTARIAN,FALSE,48676,1644920,0.029591713
2016,CONNECTICUT,CT,US PRESIDENT,"STEIN, JILL",GREEN,FALSE,22841,1644920,0.013885782
2016,CONNECTICUT,CT,US PRESIDENT,,,TRUE,2616,1644920,0.001590351
2016,DELAWARE,DE,US PRESIDENT,"CLINTON, HILLARY",DEMOCRAT,FALSE,235603,441590,0.533533368
2016,DELAWARE,DE,US PRESIDENT,"TRUMP, DONALD J.",REPUBLICAN,FALSE,185127,441590,0.419228243
2016,DELAWARE,DE,US PRESIDENT,"JOHNSON, GARY",LIBERTARIAN,FALSE,14757,441590,0.033417876
2016,DELAWARE,DE,US PRESIDENT,"STEIN, JILL",GREEN,FALSE,6103,441590,0.013820512
2016,DISTRICT OF COLUMBIA,DC,US PRESIDENT,"CLINTON, HILLARY",DEMOCRAT,FALSE,282830,312575,0.904838839
2016,DISTRICT OF COLUMBIA,DC,US PRESIDENT,"TRUMP, DONALD J.",REPUBLICAN,FALSE,12723,312575,0.040703831
2016,DISTRICT OF COLUMBIA,DC,US PRESIDENT,,,TRUE,6551,312575,0.02095817
2016,DISTRICT OF COLUMBIA,DC,US PRESIDENT,"JOHNSON, GARY",LIBERTARIAN,FALSE,4906,312575,0.015695433
2016,DISTRICT OF COLUMBIA,DC,US PRESIDENT,"STEIN, JILL",GREEN,FALSE,4258,312575,0.013622331
2016,DISTRICT OF COLUMBIA,DC,US PRESIDENT,BLANK VOTE,,FALSE,1064,312575,0.003403983
2016,DISTRICT OF COLUMBIA,DC,US PRESIDENT,OVER VOTE,,FALSE,243,312575,0.000777413
2016,FLORIDA,FL,US PRESIDENT,"TRUMP, DONALD J.",REPUBLICAN,FALSE,4617886,9420039,0.490219414
2016,FLORIDA,FL,US PRESIDENT,"CLINTON, HILLARY",DEMOCRAT,FALSE,4504975,9420039,0.478233158
2016,FLORIDA,FL,US PRESIDENT,"JOHNSON, GARY",LIBERTARIAN,FALSE,207043,9420039,0.021978996
2016,FLORIDA,FL,US PRESIDENT,"STEIN, JILL",GREEN,FALSE,64399,9420039,0.006836384
2016,FLORIDA,FL,US PRESIDENT,"CASTLE, DARRELL L.",CONSTITUTION PARTY,FALSE,16475,9420039,0.001748931
2016,FLORIDA,FL,US PRESIDENT,"DE LA FUENTE, ROQUE """"ROCKY""""",REFORM PARTY,FALSE,9108,9420039,0.000966875
2016,FLORIDA,FL,US PRESIDENT,,,TRUE,153,9420039,1.6242E-05
2016,GEORGIA,GA,US PRESIDENT,"TRUMP, DONALD J.",REPUBLICAN,FALSE,2089104,4114732,0.507713261
2016,GEORGIA,GA,US PRESIDENT,"CLINTON, HILLARY",DEMOCRAT,FALSE,1877963,4114732,0.456399834
2016,GEORGIA,GA,US PRESIDENT,"JOHNSON, GARY",LIBERTARIAN,FALSE,125306,4114732,0.030453016
2016,GEORGIA,GA,US PRESIDENT,,,TRUE,22359,4114732,0.00543389
2016,HAWAII,HI,US PRESIDENT,"CLINTON, HILLARY",DEMOCRAT,FALSE,266891,437664,0.609807981
2016,HAWAII,HI,US PRESIDENT,"TRUMP, DONALD J.",REPUBLICAN,FALSE,128847,437664,0.294397072
2016,HAWAII,HI,US PRESIDENT,"JOHNSON, GARY",LIBERTARIAN,FALSE,15954,437664,0.036452621
2016,HAWAII,HI,US PRESIDENT,"STEIN, JILL",GREEN,FALSE,12737,437664,0.029102234
2016,HAWAII,HI,US PRESIDENT,BLANK VOTE,,FALSE,8289,437664,0.018939186
2016,HAWAII,HI,US PRESIDENT,"CASTLE, DARRELL L.",CONSTITUTION PARTY,FALSE,4508,437664,0.010300139
2016,HAWAII,HI,US PRESIDENT,OVER VOTE,,FALSE,438,437664,0.001000768
2016,IDAHO,ID,US PRESIDENT,"TRUMP, DONALD J.",REPUBLICAN,FALSE,409055,690255,0.592614324
2016,IDAHO,ID,US PRESIDENT,"CLINTON, HILLARY",DEMOCRAT,FALSE,189765,690255,0.274920138
2016,IDAHO,ID,US PRESIDENT,"MCMULLIN, EVAN",INDEPENDENT,FALSE,60748,690255,0.088008055
2016,IDAHO,ID,US PRESIDENT,"JOHNSON, GARY",LIBERTARIAN,FALSE,28331,690255,0.041044252
2016,IDAHO,ID,US PRESIDENT,"CASTLE, DARRELL L.",CONSTITUTION PARTY,FALSE,2356,690255,0.003413231
2016,ILLINOIS,IL,US PRESIDENT,"CLINTON, HILLARY",DEMOCRAT,FALSE,3090729,5536424,0.558253667
2016,ILLINOIS,IL,US PRESIDENT,"TRUMP, DONALD J.",REPUBLICAN,FALSE,2146015,5536424,0.387617531
2016,ILLINOIS,IL,US PRESIDENT,"JOHNSON, GARY",LIBERTARIAN,FALSE,209596,5536424,0.03785765
2016,ILLINOIS,IL,US PRESIDENT,"STEIN, JILL",GREEN,FALSE,76802,5536424,0.013872131
2016,ILLINOIS,IL,US PRESIDENT,,,TRUE,13282,5536424,0.002399021
2016,INDIANA,IN,US PRESIDENT,"TRUMP, DONALD J.",REPUBLICAN,FALSE,1557286,2734958,0.569400334
2016,INDIANA,IN,US PRESIDENT,"CLINTON, HILLARY",DEMOCRAT,FALSE,1033126,2734958,0.377748397
2016,INDIANA,IN,US PRESIDENT,"JOHNSON, GARY",LIBERTARIAN,FALSE,133993,2734958,0.048992708
2016,INDIANA,IN,US PRESIDENT,,GREEN,TRUE,7841,2734958,0.002866954
2016,INDIANA,IN,US PRESIDENT,"CASTLE, DARRELL L.",CONSTITUTION PARTY,TRUE,1937,2734958,0.000708238
2016,INDIANA,IN,US PRESIDENT,,INDEPENDENT,TRUE,718,2734958,0.000262527
2016,INDIANA,IN,US PRESIDENT,"EMIDIO """"MIMI"""", SOLTYSIK",SOCIALIST PARTY USA,TRUE,57,2734958,2.08413E-05
2016,IOWA,IA,US PRESIDENT,"TRUMP, DONALD J.",REPUBLICAN,FALSE,800983,1565580,0.511620613
2016,IOWA,IA,US PRESIDENT,"CLINTON, HILLARY",DEMOCRAT,FALSE,653669,1565580,0.417525134
2016,IOWA,IA,US PRESIDENT,"JOHNSON, GARY",LIBERTARIAN,FALSE,59186,1565580,0.03780452
2016,IOWA,IA,US PRESIDENT,,,TRUE,17746,1565580,0.011335096
2016,IOWA,IA,US PRESIDENT,"MCMULLIN, EVAN",NOMINATED BY PETITION,FALSE,12366,1565580,0.00789867
2016,IOWA,IA,US PRESIDENT,"STEIN, JILL",GREEN,FALSE,11479,1565580,0.007332107
2016,IOWA,IA,US PRESIDENT,"CASTLE, DARRELL L.",CONSTITUTION PARTY,FALSE,5335,1565580,0.003407683
2016,IOWA,IA,US PRESIDENT,"KAHN, LYNN S.",NEW INDEPENDENT PARTY IOWA,FALSE,2247,1565580,0.001435251
2016,IOWA,IA,US PRESIDENT,"VACEK, DAN",LEGAL MARIJUANA NOW,FALSE,2246,1565580,0.001434612
2016,IOWA,IA,US PRESIDENT,"LA RIVA, GLORIA ESTELLA",SOCIALISM AND LIBERATION PARTY,FALSE,323,1565580,0.000206313
2016,KANSAS,KS,US PRESIDENT,"TRUMP, DONALD J.",REPUBLICAN,FALSE,671018,1184402,0.566545818
2016,KANSAS,KS,US PRESIDENT,"CLINTON, HILLARY",DEMOCRAT,FALSE,427005,1184402,0.360523707
2016,KANSAS,KS,US PRESIDENT,"JOHNSON, GARY",LIBERTARIAN,FALSE,55406,1184402,0.046779725
2016,KANSAS,KS,US PRESIDENT,"STEIN, JILL",INDEPENDENT,FALSE,23506,1184402,0.019846302
2016,KANSAS,KS,US PRESIDENT,,,TRUE,7467,1184402,0.006304447
2016,KENTUCKY,KY,US PRESIDENT,"TRUMP, DONALD J.",REPUBLICAN,FALSE,1202971,1924149,0.625196386
2016,KENTUCKY,KY,US PRESIDENT,"CLINTON, HILLARY",DEMOCRAT,FALSE,628854,1924149,0.326821883
2016,KENTUCKY,KY,US PRESIDENT,"JOHNSON, GARY",LIBERTARIAN,FALSE,53752,1924149,0.027935467
2016,KENTUCKY,KY,US PRESIDENT,"MCMULLIN, EVAN",INDEPENDENT,FALSE,22780,1924149,0.011839
2016,KENTUCKY,KY,US PRESIDENT,"STEIN, JILL",GREEN,FALSE,13913,1924149,0.007230729
2016,KENTUCKY,KY,US PRESIDENT,"DE LA FUENTE, ROQUE """"ROCKY""""",AMERICAN DELTA PARTY,FALSE,1128,1924149,0.000586233
2016,KENTUCKY,KY,US PRESIDENT,,,TRUE,751,1924149,0.000390302
2016,LOUISIANA,LA,US PRESIDENT,"TRUMP, DONALD J.",REPUBLICAN,FALSE,1178638,2029032,0.580886847
2016,LOUISIANA,LA,US PRESIDENT,"CLINTON, HILLARY",DEMOCRAT,FALSE,780154,2029032,0.384495661
2016,LOUISIANA,LA,US PRESIDENT,"JOHNSON, GARY",LIBERTARIAN,FALSE,37978,2029032,0.0187173
2016,LOUISIANA,LA,US PRESIDENT,OTHER,,FALSE,18231,2029032,0.008985073
2016,LOUISIANA,LA,US PRESIDENT,"STEIN, JILL",GREEN,FALSE,14031,2029032,0.00691512
2016,MAINE,ME,US PRESIDENT,"CLINTON, HILLARY",DEMOCRAT,FALSE,357735,771892,0.463452141
2016,MAINE,ME,US PRESIDENT,"TRUMP, DONALD J.",REPUBLICAN,FALSE,335593,771892,0.434766781
2016,MAINE,ME,US PRESIDENT,"JOHNSON, GARY",LIBERTARIAN,FALSE,38105,771892,0.049365714
2016,MAINE,ME,US PRESIDENT,BLANK VOTE,,FALSE,23965,771892,0.031047089
2016,MAINE,ME,US PRESIDENT,"STEIN, JILL",GREEN,FALSE,14251,771892,0.018462427
2016,MAINE,ME,US PRESIDENT,,UNENROLLED,FALSE,2243,771892,0.002905847
2016,MARYLAND,MD,US PRESIDENT,"CLINTON, HILLARY",DEMOCRAT,FALSE,1677928,2781446,0.603257442
2016,MARYLAND,MD,US PRESIDENT,"TRUMP, DONALD J.",REPUBLICAN,FALSE,943169,2781446,0.339093047
2016,MARYLAND,MD,US PRESIDENT,"JOHNSON, GARY",LIBERTARIAN,FALSE,79605,2781446,0.028620006
2016,MARYLAND,MD,US PRESIDENT,"STEIN, JILL",GREEN,FALSE,35945,2781446,0.012923134
2016,MARYLAND,MD,US PRESIDENT,,,TRUE,33263,2781446,0.011958888
2016,MARYLAND,MD,US PRESIDENT,OTHER,,TRUE,10921,2781446,0.003926375
2016,MARYLAND,MD,US PRESIDENT,,NO PARTY AFFILIATION,TRUE,278,2781446,9.9948E-05
2016,MARYLAND,MD,US PRESIDENT,"TRUMP, DONALD J.",REPUBLICAN,TRUE,259,2781446,9.3117E-05
2016,MARYLAND,MD,US PRESIDENT,"CLINTON, HILLARY",DEMOCRAT,TRUE,78,2781446,2.8043E-05
2016,MASSACHUSETTS,MA,US PRESIDENT,"CLINTON, HILLARY",DEMOCRAT,FALSE,1995196,3378821,0.590500651
2016,MASSACHUSETTS,MA,US PRESIDENT,"TRUMP, DONALD J.",REPUBLICAN,FALSE,1090893,3378821,0.322862028
2016,MASSACHUSETTS,MA,US PRESIDENT,"JOHNSON, GARY",LIBERTARIAN,FALSE,138018,3378821,0.040847976
2016,MASSACHUSETTS,MA,US PRESIDENT,BLANK VOTE,,FALSE,53775,3378821,0.015915315
2016,MASSACHUSETTS,MA,US PRESIDENT,OTHER,,FALSE,50488,3378821,0.01494249
2016,MASSACHUSETTS,MA,US PRESIDENT,"STEIN, JILL",GREEN,FALSE,47661,3378821,0.014105808
2016,MASSACHUSETTS,MA,US PRESIDENT,,,TRUE,2790,3378821,0.000825732
2016,MICHIGAN,MI,US PRESIDENT,"TRUMP, DONALD J.",REPUBLICAN,FALSE,2279543,4799284,0.474975642
2016,MICHIGAN,MI,US PRESIDENT,"CLINTON, HILLARY",DEMOCRAT,FALSE,2268839,4799284,0.47274531
2016,MICHIGAN,MI,US PRESIDENT,"JOHNSON, GARY",LIBERTARIAN,FALSE,172136,4799284,0.035867017
2016,MICHIGAN,MI,US PRESIDENT,"STEIN, JILL",GREEN,FALSE,51463,4799284,0.010723058
2016,MICHIGAN,MI,US PRESIDENT,"CASTLE, DARRELL L.",U.S. TAXPAYERS PARTY,FALSE,16139,4799284,0.003362793
2016,MICHIGAN,MI,US PRESIDENT,,,TRUE,8955,4799284,0.001865903
2016,MICHIGAN,MI,US PRESIDENT,"EMIDIO """"MIMI"""", SOLTYSIK",NATURAL LAW,FALSE,2209,4799284,0.000460277
2016,MINNESOTA,MN,US PRESIDENT,"CLINTON, HILLARY",DEMOCRAT,FALSE,1367705,2944782,0.46445034
2016,MINNESOTA,MN,US PRESIDENT,"TRUMP, DONALD J.",REPUBLICAN,FALSE,1322949,2944782,0.449251931
2016,MINNESOTA,MN,US PRESIDENT,"JOHNSON, GARY",LIBERTARIAN,FALSE,112972,2944782,0.038363451
2016,MINNESOTA,MN,US PRESIDENT,"MCMULLIN, EVAN",INDEPENDENCE,FALSE,53075,2944782,0.018023405
2016,MINNESOTA,MN,US PRESIDENT,"STEIN, JILL",GREEN,FALSE,36986,2944782,0.012559843
2016,MINNESOTA,MN,US PRESIDENT,,,TRUE,27247,2944782,0.009252637
2016,MINNESOTA,MN,US PRESIDENT,"VACEK, DAN",LEGAL MARIJUANA NOW,FALSE,11291,2944782,0.00383424
2016,MINNESOTA,MN,US PRESIDENT,"CASTLE, DARRELL L.",CONSTITUTION PARTY,FALSE,9456,2944782,0.003211104
2016,MINNESOTA,MN,US PRESIDENT,"KENNEDY, ALYSON",SOCIALIST WORKERS,FALSE,1671,2944782,0.000567444
2016,MINNESOTA,MN,US PRESIDENT,"DE LA FUENTE, ROQUE """"ROCKY""""",AMERICAN DELTA PARTY,FALSE,1430,2944782,0.000485605
2016,MISSISSIPPI,MS,US PRESIDENT,"TRUMP, DONALD J.",REPUBLICAN,FALSE,700714,1209357,0.579410381
2016,MISSISSIPPI,MS,US PRESIDENT,"CLINTON, HILLARY",DEMOCRAT,FALSE,485131,1209357,0.401147883
2016,MISSISSIPPI,MS,US PRESIDENT,"JOHNSON, GARY",LIBERTARIAN,FALSE,14435,1209357,0.011936095
2016,MISSISSIPPI,MS,US PRESIDENT,"CASTLE, DARRELL L.",CONSTITUTION PARTY,FALSE,3987,1209357,0.003296793
2016,MISSISSIPPI,MS,US PRESIDENT,"STEIN, JILL",GREEN,FALSE,3731,1209357,0.003085111
2016,MISSISSIPPI,MS,US PRESIDENT,"HEDGES, JAMES",PROHIBITION,FALSE,715,1209357,0.000591223
2016,MISSISSIPPI,MS,US PRESIDENT,"DE LA FUENTE, ROQUE """"ROCKY""""",AMERICAN DELTA PARTY,FALSE,644,1209357,0.000532514
2016,MISSOURI,MO,US PRESIDENT,"TRUMP, DONALD J.",REPUBLICAN,FALSE,1594511,2808605,0.567723478
2016,MISSOURI,MO,US PRESIDENT,"CLINTON, HILLARY",DEMOCRAT,FALSE,1071068,2808605,0.381352308
2016,MISSOURI,MO,US PRESIDENT,"JOHNSON, GARY",LIBERTARIAN,FALSE,97359,2808605,0.03466454
2016,MISSOURI,MO,US PRESIDENT,"STEIN, JILL",GREEN,FALSE,25419,2808605,0.0090504
2016,MISSOURI,MO,US PRESIDENT,"CASTLE, DARRELL L.",CONSTITUTION PARTY,FALSE,13092,2808605,0.004661389
2016,MISSOURI,MO,US PRESIDENT,,,TRUE,7156,2808605,0.002547884
2016,MONTANA,MT,US PRESIDENT,"TRUMP, DONALD J.",REPUBLICAN,FALSE,279240,494526,0.564661919
2016,MONTANA,MT,US PRESIDENT,"CLINTON, HILLARY",DEMOCRAT,FALSE,177709,494526,0.359352188
2016,MONTANA,MT,US PRESIDENT,"JOHNSON, GARY",LIBERTARIAN,FALSE,28037,494526,0.056694694
2016,MONTANA,MT,US PRESIDENT,"STEIN, JILL",GREEN,FALSE,7970,494526,0.016116443
2016,MONTANA,MT,US PRESIDENT,"DE LA FUENTE, ROQUE """"ROCKY""""",AMERICAN DELTA PARTY,FALSE,1570,494526,0.003174757
2016,NEBRASKA,NE,US PRESIDENT,"TRUMP, DONALD J.",REPUBLICAN,FALSE,495961,844227,0.587473511
2016,NEBRASKA,NE,US PRESIDENT,"CLINTON, HILLARY",DEMOCRAT,FALSE,284494,844227,0.336987564
2016,NEBRASKA,NE,US PRESIDENT,"JOHNSON, GARY",LIBERTARIAN,FALSE,38946,844227,0.046132142
2016,NEBRASKA,NE,US PRESIDENT,,,TRUE,16051,844227,0.019012659
2016,NEBRASKA,NE,US PRESIDENT,"STEIN, JILL",NOMINATED BY PETITION,FALSE,8775,844227,0.010394124
2016,NEVADA,NV,US PRESIDENT,"CLINTON, HILLARY",DEMOCRAT,FALSE,539260,1125385,0.479178237
2016,NEVADA,NV,US PRESIDENT,"TRUMP, DONALD J.",REPUBLICAN,FALSE,512058,1125385,0.455006953
2016,NEVADA,NV,US PRESIDENT,"JOHNSON, GARY",LIBERTARIAN,FALSE,37384,1125385,0.033218854
2016,NEVADA,NV,US PRESIDENT,NONE OF THE ABOVE,,FALSE,28863,1125385,0.025647223
2016,NEVADA,NV,US PRESIDENT,"KOPITKE, KYLE KENLEY",INDEPENDENT AMERICAN,FALSE,5268,1125385,0.004681065
2016,NEVADA,NV,US PRESIDENT,"DE LA FUENTE, ROQUE """"ROCKY""""",NO PARTY AFFILIATION,FALSE,2552,1125385,0.002267668
2016,NEW HAMPSHIRE,NH,US PRESIDENT,"CLINTON, HILLARY",DEMOCRAT,FALSE,348526,744296,0.468262627
2016,NEW HAMPSHIRE,NH,US PRESIDENT,"TRUMP, DONALD J.",REPUBLICAN,FALSE,345790,744296,0.46458667
2016,NEW HAMPSHIRE,NH,US PRESIDENT,"JOHNSON, GARY",LIBERTARIAN,FALSE,30777,744296,0.041350484
2016,NEW HAMPSHIRE,NH,US PRESIDENT,,,TRUE,9618,744296,0.012922278
2016,NEW HAMPSHIRE,NH,US PRESIDENT,"STEIN, JILL",GREEN,FALSE,6496,744296,0.00872771
2016,NEW HAMPSHIRE,NH,US PRESIDENT,SCATTERING,,TRUE,2411,744296,0.003239303
2016,NEW HAMPSHIRE,NH,US PRESIDENT,"DE LA FUENTE, ROQUE """"ROCKY""""",AMERICAN DELTA PARTY,FALSE,678,744296,0.000910928
2016,NEW JERSEY,NJ,US PRESIDENT,"CLINTON, HILLARY",DEMOCRAT,FALSE,2148278,3874046,0.554530844
2016,NEW JERSEY,NJ,US PRESIDENT,"TRUMP, DONALD J.",REPUBLICAN,FALSE,1601933,3874046,0.413503867
2016,NEW JERSEY,NJ,US PRESIDENT,"JOHNSON, GARY",LIBERTARIAN,FALSE,72477,3874046,0.018708348
2016,NEW JERSEY,NJ,US PRESIDENT,"STEIN, JILL",GREEN,FALSE,37772,3874046,0.009750013
2016,NEW JERSEY,NJ,US PRESIDENT,"CASTLE, DARRELL L.",CONSTITUTION PARTY,FALSE,6161,3874046,0.001590327
2016,NEW JERSEY,NJ,US PRESIDENT,"KENNEDY, ALYSON",SOCIALIST WORKERS,FALSE,2156,3874046,0.000556524
2016,NEW JERSEY,NJ,US PRESIDENT,"DE LA FUENTE, ROQUE """"ROCKY""""",AMERICAN DELTA PARTY,FALSE,1838,3874046,0.000474439
2016,NEW JERSEY,NJ,US PRESIDENT,"MOOREHEAD, MONICA",WORKERS WORLD PARTY,FALSE,1749,3874046,0.000451466
2016,NEW JERSEY,NJ,US PRESIDENT,"LA RIVA, GLORIA ESTELLA",SOCIALISM AND LIBERATION PARTY,FALSE,1682,3874046,0.000434171
2016,NEW MEXICO,NM,US PRESIDENT,"CLINTON, HILLARY",DEMOCRAT,FALSE,385234,798319,0.482556472
2016,NEW MEXICO,NM,US PRESIDENT,"TRUMP, DONALD J.",REPUBLICAN,FALSE,319667,798319,0.400425143
2016,NEW MEXICO,NM,US PRESIDENT,"JOHNSON, GARY",LIBERTARIAN,FALSE,74541,798319,0.093372449
2016,NEW MEXICO,NM,US PRESIDENT,"STEIN, JILL",GREEN,FALSE,9879,798319,0.012374752
2016,NEW MEXICO,NM,US PRESIDENT,"MCMULLIN, EVAN",BETTER FOR AMERICA,FALSE,5825,798319,0.007296582
2016,NEW MEXICO,NM,US PRESIDENT,"CASTLE, DARRELL L.",CONSTITUTION PARTY,FALSE,1514,798319,0.001896485
2016,NEW MEXICO,NM,US PRESIDENT,"LA RIVA, GLORIA ESTELLA",SOCIALISM AND LIBERATION PARTY,FALSE,1184,798319,0.001483116
2016,NEW MEXICO,NM,US PRESIDENT,"DE LA FUENTE, ROQUE """"ROCKY""""",AMERICAN DELTA PARTY,FALSE,475,798319,0.000595
2016,NEW YORK,NY,US PRESIDENT,"CLINTON, HILLARY",DEMOCRAT,FALSE,4379789,7802084,0.561361426
2016,NEW YORK,NY,US PRESIDENT,"TRUMP, DONALD J.",REPUBLICAN,FALSE,2527142,7802084,0.323906023
2016,NEW YORK,NY,US PRESIDENT,"TRUMP, DONALD J.",CONSERVATIVE,FALSE,292392,7802084,0.037476141
2016,NEW YORK,NY,US PRESIDENT,"CLINTON, HILLARY",WORKING FAMILIES,FALSE,140041,7802084,0.017949179
2016,NEW YORK,NY,US PRESIDENT,"JOHNSON, GARY",INDEPENDENCE,FALSE,119156,7802084,0.01527233
2016,NEW YORK,NY,US PRESIDENT,"STEIN, JILL",GREEN,FALSE,107934,7802084,0.013833996
2016,NEW YORK,NY,US PRESIDENT,BLANK VOTE,,FALSE,77179,7802084,0.009892101
2016,NEW YORK,NY,US PRESIDENT,"JOHNSON, GARY",LIBERTARIAN,FALSE,57442,7802084,0.007362392
2016,NEW YORK,NY,US PRESIDENT,SCATTERING,,FALSE,48447,7802084,0.006209495
2016,NEW YORK,NY,US PRESIDENT,"CLINTON, HILLARY",WOMEN'S EQUALITY,FALSE,36294,7802084,0.004651834
2016,NEW YORK,NY,US PRESIDENT,,,TRUE,12816,7802084,0.001642638
2016,NEW YORK,NY,US PRESIDENT,VOID VOTE,,FALSE,3452,7802084,0.000442446
2016,NORTH CAROLINA,NC,US PRESIDENT,"TRUMP, DONALD J.",REPUBLICAN,FALSE,2362631,4741564,0.498280947
2016,NORTH CAROLINA,NC,US PRESIDENT,"CLINTON, HILLARY",DEMOCRAT,FALSE,2189316,4741564,0.461728662
2016,NORTH CAROLINA,NC,US PRESIDENT,"JOHNSON, GARY",LIBERTARIAN,FALSE,130126,4741564,0.027443687
2016,NORTH CAROLINA,NC,US PRESIDENT,SCATTERING,,TRUE,47386,4741564,0.009993749
2016,NORTH CAROLINA,NC,US PRESIDENT,,,TRUE,12105,4741564,0.002552955
2016,NORTH DAKOTA,ND,US PRESIDENT,"TRUMP, DONALD J.",REPUBLICAN,FALSE,216794,344360,0.629556278
2016,NORTH DAKOTA,ND,US PRESIDENT,"CLINTON, HILLARY",DEMOCRAT,FALSE,93758,344360,0.272267395
2016,NORTH DAKOTA,ND,US PRESIDENT,"JOHNSON, GARY",LIBERTARIAN,FALSE,21434,344360,0.062243002
2016,NORTH DAKOTA,ND,US PRESIDENT,,,TRUE,6397,344360,0.01857649
2016,NORTH DAKOTA,ND,US PRESIDENT,"STEIN, JILL",GREEN,FALSE,3780,344360,0.010976885
2016,NORTH DAKOTA,ND,US PRESIDENT,"CASTLE, DARRELL L.",CONSTITUTION PARTY,FALSE,1833,344360,0.005322918
2016,NORTH DAKOTA,ND,US PRESIDENT,"DE LA FUENTE, ROQUE """"ROCKY""""",AMERICAN DELTA PARTY,FALSE,364,344360,0.001057033
2016,OHIO,OH,US PRESIDENT,"TRUMP, DONALD J.",REPUBLICAN,FALSE,2841005,5496487,0.516876507
2016,OHIO,OH,US PRESIDENT,"CLINTON, HILLARY",DEMOCRAT,FALSE,2394164,5496487,0.435580763
2016,OHIO,OH,US PRESIDENT,,NO PARTY AFFILIATION,FALSE,198733,5496487,0.036156367
2016,OHIO,OH,US PRESIDENT,"STEIN, JILL",GREEN,FALSE,46271,5496487,0.008418286
2016,OHIO,OH,US PRESIDENT,,,TRUE,16314,5496487,0.002968078
2016,OKLAHOMA,OK,US PRESIDENT,"TRUMP, DONALD J.",REPUBLICAN,FALSE,949136,1452992,0.653228648
2016,OKLAHOMA,OK,US PRESIDENT,"CLINTON, HILLARY",DEMOCRAT,FALSE,420375,1452992,0.289316803
2016,OKLAHOMA,OK,US PRESIDENT,"JOHNSON, GARY",LIBERTARIAN,FALSE,83481,1452992,0.057454549
2016,OREGON,OR,US PRESIDENT,"CLINTON, HILLARY",DEMOCRAT,FALSE,1002106,2001336,0.50071852
2016,OREGON,OR,US PRESIDENT,"TRUMP, DONALD J.",REPUBLICAN,FALSE,782403,2001336,0.390940352
2016,OREGON,OR,US PRESIDENT,"JOHNSON, GARY",LIBERTARIAN,FALSE,94231,2001336,0.047084048
2016,OREGON,OR,US PRESIDENT,OTHER,,FALSE,72594,2001336,0.03627277
2016,OREGON,OR,US PRESIDENT,"STEIN, JILL",GREEN,FALSE,50002,2001336,0.02498431
2016,PENNSYLVANIA,PA,US PRESIDENT,"TRUMP, DONALD J.",REPUBLICAN,FALSE,2970733,6115402,0.485778858
2016,PENNSYLVANIA,PA,US PRESIDENT,"CLINTON, HILLARY",DEMOCRAT,FALSE,2926441,6115402,0.478536162
2016,PENNSYLVANIA,PA,US PRESIDENT,"JOHNSON, GARY",LIBERTARIAN,FALSE,146715,6115402,0.023991064
2016,PENNSYLVANIA,PA,US PRESIDENT,"STEIN, JILL",GREEN,FALSE,49941,6115402,0.00816643
2016,PENNSYLVANIA,PA,US PRESIDENT,"CASTLE, DARRELL L.",CONSTITUTION PARTY,FALSE,21572,6115402,0.003527487
2016,RHODE ISLAND,RI,US PRESIDENT,"CLINTON, HILLARY",DEMOCRAT,FALSE,252525,464144,0.544066066
2016,RHODE ISLAND,RI,US PRESIDENT,"TRUMP, DONALD J.",REPUBLICAN,FALSE,180543,464144,0.388980575
2016,RHODE ISLAND,RI,US PRESIDENT,"JOHNSON, GARY",LIBERTARIAN,FALSE,14746,464144,0.031770313
2016,RHODE ISLAND,RI,US PRESIDENT,,,TRUE,9439,464144,0.020336361
2016,RHODE ISLAND,RI,US PRESIDENT,"STEIN, JILL",GREEN,FALSE,6220,464144,0.013401013
2016,RHODE ISLAND,RI,US PRESIDENT,"DE LA FUENTE, ROQUE """"ROCKY""""",AMERICAN DELTA PARTY,FALSE,671,464144,0.001445672
2016,SOUTH CAROLINA,SC,US PRESIDENT,"TRUMP, DONALD J.",REPUBLICAN,FALSE,1155389,2103027,0.549393327
2016,SOUTH CAROLINA,SC,US PRESIDENT,"CLINTON, HILLARY",DEMOCRAT,FALSE,855373,2103027,0.406734198
2016,SOUTH CAROLINA,SC,US PRESIDENT,"JOHNSON, GARY",LIBERTARIAN,FALSE,49204,2103027,0.023396751
2016,SOUTH CAROLINA,SC,US PRESIDENT,"MCMULLIN, EVAN",INDEPENDENCE,FALSE,21016,2103027,0.009993215
2016,SOUTH CAROLINA,SC,US PRESIDENT,"STEIN, JILL",GREEN,FALSE,13034,2103027,0.006197733
2016,SOUTH CAROLINA,SC,US PRESIDENT,"CASTLE, DARRELL L.",CONSTITUTION PARTY,FALSE,5765,2103027,0.002741287
2016,SOUTH CAROLINA,SC,US PRESIDENT,"SKEWES, PETER",AMERICAN,FALSE,3246,2103027,0.001543489
2016,SOUTH DAKOTA,SD,US PRESIDENT,"TRUMP, DONALD J.",REPUBLICAN,FALSE,227721,370093,0.615307504
2016,SOUTH DAKOTA,SD,US PRESIDENT,"CLINTON, HILLARY",DEMOCRAT,FALSE,117458,370093,0.317374282
2016,SOUTH DAKOTA,SD,US PRESIDENT,"JOHNSON, GARY",LIBERTARIAN,FALSE,20850,370093,0.056337191
2016,SOUTH DAKOTA,SD,US PRESIDENT,"CASTLE, DARRELL L.",CONSTITUTION PARTY,FALSE,4064,370093,0.010981024
2016,TENNESSEE,TN,US PRESIDENT,"TRUMP, DONALD J.",REPUBLICAN,FALSE,1522925,2508027,0.607220337
2016,TENNESSEE,TN,US PRESIDENT,"CLINTON, HILLARY",DEMOCRAT,FALSE,870695,2508027,0.347163328
2016,TENNESSEE,TN,US PRESIDENT,,INDEPENDENT,FALSE,100618,2508027,0.040118388
2016,TENNESSEE,TN,US PRESIDENT,,,TRUE,13789,2508027,0.005497947
2016,TEXAS,TX,US PRESIDENT,"TRUMP, DONALD J.",REPUBLICAN,FALSE,4685047,8969226,0.522346856
2016,TEXAS,TX,US PRESIDENT,"CLINTON, HILLARY",DEMOCRAT,FALSE,3877868,8969226,0.43235258
2016,TEXAS,TX,US PRESIDENT,"JOHNSON, GARY",LIBERTARIAN,FALSE,283492,8969226,0.031607187
2016,TEXAS,TX,US PRESIDENT,"STEIN, JILL",GREEN,FALSE,71558,8969226,0.007978169
2016,TEXAS,TX,US PRESIDENT,,,TRUE,51261,8969226,0.005715209
2016,UTAH,UT,US PRESIDENT,"TRUMP, DONALD J.",REPUBLICAN,FALSE,515211,1131317,0.455408166
2016,UTAH,UT,US PRESIDENT,"CLINTON, HILLARY",DEMOCRAT,FALSE,310674,1131317,0.274612686
2016,UTAH,UT,US PRESIDENT,"MCMULLIN, EVAN",NO PARTY AFFILIATION,FALSE,255060,1131317,0.22545405
2016,UTAH,UT,US PRESIDENT,"JOHNSON, GARY",LIBERTARIAN,FALSE,39608,1131317,0.035010523
2016,UTAH,UT,US PRESIDENT,"CASTLE, DARRELL L.",CONSTITUTION PARTY,FALSE,8032,1131317,0.00709969
2016,UTAH,UT,US PRESIDENT,"KOPITKE, KYLE KENLEY",INDEPENDENT AMERICAN,FALSE,2732,1131317,0.002414885
2016,VERMONT,VT,US PRESIDENT,"CLINTON, HILLARY",DEMOCRAT,FALSE,178573,320467,0.557227421
2016,VERMONT,VT,US PRESIDENT,"TRUMP, DONALD J.",REPUBLICAN,FALSE,95369,320467,0.297593824
2016,VERMONT,VT,US PRESIDENT,,,TRUE,22899,320467,0.071455095
2016,VERMONT,VT,US PRESIDENT,"JOHNSON, GARY",LIBERTARIAN,FALSE,10078,320467,0.031447856
2016,VERMONT,VT,US PRESIDENT,"STEIN, JILL",GREEN,FALSE,6758,320467,0.021087975
2016,VERMONT,VT,US PRESIDENT,BLANK VOTE,,FALSE,4574,320467,0.01427292
2016,VERMONT,VT,US PRESIDENT,"DE LA FUENTE, ROQUE """"ROCKY""""",INDEPENDENT,FALSE,1063,320467,0.003317034
2016,VERMONT,VT,US PRESIDENT,VOID VOTE,,FALSE,826,320467,0.002577488
2016,VERMONT,VT,US PRESIDENT,"LA RIVA, GLORIA ESTELLA",LIBERTY UNION PARTY,FALSE,327,320467,0.001020386
2016,VIRGINIA,VA,US PRESIDENT,"CLINTON, HILLARY",DEMOCRAT,FALSE,1981473,3982752,0.497513528
2016,VIRGINIA,VA,US PRESIDENT,"TRUMP, DONALD J.",REPUBLICAN,FALSE,1769443,3982752,0.44427647
2016,VIRGINIA,VA,US PRESIDENT,"JOHNSON, GARY",LIBERTARIAN,FALSE,118274,3982752,0.029696552
2016,VIRGINIA,VA,US PRESIDENT,"MCMULLIN, EVAN",INDEPENDENT,FALSE,54054,3982752,0.013572023
2016,VIRGINIA,VA,US PRESIDENT,,,TRUE,31870,3982752,0.008002005
2016,VIRGINIA,VA,US PRESIDENT,"STEIN, JILL",GREEN,FALSE,27638,3982752,0.006939423
2016,WASHINGTON,WA,US PRESIDENT,"CLINTON, HILLARY",DEMOCRAT,FALSE,1742718,3317019,0.525386801
2016,WASHINGTON,WA,US PRESIDENT,"TRUMP, DONALD J.",REPUBLICAN,FALSE,1221747,3317019,0.368326802
2016,WASHINGTON,WA,US PRESIDENT,"JOHNSON, GARY",LIBERTARIAN,FALSE,160879,3317019,0.048501079
2016,WASHINGTON,WA,US PRESIDENT,,,TRUE,107805,3317019,0.032500568
2016,WASHINGTON,WA,US PRESIDENT,"STEIN, JILL",GREEN,FALSE,58417,3317019,0.017611295
2016,WASHINGTON,WA,US PRESIDENT,"CASTLE, DARRELL L.",CONSTITUTION PARTY,FALSE,17623,3317019,0.005312903
2016,WASHINGTON,WA,US PRESIDENT,"KENNEDY, ALYSON",SOCIALIST WORKERS,FALSE,4307,3317019,0.001298455
2016,WASHINGTON,WA,US PRESIDENT,"LA RIVA, GLORIA ESTELLA",SOCIALISM AND LIBERATION PARTY,FALSE,3523,3317019,0.001062098
2016,WEST VIRGINIA,WV,US PRESIDENT,"TRUMP, DONALD J.",REPUBLICAN,FALSE,489371,713051,0.686305748
2016,WEST VIRGINIA,WV,US PRESIDENT,"CLINTON, HILLARY",DEMOCRAT,FALSE,188794,713051,0.26476928
2016,WEST VIRGINIA,WV,US PRESIDENT,"JOHNSON, GARY",LIBERTARIAN,FALSE,23004,713051,0.032261367
2016,WEST VIRGINIA,WV,US PRESIDENT,"STEIN, JILL",GREEN,FALSE,8075,713051,0.011324576
2016,WEST VIRGINIA,WV,US PRESIDENT,"CASTLE, DARRELL L.",CONSTITUTION PARTY,FALSE,3807,713051,0.005339029
2016,WISCONSIN,WI,US PRESIDENT,"TRUMP, DONALD J.",REPUBLICAN,FALSE,1405284,2976150,0.472181846
2016,WISCONSIN,WI,US PRESIDENT,"CLINTON, HILLARY",DEMOCRAT,FALSE,1382536,2976150,0.464538414
2016,WISCONSIN,WI,US PRESIDENT,"JOHNSON, GARY",LIBERTARIAN,FALSE,106674,2976150,0.035842951
2016,WISCONSIN,WI,US PRESIDENT,"STEIN, JILL",GREEN,FALSE,31072,2976150,0.010440334
2016,WISCONSIN,WI,US PRESIDENT,SCATTERING,,FALSE,22764,2976150,0.007648808
2016,WISCONSIN,WI,US PRESIDENT,,,TRUE,12386,2976150,0.004161753
2016,WISCONSIN,WI,US PRESIDENT,"CASTLE, DARRELL L.",CONSTITUTION PARTY,FALSE,12162,2976150,0.004086488
2016,WISCONSIN,WI,US PRESIDENT,"MOOREHEAD, MONICA",WORKERS WORLD PARTY,FALSE,1770,2976150,0.000594728
2016,WISCONSIN,WI,US PRESIDENT,"DE LA FUENTE, ROQUE """"ROCKY""""",AMERICAN DELTA PARTY,FALSE,1502,2976150,0.000504679
2016,WYOMING,WY,US PRESIDENT,"TRUMP, DONALD J.",REPUBLICAN,FALSE,174419,258788,0.673984111
2016,WYOMING,WY,US PRESIDENT,"CLINTON, HILLARY",DEMOCRAT,FALSE,55973,258788,0.216289009
2016,WYOMING,WY,US PRESIDENT,"JOHNSON, GARY",LIBERTARIAN,FALSE,13287,258788,0.051343184
2016,WYOMING,WY,US PRESIDENT,,,TRUE,6904,258788,0.026678208
2016,WYOMING,WY,US PRESIDENT,,INDEPENDENT,FALSE,3224,258788,0.012458074
2016,WYOMING,WY,US PRESIDENT,BLANK VOTE,,FALSE,2661,258788,0.010282548
2016,WYOMING,WY,US PRESIDENT,"CASTLE, DARRELL L.",CONSTITUTION PARTY,FALSE,2042,258788,0.007890629
2016,WYOMING,WY,US PRESIDENT,OVER VOTE,,FALSE,278,258788,0.001074238
2020,ALABAMA,AL,US PRESIDENT,"BIDEN, JOSEPH R. JR",DEMOCRAT,FALSE,849624,2323282,0.365699902
2020,ALABAMA,AL,US PRESIDENT,"TRUMP, DONALD J.",REPUBLICAN,FALSE,1441170,2323282,0.620316432
2020,ALABAMA,AL,US PRESIDENT,"JORGENSEN, JO",LIBERTARIAN,FALSE,25176,2323282,0.010836394
2020,ALABAMA,AL,US PRESIDENT,,,TRUE,7312,2323282,0.003147272
2020,ALASKA,AK,US PRESIDENT,"BIDEN, JOSEPH R. JR",DEMOCRAT,FALSE,153778,359530,0.427719523
2020,ALASKA,AK,US PRESIDENT,"TRUMP, DONALD J.",REPUBLICAN,FALSE,189951,359530,0.528331433
2020,ALASKA,AK,US PRESIDENT,"JORGENSEN, JO",LIBERTARIAN,FALSE,8897,359530,0.024746196
2020,ALASKA,AK,US PRESIDENT,"DE LA FUENTE, ROQUE """"ROCKY""""",ALLIANCE,FALSE,318,359530,0.000884488
2020,ALASKA,AK,US PRESIDENT,"PIERCE, BROCK",INDEPENDENT,FALSE,825,359530,0.002294662
2020,ALASKA,AK,US PRESIDENT,"JANOS, JAMES G. ""JESSE VENTURA""",GREEN,FALSE,2673,359530,0.007434706
2020,ALASKA,AK,US PRESIDENT,"BLANKENSHIP, DON",CONSTITUTION PARTY,FALSE,1127,359530,0.003134648
2020,ALASKA,AK,US PRESIDENT,,,TRUE,1961,359530,0.005454343
2020,ARIZONA,AZ,US PRESIDENT,"BIDEN, JOSEPH R. JR",DEMOCRAT,FALSE,1672143,3387326,0.493646906
2020,ARIZONA,AZ,US PRESIDENT,"TRUMP, DONALD J.",REPUBLICAN,FALSE,1661686,3387326,0.49055981
2020,ARIZONA,AZ,US PRESIDENT,"JORGENSEN, JO",LIBERTARIAN,FALSE,51465,3387326,0.0151934
2020,ARIZONA,AZ,US PRESIDENT,"LA RIVA, GLORIA ESTELLA",PARTY FOR SOCIALISM AND LIBERATION,TRUE,190,3387326,5.60914E-05
2020,ARIZONA,AZ,US PRESIDENT,"CUMMINGS, DANIEL CLYDE",CONSTITUTION PARTY,TRUE,36,3387326,1.06279E-05
2020,ARIZONA,AZ,US PRESIDENT,"SIMMONS, JADE",INDEPENDENT,TRUE,236,3387326,6.96715E-05
2020,ARIZONA,AZ,US PRESIDENT,"BODDIE, R. PRESIDENT",INDEPENDENT,TRUE,13,3387326,3.83784E-06
2020,ARIZONA,AZ,US PRESIDENT,"HAWKINS, HOWIE",GREEN,TRUE,1557,3387326,0.000459655
2020,ARKANSAS,AR,US PRESIDENT,"CARROLL, BRIAN",AMERICAN SOLIDARITY PARTY,FALSE,1713,1219069,0.001405171
2020,ARKANSAS,AR,US PRESIDENT,"BLANKENSHIP, DON",CONSTITUTION PARTY,FALSE,2108,1219069,0.001729188
2020,ARKANSAS,AR,US PRESIDENT,"BIDEN, JOSEPH R. JR",DEMOCRAT,FALSE,423932,1219069,0.34775062
2020,ARKANSAS,AR,US PRESIDENT,"HAWKINS, HOWIE",GREEN,FALSE,2980,1219069,0.002444488
2020,ARKANSAS,AR,US PRESIDENT,"PIERCE, BROCK",INDEPENDENT,FALSE,2141,1219069,0.001756258
2020,ARKANSAS,AR,US PRESIDENT,"GAMMON, C. L.",INDEPENDENT,FALSE,1475,1219069,0.00120994
2020,ARKANSAS,AR,US PRESIDENT,"WEST, KANYE",INDEPENDENT,FALSE,4099,1219069,0.003362402
2020,ARKANSAS,AR,US PRESIDENT,"COLLINS, PHIL",INDEPENDENT,FALSE,2812,1219069,0.002306678
2020,ARKANSAS,AR,US PRESIDENT,"DE LA FUENTE, ROQUE """"ROCKY""""",INDEPENDENT,FALSE,1321,1219069,0.001083614
2020,ARKANSAS,AR,US PRESIDENT,"JORGENSEN, JO",LIBERTARIAN,FALSE,13133,1219069,0.010772975
2020,ARKANSAS,AR,US PRESIDENT,"MYERS, JOHN RICHARD",LIFE AND LIBERTY PARTY,FALSE,1372,1219069,0.001125449
2020,ARKANSAS,AR,US PRESIDENT,"TRUMP, DONALD J.",REPUBLICAN,FALSE,760647,1219069,0.623957299
2020,ARKANSAS,AR,US PRESIDENT,"LA RIVA, GLORIA ESTELLA",PARTY FOR SOCIALISM AND LIBERATION,FALSE,1336,1219069,0.001095918
2020,CALIFORNIA,CA,US PRESIDENT,"BIDEN, JOSEPH R. JR",DEMOCRAT,FALSE,11110250,17500881,0.634839469
2020,CALIFORNIA,CA,US PRESIDENT,"TRUMP, DONALD J.",REPUBLICAN,FALSE,6006429,17500881,0.343207236
2020,CALIFORNIA,CA,US PRESIDENT,"JORGENSEN, JO",LIBERTARIAN,FALSE,187895,17500881,0.010736317
2020,CALIFORNIA,CA,US PRESIDENT,"HAWKINS, HOWIE",GREEN,FALSE,81029,17500881,0.004629995
2020,CALIFORNIA,CA,US PRESIDENT,"DE LA FUENTE, ROQUE """"ROCKY""""",AMERICAN INDEPENDENT,FALSE,60160,17500881,0.003437541
2020,CALIFORNIA,CA,US PRESIDENT,"LA RIVA, GLORIA ESTELLA",PEACE & FREEDOM,FALSE,51037,17500881,0.002916253
2020,CALIFORNIA,CA,US PRESIDENT,"CARROLL, BRIAN",AMERICAN SOLIDARITY PARTY,TRUE,2605,17500881,0.00014885
2020,CALIFORNIA,CA,US PRESIDENT,"JANOS, JAMES G. ""JESSE VENTURA""",INDEPENDENT,TRUE,611,17500881,3.49125E-05
2020,CALIFORNIA,CA,US PRESIDENT,MARK CHARLES,INDEPENDENT,TRUE,559,17500881,3.19412E-05
2020,CALIFORNIA,CA,US PRESIDENT,"PIERCE, BROCK",INDEPENDENT,TRUE,185,17500881,1.05709E-05
2020,CALIFORNIA,CA,US PRESIDENT,JOSEPH KISHORE,INDEPENDENT,TRUE,121,17500881,6.91394E-06
2020,COLORADO,CO,US PRESIDENT,"BIDEN, JOSEPH R. JR",DEMOCRAT,FALSE,1804352,3279980,0.550110671
2020,COLORADO,CO,US PRESIDENT,"TRUMP, DONALD J.",REPUBLICAN,FALSE,1364607,3279980,0.416041256
2020,COLORADO,CO,US PRESIDENT,"JORGENSEN, JO",LIBERTARIAN,FALSE,52460,3279980,0.015994
2020,COLORADO,CO,US PRESIDENT,"HAWKINS, HOWIE",GREEN,FALSE,8986,3279980,0.002739651
2020,COLORADO,CO,US PRESIDENT,"LA RIVA, GLORIA ESTELLA",PARTY FOR SOCIALISM AND LIBERATION,FALSE,1035,3279980,0.000315551
2020,COLORADO,CO,US PRESIDENT,"DE LA FUENTE, ROQUE """"ROCKY""""",ALLIANCE,FALSE,636,3279980,0.000193904
2020,COLORADO,CO,US PRESIDENT,"PIERCE, BROCK",INDEPENDENT,FALSE,572,3279980,0.000174391
2020,COLORADO,CO,US PRESIDENT,"WEST, KANYE",INDEPENDENT,FALSE,8089,3279980,0.002466174
2020,COLORADO,CO,US PRESIDENT,"BLANKENSHIP, DON",CONSTITUTION PARTY,FALSE,5061,3279980,0.001542997
2020,COLORADO,CO,US PRESIDENT,"HAMMONS, BILL",UNITY PARTY,FALSE,2730,3279980,0.000832322
2020,COLORADO,CO,US PRESIDENT,"HUBER, BLAKE",APPROVAL VOTING PARTY,FALSE,355,3279980,0.000108232
2020,COLORADO,CO,US PRESIDENT,"CARROLL, BRIAN",AMERICAN SOLIDARITY PARTY,FALSE,25515,3279980,0.007779011
2020,COLORADO,CO,US PRESIDENT,"CHARLES, MARK",INDEPENDENT,FALSE,2011,3279980,0.000613113
2020,COLORADO,CO,US PRESIDENT,"COLLINS, PHIL",PROHIBITION PARTY,FALSE,568,3279980,0.000173172
2020,COLORADO,CO,US PRESIDENT,"HUNTER, PHIL",PROGRESSIVE PARTY,FALSE,379,3279980,0.000115549
2020,COLORADO,CO,US PRESIDENT,"JACOB?FAMBRO, PRINCESS KHADIJAH MARYAM",INDEPENDENT,FALSE,495,3279980,0.000150916
2020,COLORADO,CO,US PRESIDENT,"KENNEDY, ALYSON",SOCIALIST WORKERS PARTY,FALSE,354,3279980,0.000107927
2020,COLORADO,CO,US PRESIDENT,"KISHORE, JOSEPH",SOCIALIST EQUALITY PARTY,FALSE,196,3279980,5.97565E-05
2020,COLORADO,CO,US PRESIDENT,"KOPITKE, KYLE KENLEY",INDEPENDENT AMERICAN PARTY,FALSE,762,3279980,0.000232318
2020,COLORADO,CO,US PRESIDENT,"MCHUGH, JOE",INDEPENDENT,FALSE,614,3279980,0.000187196
2020,COLORADO,CO,US PRESIDENT,"SCOTT, JORDAN ""CANCER""",INDEPENDENT,FALSE,175,3279980,5.3354E-05
2020,COLORADO,CO,US PRESIDENT,"CELLA, TODD",INDEPENDENT,FALSE,4,3279980,1.21952E-06
2020,COLORADO,CO,US PRESIDENT,"HOEFLING, TOM",NON-AFFILIATED,FALSE,24,3279980,7.31712E-06
2020,CONNECTICUT,CT,US PRESIDENT,"BIDEN, JOSEPH R. JR",DEMOCRAT,FALSE,1080831,1823857,0.592607315
2020,CONNECTICUT,CT,US PRESIDENT,"TRUMP, DONALD J.",REPUBLICAN,FALSE,714717,1823857,0.391871183
2020,CONNECTICUT,CT,US PRESIDENT,"JORGENSEN, JO",LIBERTARIAN,FALSE,20230,1823857,0.011091878
2020,CONNECTICUT,CT,US PRESIDENT,"HAWKINS, HOWIE",GREEN,FALSE,7538,1823857,0.004132999
2020,CONNECTICUT,CT,US PRESIDENT,"CARROLL, BRIAN",AMERICAN SOLIDARITY PARTY,TRUE,219,1823857,0.000120075
2020,CONNECTICUT,CT,US PRESIDENT,"CHARLES, MARK",INDEPENDENT,TRUE,11,1823857,6.03117E-06
2020,CONNECTICUT,CT,US PRESIDENT,"KLOJZY, JEFFREY J.",,TRUE,0,1823857,0
2020,CONNECTICUT,CT,US PRESIDENT,"WEINSTEIN, KARYNN KRILL",,TRUE,1,1823857,5.48289E-07
2020,CONNECTICUT,CT,US PRESIDENT,"WELLS, KASEY",NON-AFFILIATED,TRUE,6,1823857,3.28973E-06
2020,CONNECTICUT,CT,US PRESIDENT,"SIMMONS, MARY RUTH CARO",,TRUE,2,1823857,1.09658E-06
2020,CONNECTICUT,CT,US PRESIDENT,"DE LA FUENTE, ROQUE """"ROCKY""""",ALLIANCE,TRUE,13,1823857,7.12775E-06
2020,CONNECTICUT,CT,US PRESIDENT,"HOWARD, SHAWN W.",,TRUE,12,1823857,6.57946E-06
2020,CONNECTICUT,CT,US PRESIDENT,"SIMMONS, JADE",INDEPENDENT,TRUE,22,1823857,1.20623E-05
2020,CONNECTICUT,CT,US PRESIDENT,"WEST, KANYE",INDEPENDENT,TRUE,255,1823857,0.000139814
2020,DELAWARE,DE,US PRESIDENT,"BELLAR, BARBARA",,TRUE,7,504346,1.38794E-05
2020,DELAWARE,DE,US PRESIDENT,"CARROLL, BRIAN",AMERICAN SOLIDARITY PARTY,TRUE,87,504346,0.000172501
2020,DELAWARE,DE,US PRESIDENT,"PIERCE, BROCK",INDEPENDENT,TRUE,5,504346,9.91383E-06
2020,DELAWARE,DE,US PRESIDENT,"ROUSE, DEBORAH",,TRUE,1,504346,1.98277E-06
2020,DELAWARE,DE,US PRESIDENT,"BALL, DENNIS ANDREW",,TRUE,3,504346,5.9483E-06
2020,DELAWARE,DE,US PRESIDENT,"LA RIVA, GLORIA ESTELLA",PARTY FOR SOCIALISM AND LIBERATION,TRUE,14,504346,2.77587E-05
2020,DELAWARE,DE,US PRESIDENT,"SIMMONS, JADE",INDEPENDENT,TRUE,28,504346,5.55174E-05
2020,DELAWARE,DE,US PRESIDENT,"WEST, KANYE",INDEPENDENT,TRUE,169,504346,0.000335087
2020,DELAWARE,DE,US PRESIDENT,"WELLS, KASEY",NON-AFFILIATED,TRUE,1,504346,1.98277E-06
2020,DELAWARE,DE,US PRESIDENT,"GIBSON, KATHRYN",,TRUE,1,504346,1.98277E-06
2020,DELAWARE,DE,US PRESIDENT,"CHARLES, MARK",INDEPENDENT,TRUE,8,504346,1.58621E-05
2020,DELAWARE,DE,US PRESIDENT,"WILLIAMS, MITCHELL",,TRUE,2,504346,3.96553E-06
2020,DELAWARE,DE,US PRESIDENT,"BODDIE, R. PRESIDENT",INDEPENDENT,TRUE,1,504346,1.98277E-06
2020,DELAWARE,DE,US PRESIDENT,"JACOB?FAMBRO, PRINCESS KHADIJAH MARYAM",INDEPENDENT,TRUE,2,504346,3.96553E-06
2020,DELAWARE,DE,US PRESIDENT,"HOWARD, SHAWN W.",,TRUE,4,504346,7.93106E-06
2020,DELAWARE,DE,US PRESIDENT,"CELLA, TODD",INDEPENDENT,TRUE,2,504346,3.96553E-06
2020,DELAWARE,DE,US PRESIDENT,"HOEFLING, TOM",NON-AFFILIATED,TRUE,1,504346,1.98277E-06
2020,DELAWARE,DE,US PRESIDENT,"BIDEN, JOSEPH R. JR",DEMOCRAT,FALSE,296268,504346,0.587430058
2020,DELAWARE,DE,US PRESIDENT,"TRUMP, DONALD J.",REPUBLICAN,FALSE,200603,504346,0.397748768
2020,DELAWARE,DE,US PRESIDENT,"JORGENSEN, JO",LIBERTARIAN,FALSE,5000,504346,0.009913829
2020,DELAWARE,DE,US PRESIDENT,"HAWKINS, HOWIE",GREEN,FALSE,2139,504346,0.004241136
2020,DISTRICT OF COLUMBIA,DC,US PRESIDENT,"BIDEN, JOSEPH R. JR",DEMOCRAT,TRUE,317323,344356,0.921496939
2020,DISTRICT OF COLUMBIA,DC,US PRESIDENT,"TRUMP, DONALD J.",REPUBLICAN,TRUE,18586,344356,0.053973214
2020,DISTRICT OF COLUMBIA,DC,US PRESIDENT,"JORGENSEN, JO",LIBERTARIAN,TRUE,2036,344356,0.005912486
2020,DISTRICT OF COLUMBIA,DC,US PRESIDENT,"HAWKINS, HOWIE",DC STATEHOOD GREEN,TRUE,1726,344356,0.005012255
2020,DISTRICT OF COLUMBIA,DC,US PRESIDENT,"LA RIVA, GLORIA ESTELLA",INDEPENDENT,TRUE,855,344356,0.002482896
2020,DISTRICT OF COLUMBIA,DC,US PRESIDENT,,,TRUE,3137,344356,0.009109759
2020,DISTRICT OF COLUMBIA,DC,US PRESIDENT,"PIERCE, BROCK",INDEPENDENT,FALSE,693,344356,0.002012452
2020,FLORIDA,FL,US PRESIDENT,"BIDEN, JOSEPH R. JR",DEMOCRAT,FALSE,5297045,11067456,0.478614507
2020,FLORIDA,FL,US PRESIDENT,"TRUMP, DONALD J.",REPUBLICAN,FALSE,5668731,11067456,0.512198196
2020,FLORIDA,FL,US PRESIDENT,"JORGENSEN, JO",LIBERTARIAN,FALSE,70324,11067456,0.006354125
2020,FLORIDA,FL,US PRESIDENT,"HAWKINS, HOWIE",GREEN,FALSE,14721,11067456,0.001330116
2020,FLORIDA,FL,US PRESIDENT,"LA RIVA, GLORIA ESTELLA",PARTY FOR SOCIALISM AND LIBERATION,FALSE,5712,11067456,0.000516108
2020,FLORIDA,FL,US PRESIDENT,"DE LA FUENTE, ROQUE """"ROCKY""""",ALLIANCE,FALSE,5966,11067456,0.000539058
2020,FLORIDA,FL,US PRESIDENT,"HOWARD, SHAWN W.",,TRUE,9,11067456,8.13195E-07
2020,FLORIDA,FL,US PRESIDENT,"BLANKENSHIP, DON",CONSTITUTION PARTY,FALSE,3902,11067456,0.000352565
2020,FLORIDA,FL,US PRESIDENT,"WELLS, KASEY",NON-AFFILIATED,TRUE,8,11067456,7.2284E-07
2020,FLORIDA,FL,US PRESIDENT,"WALLS-WINDHAUSER, ANGELA",,TRUE,2,11067456,1.8071E-07
2020,FLORIDA,FL,US PRESIDENT,"SIMMONS, JADE",INDEPENDENT,TRUE,181,11067456,1.63543E-05
2020,FLORIDA,FL,US PRESIDENT,"CARROLL, BRIAN",AMERICAN SOLIDARITY PARTY,TRUE,854,11067456,7.71632E-05
2020,FLORIDA,FL,US PRESIDENT,"LABOCH, MICHAEL",,TRUE,1,11067456,9.0355E-08
2020,GEORGIA,GA,US PRESIDENT,"BELLAR, BARBARA",,TRUE,10,4999960,2.00002E-06
2020,GEORGIA,GA,US PRESIDENT,"CARROLL, BRIAN",AMERICAN SOLIDARITY PARTY,TRUE,701,4999960,0.000140201
2020,GEORGIA,GA,US PRESIDENT,"BYRNE, DAVID",,TRUE,6,4999960,1.20001E-06
2020,GEORGIA,GA,US PRESIDENT,"ROUSE, DEBORAH",,TRUE,1,4999960,2.00002E-07
2020,GEORGIA,GA,US PRESIDENT,"BLANKENSHIP, DON",CONSTITUTION PARTY,TRUE,61,4999960,1.22001E-05
2020,GEORGIA,GA,US PRESIDENT,"LA RIVA, GLORIA ESTELLA",PARTY FOR SOCIALISM AND LIBERATION,TRUE,159,4999960,3.18003E-05
2020,GEORGIA,GA,US PRESIDENT,"HAWKINS, HOWIE",GREEN,TRUE,1013,4999960,0.000202602
2020,GEORGIA,GA,US PRESIDENT,"SIMMONS, JADE",INDEPENDENT,TRUE,181,4999960,3.62003E-05
2020,GEORGIA,GA,US PRESIDENT,"WELLS, KASEY",NON-AFFILIATED,TRUE,6,4999960,1.20001E-06
2020,GEORGIA,GA,US PRESIDENT,"GIBSON, KATHRYN",,TRUE,2,4999960,4.00003E-07
2020,GEORGIA,GA,US PRESIDENT,"COLLINS, LOREN",,TRUE,11,4999960,2.20002E-06
2020,GEORGIA,GA,US PRESIDENT,"CHARLES, MARK",INDEPENDENT,TRUE,65,4999960,1.30001E-05
2020,GEORGIA,GA,US PRESIDENT,"SHERRILL, PETER",,TRUE,8,4999960,1.60001E-06
2020,GEORGIA,GA,US PRESIDENT,"BODDIE, R. PRESIDENT",INDEPENDENT,TRUE,8,4999960,1.60001E-06
2020,GEORGIA,GA,US PRESIDENT,"JACOB?FAMBRO, PRINCESS KHADIJAH MARYAM",INDEPENDENT,TRUE,7,4999960,1.40001E-06
2020,GEORGIA,GA,US PRESIDENT,"HOWARD, SHAWN W.",,TRUE,5,4999960,1.00001E-06
2020,GEORGIA,GA,US PRESIDENT,"BIDEN, JOSEPH R. JR",DEMOCRAT,FALSE,2473633,4999960,0.494730558
2020,GEORGIA,GA,US PRESIDENT,"TRUMP, DONALD J.",REPUBLICAN,FALSE,2461854,4999960,0.492374739
2020,GEORGIA,GA,US PRESIDENT,"JORGENSEN, JO",LIBERTARIAN,FALSE,62229,4999960,0.0124459
2020,HAWAII,HI,US PRESIDENT,"BIDEN, JOSEPH R. JR",DEMOCRAT,FALSE,366130,579784,0.631493798
2020,HAWAII,HI,US PRESIDENT,"TRUMP, DONALD J.",REPUBLICAN,FALSE,196864,579784,0.339547142
2020,HAWAII,HI,US PRESIDENT,"JORGENSEN, JO",LIBERTARIAN,FALSE,5539,579784,0.009553558
2020,HAWAII,HI,US PRESIDENT,"HAWKINS, HOWIE",GREEN,FALSE,3822,579784,0.00659211
2020,HAWAII,HI,US PRESIDENT,"PIERCE, BROCK",AMERICAN SHOPPING PARTY,FALSE,1183,579784,0.002040415
2020,HAWAII,HI,US PRESIDENT,"BLANKENSHIP, DON",CONSTITUTION PARTY,FALSE,931,579784,0.00160577
2020,HAWAII,HI,US PRESIDENT,BLANK VOTES,,FALSE,4927,579784,0.008497992
2020,HAWAII,HI,US PRESIDENT,OVERVOTES,,FALSE,388,579784,0.000669215
2020,IDAHO,ID,US PRESIDENT,"BIDEN, JOSEPH R. JR",DEMOCRAT,FALSE,287021,868014,0.330664022
2020,IDAHO,ID,US PRESIDENT,"TRUMP, DONALD J.",REPUBLICAN,FALSE,554119,868014,0.638375648
2020,IDAHO,ID,US PRESIDENT,"JORGENSEN, JO",LIBERTARIAN,FALSE,16404,868014,0.018898313
2020,IDAHO,ID,US PRESIDENT,"HAWKINS, HOWIE",GREEN,TRUE,407,868014,0.000468886
2020,IDAHO,ID,US PRESIDENT,"PIERCE, BROCK",INDEPENDENT,FALSE,2808,868014,0.003234971
2020,IDAHO,ID,US PRESIDENT,"BLANKENSHIP, DON",CONSTITUTION PARTY,FALSE,1886,868014,0.002172776
2020,IDAHO,ID,US PRESIDENT,"DE LA FUENTE, ROQUE """"ROCKY""""",INDEPENDENT,FALSE,1491,868014,0.001717714
2020,IDAHO,ID,US PRESIDENT,"WEST, KANYE",INDEPENDENT,FALSE,3632,868014,0.004184264
2020,IDAHO,ID,US PRESIDENT,"LA RIVA, GLORIA ESTELLA",PARTY FOR SOCIALISM AND LIBERATION,TRUE,49,868014,5.64507E-05
2020,IDAHO,ID,US PRESIDENT,"CARROLL, BRIAN",AMERICAN SOLIDARITY PARTY,TRUE,163,868014,0.000187785
2020,IDAHO,ID,US PRESIDENT,"CELLA, TODD",INDEPENDENT,TRUE,1,868014,1.15206E-06
2020,IDAHO,ID,US PRESIDENT,"FRANKLIN, CHRIS",,TRUE,1,868014,1.15206E-06
2020,IDAHO,ID,US PRESIDENT,"HOEFLING, TOM",NON-AFFILIATED,TRUE,7,868014,8.06439E-06
2020,IDAHO,ID,US PRESIDENT,"HOWARD, SHAWN W.",,TRUE,4,868014,4.60822E-06
2020,IDAHO,ID,US PRESIDENT,"SIMMONS, JADE",INDEPENDENT,TRUE,21,868014,2.41932E-05
2020,ILLINOIS,IL,US PRESIDENT,"BIDEN, JOSEPH R. JR",DEMOCRAT,FALSE,3471915,6033743,0.575416454
2020,ILLINOIS,IL,US PRESIDENT,"TRUMP, DONALD J.",REPUBLICAN,FALSE,2446891,6033743,0.405534508
2020,ILLINOIS,IL,US PRESIDENT,"JORGENSEN, JO",LIBERTARIAN,FALSE,66544,6033743,0.011028643
2020,ILLINOIS,IL,US PRESIDENT,"HAWKINS, HOWIE",GREEN,FALSE,30494,6033743,0.005053911
2020,ILLINOIS,IL,US PRESIDENT,"CARROLL, BRIAN",AMERICAN SOLIDARITY PARTY,FALSE,9548,6033743,0.001582434
2020,ILLINOIS,IL,US PRESIDENT,"LA RIVA, GLORIA ESTELLA",PARTY FOR SOCIALISM AND LIBERATION,FALSE,8046,6033743,0.001333501
2020,ILLINOIS,IL,US PRESIDENT,"FARNEY, JOHN",,TRUE,84,6033743,1.39217E-05
2020,ILLINOIS,IL,US PRESIDENT,"SIMMONS, JADE",INDEPENDENT,TRUE,78,6033743,1.29273E-05
2020,ILLINOIS,IL,US PRESIDENT,MARK CHARLES,INDEPENDENT,TRUE,75,6033743,1.24301E-05
2020,ILLINOIS,IL,US PRESIDENT,"WELLS, KASEY",NON-AFFILIATED,TRUE,18,6033743,2.98322E-06
2020,ILLINOIS,IL,US PRESIDENT,"BLANKENSHIP, DON",CONSTITUTION PARTY,TRUE,18,6033743,2.98322E-06
2020,ILLINOIS,IL,US PRESIDENT,"WILLIAMS JR., ANDY",,TRUE,8,6033743,1.32588E-06
2020,ILLINOIS,IL,US PRESIDENT,"BELLAR, BARBARA",,TRUE,7,6033743,1.16014E-06
2020,ILLINOIS,IL,US PRESIDENT,"KISHORE, JOSEPH",INDEPENDENT,TRUE,5,6033743,8.28673E-07
2020,ILLINOIS,IL,US PRESIDENT,"MCKEE, KEVIN",,TRUE,4,6033743,6.62938E-07
2020,ILLINOIS,IL,US PRESIDENT,"COLLINS, PHIL",INDEPENDENT,TRUE,3,6033743,4.97204E-07
2020,ILLINOIS,IL,US PRESIDENT,"STRUCK, JAMES TIMOTHY",,TRUE,2,6033743,3.31469E-07
2020,ILLINOIS,IL,US PRESIDENT,"ROUSE, DEBORAH",,TRUE,1,6033743,1.65735E-07
2020,ILLINOIS,IL,US PRESIDENT,"HIGGS, JEREMY",,TRUE,1,6033743,1.65735E-07
2020,ILLINOIS,IL,US PRESIDENT,"SIMMONS, MARY RUTH CARO",,TRUE,1,6033743,1.65735E-07
2020,INDIANA,IN,US PRESIDENT,"BIDEN, JOSEPH R. JR",DEMOCRAT,FALSE,1242416,3033118,0.409616771
2020,INDIANA,IN,US PRESIDENT,"TRUMP, DONALD J.",REPUBLICAN,FALSE,1729519,3033118,0.570211578
2020,INDIANA,IN,US PRESIDENT,"JORGENSEN, JO",LIBERTARIAN,FALSE,59232,3033118,0.019528419
2020,INDIANA,IN,US PRESIDENT,"HAWKINS, HOWIE",GREEN,TRUE,988,3033118,0.000325737
2020,INDIANA,IN,US PRESIDENT,"CARROLL, BRIAN",AMERICAN SOLIDARITY PARTY,TRUE,893,3033118,0.000294417
2020,INDIANA,IN,US PRESIDENT,"HOWARD, SHAWN W.",,TRUE,23,3033118,7.58296E-06
2020,INDIANA,IN,US PRESIDENT,"MCCRAY, VALERIE",,TRUE,17,3033118,5.60479E-06
2020,INDIANA,IN,US PRESIDENT,"SCHRINER, JOE",,TRUE,13,3033118,4.28602E-06
2020,INDIANA,IN,US PRESIDENT,JOHNSON JR. JAMES L.,,TRUE,5,3033118,1.64847E-06
2020,INDIANA,IN,US PRESIDENT,"ROUSE, DEBORAH",,TRUE,4,3033118,1.31877E-06
2020,INDIANA,IN,US PRESIDENT,"WILLIAMS, MITCHELL",,TRUE,4,3033118,1.31877E-06
2020,INDIANA,IN,US PRESIDENT,"STRIED, CHRISTOPHER",,TRUE,2,3033118,6.59387E-07
2020,INDIANA,IN,US PRESIDENT,"F, RANDALL",,TRUE,1,3033118,3.29694E-07
2020,INDIANA,IN,US PRESIDENT,"WELLS, KASEY",NON-AFFILIATED,TRUE,1,3033118,3.29694E-07
2020,IOWA,IA,US PRESIDENT,"TRUMP, DONALD J.",REPUBLICAN,FALSE,897672,1700130,0.528001976
2020,IOWA,IA,US PRESIDENT,"BIDEN, JOSEPH R. JR",DEMOCRAT,FALSE,759061,1700130,0.446472329
2020,IOWA,IA,US PRESIDENT,"DE LA FUENTE, ROQUE """"ROCKY""""",INDEPENDENT,FALSE,1082,1700130,0.000636422
2020,IOWA,IA,US PRESIDENT,"BLANKENSHIP, DON",CONSTITUTION PARTY,FALSE,1707,1700130,0.001004041
2020,IOWA,IA,US PRESIDENT,"KING, RICKI SUE",GENEOLOGY KNOW YOUR FAMILY HISTORY PARTY,FALSE,546,1700130,0.000321152
2020,IOWA,IA,US PRESIDENT,"HAWKINS, HOWIE",GREEN,FALSE,3075,1700130,0.001808685
2020,IOWA,IA,US PRESIDENT,"JORGENSEN, JO",LIBERTARIAN,FALSE,19637,1700130,0.011550293
2020,IOWA,IA,US PRESIDENT,"PIERCE, BROCK",INDEPENDENT,FALSE,544,1700130,0.000319976
2020,IOWA,IA,US PRESIDENT,"WEST, KANYE",INDEPENDENT,FALSE,3210,1700130,0.001888091
2020,IOWA,IA,US PRESIDENT,,,TRUE,4337,1700130,0.002550981
2020,IOWA,IA,US PRESIDENT,UNDERVOTES,,FALSE,6614,1700130,0.003890291
2020,IOWA,IA,US PRESIDENT,OVERVOTES,,FALSE,2645,1700130,0.001555763
2020,KANSAS,KS,US PRESIDENT,"TRUMP, DONALD J.",REPUBLICAN,FALSE,771406,1372303,0.562125128
2020,KANSAS,KS,US PRESIDENT,"BIDEN, JOSEPH R. JR",DEMOCRAT,FALSE,570323,1372303,0.415595535
2020,KANSAS,KS,US PRESIDENT,"JORGENSEN, JO",LIBERTARIAN,FALSE,30574,1372303,0.022279336
2020,KENTUCKY,KY,US PRESIDENT,"TRUMP, DONALD J.",REPUBLICAN,FALSE,1326646,2136768,0.620865719
2020,KENTUCKY,KY,US PRESIDENT,"BIDEN, JOSEPH R. JR",DEMOCRAT,FALSE,772474,2136768,0.361515148
2020,KENTUCKY,KY,US PRESIDENT,"JORGENSEN, JO",LIBERTARIAN,FALSE,26234,2136768,0.012277421
2020,KENTUCKY,KY,US PRESIDENT,"WEST, KANYE",INDEPENDENT,FALSE,6483,2136768,0.003034021
2020,KENTUCKY,KY,US PRESIDENT,"PIERCE, BROCK",INDEPENDENT,FALSE,3599,2136768,0.001684319
2020,KENTUCKY,KY,US PRESIDENT,"HAWKINS, HOWIE",GREEN,TRUE,716,2136768,0.000335086
2020,KENTUCKY,KY,US PRESIDENT,"CARROLL, BRIAN",AMERICAN SOLIDARITY PARTY,TRUE,408,2136768,0.000190943
2020,KENTUCKY,KY,US PRESIDENT,"LA RIVA, GLORIA ESTELLA",PARTY FOR SOCIALISM AND LIBERATION,TRUE,98,2136768,4.58637E-05
2020,KENTUCKY,KY,US PRESIDENT,"CHARLES, MARK",INDEPENDENT,TRUE,43,2136768,2.01239E-05
2020,KENTUCKY,KY,US PRESIDENT,"SIMMONS, JADE",INDEPENDENT,TRUE,29,2136768,1.35719E-05
2020,KENTUCKY,KY,US PRESIDENT,"HOEFLING, TOM",NON-AFFILIATED,TRUE,20,2136768,9.35993E-06
2020,KENTUCKY,KY,US PRESIDENT,"HOWARD, SHAWN W.",,TRUE,9,2136768,4.21197E-06
2020,KENTUCKY,KY,US PRESIDENT,"BODDIE, R. PRESIDENT",INDEPENDENT,TRUE,7,2136768,3.27598E-06
2020,KENTUCKY,KY,US PRESIDENT,"WELLS, KASEY",NON-AFFILIATED,TRUE,1,2136768,4.67997E-07
2020,KENTUCKY,KY,US PRESIDENT,"STEVENS, TIMOTHY ALLEN",,TRUE,1,2136768,4.67997E-07
2020,LOUISIANA,LA,US PRESIDENT,"BIDEN, JOSEPH R. JR",DEMOCRAT,FALSE,856034,2148062,0.398514568
2020,LOUISIANA,LA,US PRESIDENT,"JORGENSEN, JO",LIBERTARIAN,FALSE,21645,2148062,0.010076525
2020,LOUISIANA,LA,US PRESIDENT,"TRUMP, DONALD J.",REPUBLICAN,FALSE,1255776,2148062,0.584608824
2020,LOUISIANA,LA,US PRESIDENT,"CARROLL, BRIAN",AMERICAN SOLIDARITY PARTY,FALSE,2497,2148062,0.001162443
2020,LOUISIANA,LA,US PRESIDENT,JADE SIMMONS,BECOMING ONE NATION,FALSE,1626,2148062,0.000756961
2020,LOUISIANA,LA,US PRESIDENT,"BODDIE, R. PRESIDENT",C.U.P,FALSE,1125,2148062,0.000523728
2020,LOUISIANA,LA,US PRESIDENT,"BLANKENSHIP, DON",CONSTITUTION PARTY,FALSE,860,2148062,0.000400361
2020,LOUISIANA,LA,US PRESIDENT,"PIERCE, BROCK",FREEDOM AND PROSPERITY,FALSE,749,2148062,0.000348686
2020,LOUISIANA,LA,US PRESIDENT,"HOEFLING, TOM","LIFE , LIBERTY, CONSTITUTION",FALSE,668,2148062,0.000310978
2020,LOUISIANA,LA,US PRESIDENT,"LA RIVA, GLORIA ESTELLA",PARTY FOR SOCIALISM AND LIBERATION,FALSE,987,2148062,0.000459484
2020,LOUISIANA,LA,US PRESIDENT,"KENNEDY, ALYSON",SOCIALIST WORKERS PARTY,FALSE,536,2148062,0.000249527
2020,LOUISIANA,LA,US PRESIDENT,"WEST, KANYE",THE BIRTHDAY PARTY,FALSE,4897,2148062,0.002279729
2020,LOUISIANA,LA,US PRESIDENT,"HAMMONS, BILL",UNITY PARTY,FALSE,662,2148062,0.000308185
2020,MAINE,ME,US PRESIDENT,"BIDEN, JOSEPH R. JR",DEMOCRAT,FALSE,435072,828305,0.525255793
2020,MAINE,ME,US PRESIDENT,"JORGENSEN, JO",LIBERTARIAN,FALSE,14152,828305,0.017085494
2020,MAINE,ME,US PRESIDENT,"TRUMP, DONALD J.",REPUBLICAN,FALSE,360737,828305,0.435512281
2020,MAINE,ME,US PRESIDENT,"HAWKINS, HOWIE",GREEN,FALSE,8230,828305,0.009935954
2020,MAINE,ME,US PRESIDENT,"DE LA FUENTE, ROQUE """"ROCKY""""",ALLIANCE,FALSE,1183,828305,0.001428218
2020,MAINE,ME,US PRESIDENT,,,TRUE,87,828305,0.000105034
2020,MAINE,ME,US PRESIDENT,BLANK VOTES,,FALSE,8844,828305,0.010677226
2020,MARYLAND,MD,US PRESIDENT,"TRUMP, DONALD J.",REPUBLICAN,FALSE,976414,3037030,0.321502916
2020,MARYLAND,MD,US PRESIDENT,"BIDEN, JOSEPH R. JR",DEMOCRAT,FALSE,1985023,3037030,0.653606649
2020,MARYLAND,MD,US PRESIDENT,"JORGENSEN, JO",LIBERTARIAN,FALSE,33488,3037030,0.011026562
2020,MARYLAND,MD,US PRESIDENT,"HAWKINS, HOWIE",GREEN,FALSE,15799,3037030,0.005202122
2020,MARYLAND,MD,US PRESIDENT,"SEGAL, JEROME M.",BREAD AND ROSES,FALSE,5884,3037030,0.001937419
2020,MARYLAND,MD,US PRESIDENT,"BALL, DENNIS ANDREW",,TRUE,8,3037030,2.63415E-06
2020,MARYLAND,MD,US PRESIDENT,"BELLAR, BARBARA",,TRUE,23,3037030,7.57319E-06
2020,MARYLAND,MD,US PRESIDENT,"BODDIE, R. PRESIDENT",INDEPENDENT,TRUE,4,3037030,1.31708E-06
2020,MARYLAND,MD,US PRESIDENT,"CARROLL, BRIAN",AMERICAN SOLIDARITY PARTY,TRUE,795,3037030,0.000261769
2020,MARYLAND,MD,US PRESIDENT,"CELLA, TODD",INDEPENDENT,TRUE,11,3037030,3.62196E-06
2020,MARYLAND,MD,US PRESIDENT,"CHARLES, MARK",INDEPENDENT,TRUE,30,3037030,9.87807E-06
2020,MARYLAND,MD,US PRESIDENT,"COLLINS, PHIL",INDEPENDENT,TRUE,10,3037030,3.29269E-06
2020,MARYLAND,MD,US PRESIDENT,"DE LA FUENTE, ROQUE """"ROCKY""""",ALLIANCE,TRUE,26,3037030,8.561E-06
2020,MARYLAND,MD,US PRESIDENT,"HOEFLING, TOM",NON-AFFILIATED,TRUE,11,3037030,3.62196E-06
2020,MARYLAND,MD,US PRESIDENT,"HOWARD, SHAWN W.",,TRUE,20,3037030,6.58538E-06
2020,MARYLAND,MD,US PRESIDENT,"LEE, JOHNSON",,TRUE,1,3037030,3.29269E-07
2020,MARYLAND,MD,US PRESIDENT,"PIERCE, BROCK",INDEPENDENT,TRUE,16,3037030,5.2683E-06
2020,MARYLAND,MD,US PRESIDENT,"ROUSE, DEBORAH",,TRUE,6,3037030,1.97561E-06
2020,MARYLAND,MD,US PRESIDENT,"SHERRILL, PETER",,TRUE,3,3037030,9.87807E-07
2020,MARYLAND,MD,US PRESIDENT,"SIMMONS, JADE",BECOMING ONE NATION,TRUE,131,3037030,4.31342E-05
2020,MARYLAND,MD,US PRESIDENT,"WELLS, KASEY",NON-AFFILIATED,TRUE,5,3037030,1.64635E-06
2020,MARYLAND,MD,US PRESIDENT,"WEST, KANYE",THE BIRTHDAY PARTY,TRUE,1117,3037030,0.000367794
2020,MARYLAND,MD,US PRESIDENT,"LA RIVA, GLORIA ESTELLA",PARTY FOR SOCIALISM AND LIBERATION,TRUE,125,3037030,4.11586E-05
2020,MARYLAND,MD,US PRESIDENT,"RALEY, ALBERT",,NA,32,3037030,1.05366E-05
2020,MARYLAND,MD,US PRESIDENT,"SCHAWLB, BENJAMIN",,NA,3,3037030,9.87807E-07
2020,MARYLAND,MD,US PRESIDENT,,,NA,18045,3037030,0.00594166
2020,MASSACHUSETTS,MA,US PRESIDENT,"BIDEN, JOSEPH R. JR",DEMOCRAT,FALSE,2382202,3658005,0.651229837
2020,MASSACHUSETTS,MA,US PRESIDENT,"TRUMP, DONALD J.",REPUBLICAN,FALSE,1167202,3658005,0.319081576
2020,MASSACHUSETTS,MA,US PRESIDENT,"JORGENSEN, JO",LIBERTARIAN,FALSE,47013,3658005,0.012852087
2020,MASSACHUSETTS,MA,US PRESIDENT,"HAWKINS, HOWIE",GREEN-RAINBOW,FALSE,18658,3658005,0.005100594
2020,MASSACHUSETTS,MA,US PRESIDENT,BLANK VOTES,,FALSE,26603,3658005,0.007272543
2020,MASSACHUSETTS,MA,US PRESIDENT,,,TRUE,16327,3658005,0.004463362
2020,MICHIGAN,MI,US PRESIDENT,"BIDEN, JOSEPH R. JR",DEMOCRAT,FALSE,2804040,5539302,0.506208183
2020,MICHIGAN,MI,US PRESIDENT,"TRUMP, DONALD J.",REPUBLICAN,FALSE,2649852,5539302,0.478372907
2020,MICHIGAN,MI,US PRESIDENT,"JORGENSEN, JO",LIBERTARIAN,FALSE,60381,5539302,0.010900471
2020,MICHIGAN,MI,US PRESIDENT,"BLANKENSHIP, DON",US TAXPAYERS PARTY,FALSE,7235,5539302,0.001306121
2020,MICHIGAN,MI,US PRESIDENT,"HAWKINS, HOWIE",GREEN,FALSE,13718,5539302,0.002476485
2020,MICHIGAN,MI,US PRESIDENT,"DE LA FUENTE, ROQUE """"ROCKY""""",NATURAL LAW,FALSE,2986,5539302,0.000539057
2020,MICHIGAN,MI,US PRESIDENT,"CARROLL, BRIAN",AMERICAN SOLIDARITY PARTY,TRUE,963,5539302,0.000173849
2020,MICHIGAN,MI,US PRESIDENT,"HOEFLING, TOM",,TRUE,32,5539302,5.7769E-06
2020,MICHIGAN,MI,US PRESIDENT,"HUNTER, TARA RENEE",,TRUE,1,5539302,1.80528E-07
2020,MICHIGAN,MI,US PRESIDENT,"SIMMONS, JADE",BECOMING ONE NATION,TRUE,89,5539302,1.6067E-05
2020,MICHIGAN,MI,US PRESIDENT,"WELLS, KASEY",NON-AFFILIATED,TRUE,5,5539302,9.02641E-07
2020,MINNESOTA,MN,US PRESIDENT,"TRUMP, DONALD J.",REPUBLICAN,FALSE,1484065,3277171,0.452849424
2020,MINNESOTA,MN,US PRESIDENT,"BIDEN, JOSEPH R. JR",DEMOCRAT,FALSE,1717077,3277171,0.523950993
2020,MINNESOTA,MN,US PRESIDENT,"DE LA FUENTE, ROQUE """"ROCKY""""",ALLIANCE,FALSE,5611,3277171,0.001712147
2020,MINNESOTA,MN,US PRESIDENT,"HAWKINS, HOWIE",GREEN,FALSE,10033,3277171,0.003061482
2020,MINNESOTA,MN,US PRESIDENT,"WEST, KANYE",INDEPENDENT,FALSE,7940,3277171,0.002422821
2020,MINNESOTA,MN,US PRESIDENT,"PIERCE, BROCK",INDEPENDENT,FALSE,5651,3277171,0.001724353
2020,MINNESOTA,MN,US PRESIDENT,"LA RIVA, GLORIA ESTELLA",PARTY FOR SOCIALISM AND LIBERATION,FALSE,1210,3277171,0.000369221
2020,MINNESOTA,MN,US PRESIDENT,"KENNEDY, ALYSON",SOCIALIST WORKERS PARTY,FALSE,643,3277171,0.000196206
2020,MINNESOTA,MN,US PRESIDENT,"JORGENSEN, JO",LIBERTARIAN,FALSE,34976,3277171,0.01067262
2020,MINNESOTA,MN,US PRESIDENT,,,TRUE,9965,3277171,0.003040732
2020,MISSISSIPPI,MS,US PRESIDENT,"BIDEN, JOSEPH R. JR",DEMOCRAT,FALSE,539398,1313759,0.410576065
2020,MISSISSIPPI,MS,US PRESIDENT,"TRUMP, DONALD J.",REPUBLICAN,FALSE,756764,1313759,0.576029546
2020,MISSISSIPPI,MS,US PRESIDENT,"BLANKENSHIP, DON",CONSTITUTION PARTY,FALSE,1279,1313759,0.000973542
2020,MISSISSIPPI,MS,US PRESIDENT,"CARROLL, BRIAN",AMERICAN SOLIDARITY PARTY,FALSE,1161,1313759,0.000883724
2020,MISSISSIPPI,MS,US PRESIDENT,"COLLINS, PHIL",INDEPENDENT,FALSE,1317,1313759,0.001002467
2020,MISSISSIPPI,MS,US PRESIDENT,"HAWKINS, HOWIE",GREEN,FALSE,1498,1313759,0.00114024
2020,MISSISSIPPI,MS,US PRESIDENT,"JORGENSEN, JO",LIBERTARIAN,FALSE,8026,1313759,0.006109187
2020,MISSISSIPPI,MS,US PRESIDENT,"PIERCE, BROCK",INDEPENDENT,FALSE,659,1313759,0.000501614
2020,MISSISSIPPI,MS,US PRESIDENT,"WEST, KANYE",INDEPENDENT,FALSE,3657,1313759,0.002783616
2020,MISSOURI,MO,US PRESIDENT,"TRUMP, DONALD J.",REPUBLICAN,FALSE,1718736,3025962,0.567996558
2020,MISSOURI,MO,US PRESIDENT,"BIDEN, JOSEPH R. JR",DEMOCRAT,FALSE,1253014,3025962,0.414087817
2020,MISSOURI,MO,US PRESIDENT,"JORGENSEN, JO",LIBERTARIAN,FALSE,41205,3025962,0.013617157
2020,MISSOURI,MO,US PRESIDENT,"HAWKINS, HOWIE",GREEN,FALSE,8283,3025962,0.002737311
2020,MISSOURI,MO,US PRESIDENT,"BLANKENSHIP, DON",CONSTITUTION PARTY,FALSE,3919,3025962,0.001295125
2020,MISSOURI,MO,US PRESIDENT,,,TRUE,0,3025962,0
2020,MISSOURI,MO,US PRESIDENT,"WELLS, KASEY",NON-AFFILIATED,TRUE,3,3025962,9.9142E-07
2020,MISSOURI,MO,US PRESIDENT,"SIMMONS, JADE",BECOMING ONE NATION,TRUE,74,3025962,2.4455E-05
2020,MISSOURI,MO,US PRESIDENT,"CARROLL, BRIAN",AMERICAN SOLIDARITY PARTY,TRUE,664,3025962,0.000219434
2020,MISSOURI,MO,US PRESIDENT,"LA RIVA, GLORIA ESTELLA",PARTY FOR SOCIALISM AND LIBERATION,TRUE,64,3025962,2.11503E-05
2020,MONTANA,MT,US PRESIDENT,"JORGENSEN, JO",LIBERTARIAN,FALSE,15252,603674,0.025265292
2020,MONTANA,MT,US PRESIDENT,"TRUMP, DONALD J.",REPUBLICAN,FALSE,343602,603674,0.569184692
2020,MONTANA,MT,US PRESIDENT,"BIDEN, JOSEPH R. JR",DEMOCRAT,FALSE,244786,603674,0.405493694
2020,MONTANA,MT,US PRESIDENT,"BELLAR, BARBARA",,TRUE,2,603674,3.31305E-06
2020,MONTANA,MT,US PRESIDENT,"SIMMONS, JADE",BECOMING ONE NATION,TRUE,6,603674,9.93914E-06
2020,MONTANA,MT,US PRESIDENT,"CHARLES, MARK",INDEPENDENT,TRUE,23,603674,3.81E-05
2020,MONTANA,MT,US PRESIDENT,"HOEFLING, TOM",,TRUE,3,603674,4.96957E-06
2020,NEBRASKA,NE,US PRESIDENT,"TRUMP, DONALD J.",REPUBLICAN,FALSE,556846,956383,0.582241633
2020,NEBRASKA,NE,US PRESIDENT,"BIDEN, JOSEPH R. JR",DEMOCRAT,FALSE,374583,956383,0.391666309
2020,NEBRASKA,NE,US PRESIDENT,"JORGENSEN, JO",LIBERTARIAN,FALSE,20283,956383,0.021208031
2020,NEBRASKA,NE,US PRESIDENT,,,TRUE,4671,956383,0.004884027
2020,NEVADA,NV,US PRESIDENT,"JORGENSEN, JO",LIBERTARIAN,FALSE,14783,1405376,0.010518893
2020,NEVADA,NV,US PRESIDENT,"TRUMP, DONALD J.",REPUBLICAN,FALSE,669890,1405376,0.476662473
2020,NEVADA,NV,US PRESIDENT,"BIDEN, JOSEPH R. JR",DEMOCRAT,FALSE,703486,1405376,0.50056782
2020,NEVADA,NV,US PRESIDENT,"BLANKENSHIP, DON",INDEPENDENT AMERICAN PARTY,FALSE,3138,1405376,0.002232854
2020,NEVADA,NV,US PRESIDENT,,,TRUE,14079,1405376,0.01001796
2020,NEW HAMPSHIRE,NH,US PRESIDENT,"JORGENSEN, JO",LIBERTARIAN,FALSE,13235,806182,0.016416888
2020,NEW HAMPSHIRE,NH,US PRESIDENT,"TRUMP, DONALD J.",REPUBLICAN,FALSE,365654,806182,0.453562595
2020,NEW HAMPSHIRE,NH,US PRESIDENT,"BIDEN, JOSEPH R. JR",DEMOCRAT,FALSE,424921,806182,0.527078253
2020,NEW HAMPSHIRE,NH,US PRESIDENT,"BUTTIGIEG, PETE",,TRUE,47,806182,5.82995E-05
2020,NEW HAMPSHIRE,NH,US PRESIDENT,"CUOMO, ANDREW",,TRUE,14,806182,1.73658E-05
2020,NEW HAMPSHIRE,NH,US PRESIDENT,"GABBARD, TULSI",,TRUE,142,806182,0.000176139
2020,NEW HAMPSHIRE,NH,US PRESIDENT,"HAWKINS, HOWIE",GREEN,TRUE,217,806182,0.00026917
2020,NEW HAMPSHIRE,NH,US PRESIDENT,"HUCKABEE, MIKE",,TRUE,10,806182,1.24041E-05
2020,NEW HAMPSHIRE,NH,US PRESIDENT,"KASICH, JOHN",,TRUE,67,806182,8.31078E-05
2020,NEW HAMPSHIRE,NH,US PRESIDENT,"KLOBUCHAR, AMY",,TRUE,19,806182,2.35679E-05
2020,NEW HAMPSHIRE,NH,US PRESIDENT,"OBAMA, MICHELLE",,TRUE,10,806182,1.24041E-05
2020,NEW HAMPSHIRE,NH,US PRESIDENT,"PAUL, RON",,TRUE,13,806182,1.61254E-05
2020,NEW HAMPSHIRE,NH,US PRESIDENT,"PENCE, MIKE",,TRUE,56,806182,6.94632E-05
2020,NEW HAMPSHIRE,NH,US PRESIDENT,"RICE, CONDOLEEZA",,TRUE,12,806182,1.4885E-05
2020,NEW HAMPSHIRE,NH,US PRESIDENT,"ROMNEY, MITT",,TRUE,170,806182,0.00021087
2020,NEW HAMPSHIRE,NH,US PRESIDENT,"SANDERS, BERNIE",,TRUE,192,806182,0.00023816
2020,NEW HAMPSHIRE,NH,US PRESIDENT,"SHAHEEN, JEANNE",,TRUE,14,806182,1.73658E-05
2020,NEW HAMPSHIRE,NH,US PRESIDENT,"SUNUNU, CHRIS",,TRUE,46,806182,5.70591E-05
2020,NEW HAMPSHIRE,NH,US PRESIDENT,"SUPREME, VERMIN",,TRUE,22,806182,2.72891E-05
2020,NEW HAMPSHIRE,NH,US PRESIDENT,"WELD, BILL",,TRUE,23,806182,2.85295E-05
2020,NEW HAMPSHIRE,NH,US PRESIDENT,"WEST, KANYE",,TRUE,82,806182,0.000101714
2020,NEW HAMPSHIRE,NH,US PRESIDENT,"YANG, ANDREW",,TRUE,58,806182,7.19441E-05
2020,NEW HAMPSHIRE,NH,US PRESIDENT,,,TRUE,1158,806182,0.0014364
2020,NEW JERSEY,NJ,US PRESIDENT,"TRUMP, DONALD J.",REPUBLICAN,FALSE,1883274,4549353,0.413965239
2020,NEW JERSEY,NJ,US PRESIDENT,"BIDEN, JOSEPH R. JR",DEMOCRAT,FALSE,2608335,4549353,0.573341968
2020,NEW JERSEY,NJ,US PRESIDENT,"JORGENSEN, JO",LIBERTARIAN,FALSE,31677,4549353,0.006962968
2020,NEW JERSEY,NJ,US PRESIDENT,"HAWKINS, HOWIE",GREEN,FALSE,14202,4549353,0.003121763
2020,NEW JERSEY,NJ,US PRESIDENT,"HAMMONS, BILL",UNITY PARTY,FALSE,3255,4549353,0.000715486
2020,NEW JERSEY,NJ,US PRESIDENT,"BLANKENSHIP, DON",CONSTITUTION PARTY,FALSE,2954,4549353,0.000649323
2020,NEW JERSEY,NJ,US PRESIDENT,"LA RIVA, GLORIA ESTELLA",PARTY FOR SOCIALISM AND LIBERATION,FALSE,2928,4549353,0.000643608
2020,NEW JERSEY,NJ,US PRESIDENT,"DE LA FUENTE, ROQUE """"ROCKY""""",ALLIANCE,FALSE,2728,4549353,0.000599646
2020,NEW MEXICO,NM,US PRESIDENT,"HAWKINS, HOWIE",GREEN,FALSE,4426,923965,0.004790225
2020,NEW MEXICO,NM,US PRESIDENT,"JORGENSEN, JO",LIBERTARIAN,FALSE,12585,923965,0.013620646
2020,NEW MEXICO,NM,US PRESIDENT,"BIDEN, JOSEPH R. JR",DEMOCRAT,FALSE,501614,923965,0.542892858
2020,NEW MEXICO,NM,US PRESIDENT,"TITTLE, SHEILA ""SAMM""",CONSTITUTION PARTY,FALSE,1806,923965,0.001954619
2020,NEW MEXICO,NM,US PRESIDENT,"TRUMP, DONALD J.",REPUBLICAN,FALSE,401894,923965,0.434966692
2020,NEW MEXICO,NM,US PRESIDENT,"LA RIVA, GLORIA ESTELLA",PARTY FOR SOCIALISM AND LIBERATION,FALSE,1640,923965,0.001774959
2020,NEW YORK,NY,US PRESIDENT,"BIDEN, JOSEPH R. JR",DEMOCRAT,FALSE,5230985,8661735,0.603918845
2020,NEW YORK,NY,US PRESIDENT,"TRUMP, DONALD J.",REPUBLICAN,FALSE,3244798,8661735,0.374612938
2020,NEW YORK,NY,US PRESIDENT,"HAWKINS, HOWIE",GREEN,FALSE,32753,8661735,0.003781344
2020,NEW YORK,NY,US PRESIDENT,"JORGENSEN, JO",LIBERTARIAN,FALSE,60234,8661735,0.006954034
2020,NEW YORK,NY,US PRESIDENT,"PIERCE, BROCK",INDEPENDENT,FALSE,22587,8661735,0.002607676
2020,NEW YORK,NY,US PRESIDENT,"CARROLL, BRIAN",AMERICAN SOLIDARITY PARTY,TRUE,805,8661735,9.29375E-05
2020,NEW YORK,NY,US PRESIDENT,"LA RIVA, GLORIA ESTELLA",PARTY FOR SOCIALISM AND LIBERATION,TRUE,376,8661735,4.34093E-05
2020,NEW YORK,NY,US PRESIDENT,"WELLS, KASEY",INDEPENDENT,TRUE,3,8661735,3.46351E-07
2020,NEW YORK,NY,US PRESIDENT,"MANIMAS, JOHN",,TRUE,2,8661735,2.30901E-07
2020,NEW YORK,NY,US PRESIDENT,"HOWARD, SHAWN W.",,TRUE,6,8661735,6.92702E-07
2020,NEW YORK,NY,US PRESIDENT,"COLLINS, PHIL",PROHIBITION PARTY,TRUE,9,8661735,1.03905E-06
2020,NEW YORK,NY,US PRESIDENT,"HODGES, PAUL",,TRUE,13,8661735,1.50085E-06
2020,NEW YORK,NY,US PRESIDENT,"SIMMONS, JADE",BECOMING ONE NATION,TRUE,155,8661735,1.78948E-05
2020,NEW YORK,NY,US PRESIDENT,"DE LA FUENTE, ROQUE """"ROCKY""""",ALLIANCE,TRUE,20,8661735,2.30901E-06
2020,NEW YORK,NY,US PRESIDENT,"KISHORE, JOSEPH",INDEPENDENT,TRUE,28,8661735,3.23261E-06
2020,NEW YORK,NY,US PRESIDENT,"MARTIN, DAVID A.",,TRUE,3,8661735,3.46351E-07
2020,NEW YORK,NY,US PRESIDENT,"WEST, KANYE",THE BIRTHDAY PARTY,TRUE,1897,8661735,0.000219009
2020,NEW YORK,NY,US PRESIDENT,"BLANKENSHIP, DON",CONSTITUTION PARTY,TRUE,43,8661735,4.96436E-06
2020,NEW YORK,NY,US PRESIDENT,"BELLAR, BARBARA",,TRUE,2,8661735,2.30901E-07
2020,NEW YORK,NY,US PRESIDENT,"CHARLES, MARK",INDEPENDENT,TRUE,98,8661735,1.13141E-05
2020,NEW YORK,NY,US PRESIDENT,"HUNTER, DARIO",,TRUE,8,8661735,9.23602E-07
2020,NEW YORK,NY,US PRESIDENT,"MONTANYE, RICHARD CHARLES",,TRUE,1,8661735,1.1545E-07
2020,NEW YORK,NY,US PRESIDENT,BLANK VOTES,,FALSE,43541,8661735,0.005026822
2020,NEW YORK,NY,US PRESIDENT,VOID,,FALSE,23368,8661735,0.002697843
2020,NORTH CAROLINA,NC,US PRESIDENT,"TRUMP, DONALD J.",REPUBLICAN,FALSE,2758773,5524802,0.499343325
2020,NORTH CAROLINA,NC,US PRESIDENT,"BIDEN, JOSEPH R. JR",DEMOCRAT,FALSE,2684292,5524802,0.485862118
2020,NORTH CAROLINA,NC,US PRESIDENT,"JORGENSEN, JO",LIBERTARIAN,FALSE,48678,5524802,0.008810813
2020,NORTH CAROLINA,NC,US PRESIDENT,"HAWKINS, HOWIE",GREEN,FALSE,12195,5524802,0.002207319
2020,NORTH CAROLINA,NC,US PRESIDENT,"BLANKENSHIP, DON",CONSTITUTION PARTY,FALSE,7549,5524802,0.001366384
2020,NORTH CAROLINA,NC,US PRESIDENT,"SIMMONS, JADE",BECOMING ONE NATION,TRUE,119,5524802,2.15392E-05
2020,NORTH CAROLINA,NC,US PRESIDENT,,,TRUE,13196,5524802,0.002388502
2020,NORTH DAKOTA,ND,US PRESIDENT,"TRUMP, DONALD J.",REPUBLICAN,FALSE,235595,361819,0.651140487
2020,NORTH DAKOTA,ND,US PRESIDENT,"BIDEN, JOSEPH R. JR",DEMOCRAT,FALSE,114902,361819,0.317567624
2020,NORTH DAKOTA,ND,US PRESIDENT,"JORGENSEN, JO",LIBERTARIAN,FALSE,9393,361819,0.025960494
2020,NORTH DAKOTA,ND,US PRESIDENT,,,TRUE,1929,361819,0.005331395
2020,OHIO,OH,US PRESIDENT,"TRUMP, DONALD J.",REPUBLICAN,FALSE,3154834,5922202,0.532713001
2020,OHIO,OH,US PRESIDENT,"BIDEN, JOSEPH R. JR",DEMOCRAT,FALSE,2679165,5922202,0.452393383
2020,OHIO,OH,US PRESIDENT,"JORGENSEN, JO",LIBERTARIAN,FALSE,67569,5922202,0.011409439
2020,OHIO,OH,US PRESIDENT,"BODDIE, R. PRESIDENT",INDEPENDENT,TRUE,3,5922202,5.06568E-07
2020,OHIO,OH,US PRESIDENT,"CARROLL, BRIAN",AMERICAN SOLIDARITY PARTY,TRUE,1450,5922202,0.000244841
2020,OHIO,OH,US PRESIDENT,"HAWKINS, HOWIE",GREEN,FALSE,18812,5922202,0.003176521
2020,OHIO,OH,US PRESIDENT,"HOEFLING, TOM",,TRUE,114,5922202,1.92496E-05
2020,OHIO,OH,US PRESIDENT,"HUNTER, DARIO",,TRUE,27,5922202,4.55912E-06
2020,OHIO,OH,US PRESIDENT,"SIMMONS, JADE",BECOMING ONE NATION,TRUE,212,5922202,3.57975E-05
2020,OHIO,OH,US PRESIDENT,"WELLS, KASEY",INDEPENDENT,TRUE,16,5922202,2.7017E-06
2020,OKLAHOMA,OK,US PRESIDENT,"TRUMP, DONALD J.",REPUBLICAN,FALSE,1020280,1560699,0.653732718
2020,OKLAHOMA,OK,US PRESIDENT,"BIDEN, JOSEPH R. JR",DEMOCRAT,FALSE,503890,1560699,0.322861743
2020,OKLAHOMA,OK,US PRESIDENT,"JORGENSEN, JO",LIBERTARIAN,FALSE,24731,1560699,0.015846105
2020,OKLAHOMA,OK,US PRESIDENT,"SIMMONS, JADE",INDEPENDENT,FALSE,3654,1560699,0.002341259
2020,OKLAHOMA,OK,US PRESIDENT,"WEST, KANYE",INDEPENDENT,FALSE,5597,1560699,0.003586214
2020,OKLAHOMA,OK,US PRESIDENT,"PIERCE, BROCK",INDEPENDENT,FALSE,2547,1560699,0.001631961
2020,OREGON,OR,US PRESIDENT,"TRUMP, DONALD J.",REPUBLICAN,FALSE,958448,2374321,0.40367246
2020,OREGON,OR,US PRESIDENT,"BIDEN, JOSEPH R. JR",DEMOCRAT,FALSE,1340383,2374321,0.564533187
2020,OREGON,OR,US PRESIDENT,"JORGENSEN, JO",LIBERTARIAN,FALSE,41582,2374321,0.017513217
2020,OREGON,OR,US PRESIDENT,"HAWKINS, HOWIE",PACIFIC GREEN,FALSE,11831,2374321,0.004982898
2020,OREGON,OR,US PRESIDENT,"HUNTER, DARIO",PROGRESSIVE PARTY,FALSE,4988,2374321,0.002100811
2020,OREGON,OR,US PRESIDENT,,,TRUE,17089,2374321,0.007197426
2020,PENNSYLVANIA,PA,US PRESIDENT,"TRUMP, DONALD J.",REPUBLICAN,FALSE,3377674,6915283,0.48843612
2020,PENNSYLVANIA,PA,US PRESIDENT,"BIDEN, JOSEPH R. JR",DEMOCRAT,FALSE,3458229,6915283,0.500084957
2020,PENNSYLVANIA,PA,US PRESIDENT,"JORGENSEN, JO",LIBERTARIAN,FALSE,79380,6915283,0.011478923
2020,RHODE ISLAND,RI,US PRESIDENT,"BIDEN, JOSEPH R. JR",DEMOCRAT,FALSE,307486,516990,0.594761988
2020,RHODE ISLAND,RI,US PRESIDENT,"TRUMP, DONALD J.",REPUBLICAN,FALSE,199922,516990,0.386703805
2020,RHODE ISLAND,RI,US PRESIDENT,"JORGENSEN, JO",LIBERTARIAN,FALSE,5053,516990,0.009773883
2020,RHODE ISLAND,RI,US PRESIDENT,,,TRUE,2759,516990,0.00533666
2020,RHODE ISLAND,RI,US PRESIDENT,"DE LA FUENTE, ROQUE """"ROCKY""""",ALLIANCE,FALSE,923,516990,0.001785334
2020,RHODE ISLAND,RI,US PRESIDENT,"LA RIVA, GLORIA ESTELLA",PARTY FOR SOCIALISM AND LIBERATION,FALSE,847,516990,0.00163833
2020,SOUTH CAROLINA,SC,US PRESIDENT,"CARROLL, BRIAN",AMERICAN SOLIDARITY PARTY,FALSE,767,2514096,0.00030508
2020,SOUTH CAROLINA,SC,US PRESIDENT,"HAWKINS, HOWIE",GREEN,FALSE,6907,2514096,0.00274731
2020,SOUTH CAROLINA,SC,US PRESIDENT,"TRUMP, DONALD J.",REPUBLICAN,FALSE,1385103,2514096,0.550934809
2020,SOUTH CAROLINA,SC,US PRESIDENT,"DE LA FUENTE, ROQUE """"ROCKY""""",ALLIANCE,FALSE,1862,2514096,0.000740624
2020,SOUTH CAROLINA,SC,US PRESIDENT,"JORGENSEN, JO",LIBERTARIAN,FALSE,27916,2514096,0.011103792
2020,SOUTH CAROLINA,SC,US PRESIDENT,"BIDEN, JOSEPH R. JR",DEMOCRAT,FALSE,1091541,2514096,0.434168385
2020,SOUTH DAKOTA,SD,US PRESIDENT,"TRUMP, DONALD J.",REPUBLICAN,FALSE,261043,422609,0.617693897
2020,SOUTH DAKOTA,SD,US PRESIDENT,"BIDEN, JOSEPH R. JR",DEMOCRAT,FALSE,150471,422609,0.356052521
2020,SOUTH DAKOTA,SD,US PRESIDENT,"JORGENSEN, JO",LIBERTARIAN,FALSE,11095,422609,0.026253582
2020,TENNESSEE,TN,US PRESIDENT,"TRUMP, DONALD J.",REPUBLICAN,FALSE,1852475,3053851,0.606602942
2020,TENNESSEE,TN,US PRESIDENT,"BIDEN, JOSEPH R. JR",DEMOCRAT,FALSE,1143711,3053851,0.374514343
2020,TENNESSEE,TN,US PRESIDENT,"BLANKENSHIP, DON",INDEPENDENT,FALSE,5365,3053851,0.001756798
2020,TENNESSEE,TN,US PRESIDENT,"DE LA FUENTE, ROQUE """"ROCKY""""",INDEPENDENT,FALSE,1860,3053851,0.000609067
2020,TENNESSEE,TN,US PRESIDENT,"HAWKINS, HOWIE",INDEPENDENT,FALSE,4545,3053851,0.001488285
2020,TENNESSEE,TN,US PRESIDENT,"JORGENSEN, JO",INDEPENDENT,FALSE,29877,3053851,0.009783385
2020,TENNESSEE,TN,US PRESIDENT,"KENNEDY, ALYSON",INDEPENDENT,FALSE,2576,3053851,0.000843525
2020,TENNESSEE,TN,US PRESIDENT,"LA RIVA, GLORIA ESTELLA",INDEPENDENT,FALSE,2301,3053851,0.000753475
2020,TENNESSEE,TN,US PRESIDENT,"WEST, KANYE",INDEPENDENT,FALSE,10279,3053851,0.003365914
2020,TENNESSEE,TN,US PRESIDENT,"BODDIE, R. PRESIDENT",INDEPENDENT,TRUE,1,3053851,3.27455E-07
2020,TENNESSEE,TN,US PRESIDENT,"CARROLL, BRIAN",AMERICAN SOLIDARITY PARTY,TRUE,762,3053851,0.000249521
2020,TENNESSEE,TN,US PRESIDENT,"HOEFLING, TOM",,TRUE,31,3053851,1.01511E-05
2020,TENNESSEE,TN,US PRESIDENT,"SIMMONS, JADE",BECOMING ONE NATION,TRUE,68,3053851,2.2267E-05
2020,TEXAS,TX,US PRESIDENT,"TRUMP, DONALD J.",REPUBLICAN,FALSE,5890347,11315056,0.520576036
2020,TEXAS,TX,US PRESIDENT,"BIDEN, JOSEPH R. JR",DEMOCRAT,FALSE,5259126,11315056,0.464790099
2020,TEXAS,TX,US PRESIDENT,"JORGENSEN, JO",LIBERTARIAN,FALSE,126243,11315056,0.011157081
2020,TEXAS,TX,US PRESIDENT,"HAWKINS, HOWIE",GREEN,FALSE,33396,11315056,0.002951466
2020,TEXAS,TX,US PRESIDENT,"BODDIE, R. PRESIDENT",INDEPENDENT,TRUE,2012,11315056,0.000177816
2020,TEXAS,TX,US PRESIDENT,"CARROLL, BRIAN",AMERICAN SOLIDARITY PARTY,TRUE,2785,11315056,0.000246132
2020,TEXAS,TX,US PRESIDENT,"CELLA, TODD",INDEPENDENT,TRUE,205,11315056,1.81175E-05
2020,TEXAS,TX,US PRESIDENT,"CUELLAR, JESSE",,TRUE,49,11315056,4.33051E-06
2020,TEXAS,TX,US PRESIDENT,"HOEFLING, TOM",,TRUE,337,11315056,2.97833E-05
2020,TEXAS,TX,US PRESIDENT,"LA RIVA, GLORIA ESTELLA",PARTY FOR SOCIALISM AND LIBERATION,TRUE,350,11315056,3.09322E-05
2020,TEXAS,TX,US PRESIDENT,"LOEB, ABRAM",,TRUE,36,11315056,3.1816E-06
2020,TEXAS,TX,US PRESIDENT,"MORROW, ROBERT",,TRUE,56,11315056,4.94916E-06
2020,TEXAS,TX,US PRESIDENT,"WELLS, KASEY",INDEPENDENT,TRUE,114,11315056,1.00751E-05
2020,UTAH,UT,US PRESIDENT,"PIERCE, BROCK",INDEPENDENT,TRUE,2623,1488289,0.001762427
2020,UTAH,UT,US PRESIDENT,"WEST, KANYE",THE BIRTHDAY PARTY,TRUE,7213,1488289,0.004846505
2020,UTAH,UT,US PRESIDENT,"BIDEN, JOSEPH R. JR",DEMOCRAT,FALSE,560282,1488289,0.376460486
2020,UTAH,UT,US PRESIDENT,"BLANKENSHIP, DON",CONSTITUTION PARTY,FALSE,5551,1488289,0.003729786
2020,UTAH,UT,US PRESIDENT,"JORGENSEN, JO",LIBERTARIAN,FALSE,38447,1488289,0.02583302
2020,UTAH,UT,US PRESIDENT,"MCHUGH, JOE",,TRUE,2229,1488289,0.001497693
2020,UTAH,UT,US PRESIDENT,"HAWKINS, HOWIE",GREEN,FALSE,5053,1488289,0.003395174
2020,UTAH,UT,US PRESIDENT,"LA RIVA, GLORIA ESTELLA",PARTY FOR SOCIALISM AND LIBERATION,TRUE,1139,1488289,0.000765308
2020,UTAH,UT,US PRESIDENT,"TRUMP, DONALD J.",REPUBLICAN,FALSE,865140,1488289,0.58129839
2020,UTAH,UT,US PRESIDENT,"CARROLL, BRIAN",AMERICAN SOLIDARITY PARTY,TRUE,368,1488289,0.000247264
2020,UTAH,UT,US PRESIDENT,"HOEFLING, TOM",,TRUE,51,1488289,3.42675E-05
2020,UTAH,UT,US PRESIDENT,"SIMMONS, JADE",BECOMING ONE NATION,TRUE,186,1488289,0.000124976
2020,UTAH,UT,US PRESIDENT,"FORBES, KATHERINE",,TRUE,1,1488289,6.71913E-07
2020,UTAH,UT,US PRESIDENT,"BODDIE, R. PRESIDENT",INDEPENDENT,TRUE,6,1488289,4.03148E-06
2020,VERMONT,VT,US PRESIDENT,"BIDEN, JOSEPH R. JR",DEMOCRAT,FALSE,242820,370968,0.654557806
2020,VERMONT,VT,US PRESIDENT,"TRUMP, DONALD J.",REPUBLICAN,FALSE,112704,370968,0.303810571
2020,VERMONT,VT,US PRESIDENT,"JORGENSEN, JO",LIBERTARIAN,FALSE,3608,370968,0.009725906
2020,VERMONT,VT,US PRESIDENT,"HAWKINS, HOWIE",GREEN,FALSE,1310,370968,0.003531302
2020,VERMONT,VT,US PRESIDENT,"WEST, KANYE",INDEPENDENT,FALSE,1269,370968,0.00342078
2020,VERMONT,VT,US PRESIDENT,"PAIGE, BROOKE H.",GRUMPY OLD PATRIOTS,FALSE,1175,370968,0.003167389
2020,VERMONT,VT,US PRESIDENT,"LAFONTAINE, CHRISTOPHER",INDEPENDENT,FALSE,856,370968,0.002307477
2020,VERMONT,VT,US PRESIDENT,"DUNCAN, RICHARD",INDEPENDENT,FALSE,213,370968,0.000574174
2020,VERMONT,VT,US PRESIDENT,"CARROLL, BRIAN",AMERICAN SOLIDARITY,FALSE,209,370968,0.000563391
2020,VERMONT,VT,US PRESIDENT,"BLANKENSHIP, DON",CONSTITUTION,FALSE,208,370968,0.000560695
2020,VERMONT,VT,US PRESIDENT,"KENNEDY, ALYSON",SOCIALIST WORKERS,FALSE,195,370968,0.000525652
2020,VERMONT,VT,US PRESIDENT,"LA RIVA, GLORIA ESTELLA",LIBERTY UNION,FALSE,166,370968,0.000447478
2020,VERMONT,VT,US PRESIDENT,"SWING, GARY",BOILING FROG,FALSE,141,370968,0.000380087
2020,VERMONT,VT,US PRESIDENT,"COLLINS, PHIL",PROHIBITION,FALSE,137,370968,0.000369304
2020,VERMONT,VT,US PRESIDENT,"MCCORMIC, KEITH",BULL MOOSE,FALSE,126,370968,0.000339652
2020,VERMONT,VT,US PRESIDENT,"PIERCE, BROCK",UNAFFILIATED,FALSE,100,370968,0.000269565
2020,VERMONT,VT,US PRESIDENT,"SEGAL, JEROME M.",BREAD AND ROSES,FALSE,65,370968,0.000175217
2020,VERMONT,VT,US PRESIDENT,"HUBER, BLAKE",APPROVAL VOTING,FALSE,54,370968,0.000145565
2020,VERMONT,VT,US PRESIDENT,"KOPITKE, KYLE KENLEY",INDEPENDENT,FALSE,53,370968,0.000142869
2020,VERMONT,VT,US PRESIDENT,"DE LA FUENTE, ROQUE """"ROCKY""""",ALLIANCE,FALSE,48,370968,0.000129391
2020,VERMONT,VT,US PRESIDENT,,,TRUE,1942,370968,0.005234953
2020,VERMONT,VT,US PRESIDENT,OVERVOTES,,FALSE,278,370968,0.000749391
2020,VERMONT,VT,US PRESIDENT,BLANK VOTES,,FALSE,3262,370968,0.008793211
2020,VERMONT,VT,US PRESIDENT,"SCALF, ZACHARY",INDEPENDENT,FALSE,29,370968,7.81739E-05
2020,VIRGINIA,VA,US PRESIDENT,"BIDEN, JOSEPH R. JR",DEMOCRAT,FALSE,2413568,4460524,0.541095172
2020,VIRGINIA,VA,US PRESIDENT,"TRUMP, DONALD J.",REPUBLICAN,FALSE,1962430,4460524,0.439955037
2020,VIRGINIA,VA,US PRESIDENT,"JORGENSEN, JO",LIBERTARIAN,FALSE,64761,4460524,0.014518698
2020,VIRGINIA,VA,US PRESIDENT,,,TRUE,19765,4460524,0.004431094
2020,WASHINGTON,WA,US PRESIDENT,"BIDEN, JOSEPH R. JR",DEMOCRAT,FALSE,2369612,4087631,0.579703011
2020,WASHINGTON,WA,US PRESIDENT,"TRUMP, DONALD J.",REPUBLICAN,FALSE,1584651,4087631,0.387669777
2020,WASHINGTON,WA,US PRESIDENT,"JORGENSEN, JO",LIBERTARIAN,FALSE,80500,4087631,0.019693558
2020,WASHINGTON,WA,US PRESIDENT,"HAWKINS, HOWIE",GREEN,FALSE,18289,4087631,0.00447423
2020,WASHINGTON,WA,US PRESIDENT,"LA RIVA, GLORIA ESTELLA",PARTY FOR SOCIALISM AND LIBERATION,FALSE,4840,4087631,0.00118406
2020,WASHINGTON,WA,US PRESIDENT,"KENNEDY, ALYSON",SOCIALIST WORKERS PARTY,FALSE,2487,4087631,0.000608421
2020,WASHINGTON,WA,US PRESIDENT,,,TRUE,27252,4087631,0.006666942
2020,WEST VIRGINIA,WV,US PRESIDENT,"BIDEN, JOSEPH R. JR",DEMOCRAT,FALSE,235984,794652,0.296965212
2020,WEST VIRGINIA,WV,US PRESIDENT,"TRUMP, DONALD J.",REPUBLICAN,FALSE,545382,794652,0.686315519
2020,WEST VIRGINIA,WV,US PRESIDENT,"JORGENSEN, JO",LIBERTARIAN,FALSE,10687,794652,0.013448654
2020,WEST VIRGINIA,WV,US PRESIDENT,"HAWKINS, HOWIE",GREEN,FALSE,2599,794652,0.003270614
2020,WISCONSIN,WI,US PRESIDENT,"BIDEN, JOSEPH R. JR",DEMOCRAT,FALSE,1630866,3298041,0.494495369
2020,WISCONSIN,WI,US PRESIDENT,"TRUMP, DONALD J.",REPUBLICAN,FALSE,1610184,3298041,0.488224373
2020,WISCONSIN,WI,US PRESIDENT,"BLANKENSHIP, DON",CONSTITUTION PARTY,FALSE,5146,3298041,0.00156032
2020,WISCONSIN,WI,US PRESIDENT,"JORGENSEN, JO",INDEPENDENT,FALSE,38491,3298041,0.011670868
2020,WISCONSIN,WI,US PRESIDENT,"CARROLL, BRIAN",AMERICAN SOLIDARITY PARTY,FALSE,5259,3298041,0.001594583
2020,WISCONSIN,WI,US PRESIDENT,"WELLS, KASEY",INDEPENDENT,TRUE,25,3298041,7.58026E-06
2020,WISCONSIN,WI,US PRESIDENT,"SIMMONS, JADE",BECOMING ONE NATION,TRUE,36,3298041,1.09156E-05
2020,WISCONSIN,WI,US PRESIDENT,"BODDIE, R. PRESIDENT",INDEPENDENT,TRUE,5,3298041,1.51605E-06
2020,WISCONSIN,WI,US PRESIDENT,"HAWKINS, HOWIE",GREEN,TRUE,1089,3298041,0.000330196
2020,WISCONSIN,WI,US PRESIDENT,"LA RIVA, GLORIA ESTELLA",PARTY FOR SOCIALISM AND LIBERATION,TRUE,110,3298041,3.33531E-05
2020,WISCONSIN,WI,US PRESIDENT,"WEST, KANYE",THE BIRTHDAY PARTY,TRUE,411,3298041,0.000124619
2020,WISCONSIN,WI,US PRESIDENT,"CHARLES, MARK",INDEPENDENT,TRUE,52,3298041,1.57669E-05
2020,WISCONSIN,WI,US PRESIDENT,,,TRUE,6367,3298041,0.00193054
2020,WYOMING,WY,US PRESIDENT,"BIDEN, JOSEPH R. JR",DEMOCRAT,FALSE,73491,278503,0.263878666
2020,WYOMING,WY,US PRESIDENT,"TRUMP, DONALD J.",REPUBLICAN,FALSE,193559,278503,0.694997899
2020,WYOMING,WY,US PRESIDENT,"JORGENSEN, JO",LIBERTARIAN,FALSE,5768,278503,0.020710728
2020,WYOMING,WY,US PRESIDENT,"PIERCE, BROCK",INDEPENDENT,FALSE,2208,278503,0.007928101
2020,WYOMING,WY,US PRESIDENT,,,TRUE,1739,278503,0.006244098
2020,WYOMING,WY,US PRESIDENT,OVERVOTES,,FALSE,279,278503,0.001001785
2020,WYOMING,WY,US PRESIDENT,UNDERVOTES,,FALSE,1459,278503,0.005238723
