year,state,state_po,office,district,candidate,party_detailed,writein,candidatevotes,totalvotes,percentvotes
1976,ARIZONA,AZ,US SENATE,statewide,SAM STEIGER,REPUBLICAN,FALSE,321236,741210,0.433394045
1976,ARIZONA,AZ,US SENATE,statewide,WM. MATHEWS FEIGHAN,INDEPENDENT,FALSE,1565,741210,0.002111412
1976,ARIZONA,AZ,US SENATE,statewide,DENNIS DECONCINI,DEMOCRAT,FALSE,400334,741210,0.540108741
1976,ARIZONA,AZ,US SENATE,statewide,ALLAN NORWITZ,LIBERTARIAN,FALSE,7310,741210,0.009862252
1976,ARIZONA,AZ,US SENATE,statewide,BOB FIELD,INDEPENDENT,FALSE,10765,741210,0.014523549
1976,CALIFORNIA,CA,US SENATE,statewide,JACK MCCOY,AMERICAN INDEPENDENT,FALSE,82739,7470586,0.011075303
1976,CALIFORNIA,CA,US SENATE,statewide,S. I. (SAM) HAYAKAWA,REPUBLICAN,FALSE,3748973,7470586,0.501831182
1976,CALIFORNIA,CA,US SENATE,statewide,JOHN V. TUNNEY,DEMOCRAT,FALSE,3502862,7470586,0.46888718
1976,CALIFORNIA,CA,US SENATE,statewide,OMARI MUSA,INDEPENDENT,FALSE,31629,7470586,0.004233804
1976,CALIFORNIA,CA,US SENATE,statewide,DAVID WALD,PEACE AND FREEDOM,FALSE,104383,7470586,0.013972532
1976,CONNECTICUT,CT,US SENATE,statewide,"LOWELL P. WEICKER, JR.",REPUBLICAN,FALSE,785683,1361666,0.577001262
1976,CONNECTICUT,CT,US SENATE,statewide,SCATTER,,FALSE,558,1361666,0.000409792
1976,CONNECTICUT,CT,US SENATE,statewide,ROBERT BARNABEI,AMERICAN INDEPENDENT,FALSE,14407,1361666,0.010580421
1976,CONNECTICUT,CT,US SENATE,statewide,GLORIA SCHAFFER,DEMOCRAT,FALSE,561018,1361666,0.412008525
1976,DELAWARE,DE,US SENATE,statewide,THOMAS C. MALONEY,DEMOCRAT,FALSE,98042,224795,0.436139594
1976,DELAWARE,DE,US SENATE,statewide,"WILLIAM V. ROTH, JR.",REPUBLICAN,FALSE,125454,224795,0.558081808
1976,DELAWARE,DE,US SENATE,statewide,DONALD G. GIES,AMERICAN,FALSE,646,224795,0.002873729
1976,DELAWARE,DE,US SENATE,statewide,JOHN A. MASSIMILLA,PROHIBITION,FALSE,216,224795,0.000960875
1976,DELAWARE,DE,US SENATE,statewide,JOSEPH F. MCINERNEY,NONE,FALSE,437,224795,0.001943993
1976,FLORIDA,FL,US SENATE,statewide,LAWTON CHILES,DEMOCRAT,FALSE,1799518,2857534,0.629745088
1976,FLORIDA,FL,US SENATE,statewide,SCATTER,,FALSE,130,2857534,4.54938E-05
1976,FLORIDA,FL,US SENATE,statewide,JOHN GRADY,REPUBLICAN,FALSE,1057886,2857534,0.370209418
1976,HAWAII,HI,US SENATE,statewide,SPARK M. MATSUNAGA,DEMOCRAT,FALSE,162305,302092,0.537270103
1976,HAWAII,HI,US SENATE,statewide,JAMES D. KIMMEL,INDEPENDENT,FALSE,1433,302092,0.004743588
1976,HAWAII,HI,US SENATE,statewide,WILLIAM QUINN,REPUBLICAN,FALSE,122724,302092,0.406247104
1976,HAWAII,HI,US SENATE,statewide,ANTHONY N. HODGES,PROHIBITION,FALSE,14226,302092,0.047091614
1976,HAWAII,HI,US SENATE,statewide,ROCKNE JOHNSON,LIBERTARIAN,FALSE,1404,302092,0.004647591
1976,INDIANA,IN,US SENATE,statewide,RICHARD G. LUGAR,REPUBLICAN,FALSE,1275833,2161187,0.590339013
1976,INDIANA,IN,US SENATE,statewide,VANCE HARTKE,DEMOCRAT,FALSE,868522,2161187,0.401872675
1976,INDIANA,IN,US SENATE,statewide,DON L. LEE,INDEPENDENT,FALSE,14321,2161187,0.006626451
1976,INDIANA,IN,US SENATE,statewide,DAVID LEE HOAGLAND,U.S. LABOR,FALSE,2511,2161187,0.001161862
1976,MAINE,ME,US SENATE,statewide,ROBERT A. G. MONKS,REPUBLICAN,FALSE,193489,486193,0.397967474
1976,MAINE,ME,US SENATE,statewide,EDMUND S. MUSKIE,DEMOCRAT,FALSE,292704,486193,0.602032526
1976,MARYLAND,MD,US SENATE,statewide,"J. GLENN BEALL, JR.",REPUBLICAN,FALSE,530439,1365290,0.388517458
1976,MARYLAND,MD,US SENATE,statewide,PAUL S. SARBANES,DEMOCRAT,FALSE,772101,1365290,0.565521611
1976,MARYLAND,MD,US SENATE,statewide,BRUCE BRADLEY,INDEPENDENT,FALSE,62750,1365290,0.045960931
1976,MASSACHUSETTS,MA,US SENATE,statewide,CAROL HENDERSON EVANS,SOCIALIST WORKERS,FALSE,26283,2491255,0.010550104
1976,MASSACHUSETTS,MA,US SENATE,statewide,SCATTER,,FALSE,157,2491255,6.30204E-05
1976,MASSACHUSETTS,MA,US SENATE,statewide,MICHAEL S. ROBERTSON,REPUBLICAN,FALSE,722641,2491255,0.290071069
1976,MASSACHUSETTS,MA,US SENATE,statewide,H. GRAHAM LOWRY,U.S. LABOR,FALSE,15517,2491255,0.006228588
1976,MASSACHUSETTS,MA,US SENATE,statewide,EDWARD M. KENNEDY,DEMOCRAT,FALSE,1726657,2491255,0.693087219
1976,MICHIGAN,MI,US SENATE,statewide,BETTE JANE ERWIN,LIBERTARIAN,FALSE,8842,3490412,0.002533225
1976,MICHIGAN,MI,US SENATE,statewide,THEODORE G. ALBERT,HUMAN RIGHTS,FALSE,7281,3490412,0.002086
1976,MICHIGAN,MI,US SENATE,statewide,MARVIN L. ESCH,REPUBLICAN,FALSE,1635087,3490412,0.468451002
1976,MICHIGAN,MI,US SENATE,statewide,"DONALD W. RIEGLE, JR.",DEMOCRAT,FALSE,1831031,3490412,0.524588788
1976,MICHIGAN,MI,US SENATE,statewide,FRANK GIRARD,SOCIALIST LABOR,FALSE,2554,3490412,0.000731719
1976,MICHIGAN,MI,US SENATE,statewide,PAULA L. REIMERS,SOCIALIST WORKERS,FALSE,3399,3490412,0.000973811
1976,MICHIGAN,MI,US SENATE,statewide,PETER A. SIGNORELLI,U.S. LABOR,FALSE,2218,3490412,0.000635455
1976,MINNESOTA,MN,US SENATE,statewide,ROBIN E. MILLER,LIBERTARIAN,FALSE,5476,1912020,0.002863987
1976,MINNESOTA,MN,US SENATE,statewide,BILL PETERSON,SOCIALIST WORKERS,FALSE,9380,1912020,0.004905806
1976,MINNESOTA,MN,US SENATE,statewide,MATT SAVOLA,COMMUNIST,FALSE,2214,1912020,0.001157938
1976,MINNESOTA,MN,US SENATE,statewide,JERRY BREKKE,REPUBLICAN,FALSE,478602,1912020,0.250312235
1976,MINNESOTA,MN,US SENATE,statewide,PAUL HELM,AMERICAN,FALSE,125612,1912020,0.065695966
1976,MINNESOTA,MN,US SENATE,statewide,HUBERT H. HUMPHREY,DEMOCRAT,FALSE,1290736,1912020,0.675064068
1976,MISSISSIPPI,MS,US SENATE,statewide,JOHN C. STENNIS,DEMOCRAT,FALSE,554433,554433,1
1976,MISSOURI,MO,US SENATE,statewide,JOHN C. DANFORTH,REPUBLICAN,FALSE,1090067,1914460,0.569386145
1976,MISSOURI,MO,US SENATE,statewide,WARREN E. HEARNES,DEMOCRAT,FALSE,813571,1914460,0.424961086
1976,MISSOURI,MO,US SENATE,statewide,LAWRENE (RED) PETTY,INDEPENDENT,FALSE,10822,1914460,0.005652769
1976,MONTANA,MT,US SENATE,statewide,STANLEY C. BURGER,REPUBLICAN,FALSE,115213,321445,0.358422125
1976,MONTANA,MT,US SENATE,statewide,JOHN MELCHER,DEMOCRAT,FALSE,206232,321445,0.641577875
1976,NEBRASKA,NE,US SENATE,statewide,,,TRUE,58,593310,9.77567E-05
1976,NEBRASKA,NE,US SENATE,statewide,SCATTER,,FALSE,163,593310,0.00027473
1976,NEBRASKA,NE,US SENATE,statewide,JOHN Y. MCCOLLISTER,REPUBLICAN,FALSE,279284,593310,0.470721882
1976,NEBRASKA,NE,US SENATE,statewide,EDWARD ZORINSKY,DEMOCRAT,FALSE,313805,593310,0.528905631
1976,NEVADA,NV,US SENATE,statewide,BYRON D. YOUNG,INDEPENDENT AMERICAN,FALSE,3619,201899,0.017924804
1976,NEVADA,NV,US SENATE,statewide,DAVID TOWELL,REPUBLICAN,FALSE,63471,201899,0.314370056
1976,NEVADA,NV,US SENATE,statewide,OTHER,,FALSE,5288,201899,0.026191313
1976,NEVADA,NV,US SENATE,statewide,DAN BECAN,LIBERTARIAN,FALSE,2307,201899,0.011426505
1976,NEVADA,NV,US SENATE,statewide,HOWARD W. CANNON,DEMOCRAT,FALSE,127214,201899,0.630087321
1976,NEW JERSEY,NJ,US SENATE,statewide,LEIF JOHNSON,LABOR,FALSE,6650,2771390,0.002399518
1976,NEW JERSEY,NJ,US SENATE,statewide,HANNIBAL CUNDARI,LIBERTARIAN,FALSE,19907,2771390,0.007183038
1976,NEW JERSEY,NJ,US SENATE,statewide,"HARRISON A. WILLIAMS, JR.",DEMOCRAT,FALSE,1681140,2771390,0.60660535
1976,NEW JERSEY,NJ,US SENATE,statewide,BERNARDO S. DOGANIERO,SOCIALIST LABOR,FALSE,9185,2771390,0.003314221
1976,NEW JERSEY,NJ,US SENATE,statewide,DAVID F. NORCROSS,REPUBLICAN,FALSE,1054508,2771390,0.380497873
1976,NEW MEXICO,NM,US SENATE,statewide,ERNESTO B. BORUNDA,LA RAZA UNIDA,FALSE,1087,413056,0.002631604
1976,NEW MEXICO,NM,US SENATE,statewide,JOSEPH M. MONTOYA,DEMOCRAT,FALSE,176382,413056,0.42701716
1976,NEW MEXICO,NM,US SENATE,statewide,"MALCOLM ""MATT"" DILLON",AMERICAN,FALSE,906,413056,0.002193407
1976,NEW MEXICO,NM,US SENATE,statewide,"HARRISON ""JACK"" SCHMITT",REPUBLICAN,FALSE,234681,413056,0.568157828
1976,NEW YORK,NY,US SENATE,statewide,MARCIA GALLO,SOCIALIST WORKERS,FALSE,16350,6666875,0.002452423
1976,NEW YORK,NY,US SENATE,statewide,DANIEL PATRICK MOYNIHAN,LIBERAL,FALSE,184083,6666875,0.027611587
1976,NEW YORK,NY,US SENATE,statewide,JAMES L. BUCKLEY,CONSERVATIVE,FALSE,311494,6666875,0.04672264
1976,NEW YORK,NY,US SENATE,statewide,ELIJAH C. BOYD,LABOR,FALSE,6716,6666875,0.001007369
1976,NEW YORK,NY,US SENATE,statewide,HERBERT APTHEKER,COMMUNIST,FALSE,25141,6666875,0.003771032
1976,NEW YORK,NY,US SENATE,statewide,MARTIN E. NIXON,LIBERTARIAN,FALSE,10943,6666875,0.001641399
1976,NEW YORK,NY,US SENATE,statewide,OTHER,,FALSE,348498,6666875,0.052273066
1976,NEW YORK,NY,US SENATE,statewide,JAMES L. BUCKLEY,REPUBLICAN,FALSE,2525139,6666875,0.378759014
1976,NEW YORK,NY,US SENATE,statewide,DANIEL PATRICK MOYNIHAN,DEMOCRAT,FALSE,3238511,6666875,0.48576147
1976,NORTH DAKOTA,ND,US SENATE,statewide,ROBERT STROUP,REPUBLICAN,FALSE,103466,283062,0.365524161
1976,NORTH DAKOTA,ND,US SENATE,statewide,QUENTIN N. BURDICK,DEMOCRAT,FALSE,175772,283062,0.620966431
1976,NORTH DAKOTA,ND,US SENATE,statewide,CLARENCE HAGGARD,AMERICAN,FALSE,3824,283062,0.013509408
1976,OHIO,OH,US SENATE,statewide,EMMA LILA FUNDABURK,INDEPENDENT,FALSE,33285,3920613,0.008489744
1976,OHIO,OH,US SENATE,statewide,HOWARD M. METZENBAUM,DEMOCRAT,FALSE,1941113,3920613,0.495104465
1976,OHIO,OH,US SENATE,statewide,"ROBERT TAFT, JR.",REPUBLICAN,FALSE,1823774,3920613,0.465175726
1976,OHIO,OH,US SENATE,statewide,MELISA SINGLER,SOCIALIST WORKERS,FALSE,31805,3920613,0.008112252
1976,OHIO,OH,US SENATE,statewide,DONALD E. BABCOCK,AMERICAN,FALSE,36979,3920613,0.009431943
1976,OHIO,OH,US SENATE,statewide,JOHN O'NEILL,INDEPENDENT,FALSE,53657,3920613,0.01368587
1976,PENNSYLVANIA,PA,US SENATE,statewide,H. JOHN HEINZ III,REPUBLICAN,FALSE,2381891,4546353,0.523912463
1976,PENNSYLVANIA,PA,US SENATE,statewide,FREDERICK W. STANTON,SOCIALIST WORKERS,FALSE,5484,4546353,0.001206242
1976,PENNSYLVANIA,PA,US SENATE,statewide,BERNARD SALERA,LABOR,FALSE,3637,4546353,0.000799982
1976,PENNSYLVANIA,PA,US SENATE,statewide,FRANK KINCES,COMMUNIST,FALSE,2097,4546353,0.000461249
1976,PENNSYLVANIA,PA,US SENATE,statewide,ANDREW J. WATSON,CONSTITUTION,FALSE,26028,4546353,0.005725028
1976,PENNSYLVANIA,PA,US SENATE,statewide,WILLIAM J. GREEN,DEMOCRAT,FALSE,2126977,4546353,0.467842466
1976,PENNSYLVANIA,PA,US SENATE,statewide,OTHER,,FALSE,239,4546353,5.25696E-05
1976,RHODE ISLAND,RI,US SENATE,statewide,RICHARD P. LORBER,DEMOCRAT,FALSE,167665,398906,0.420312053
1976,RHODE ISLAND,RI,US SENATE,statewide,JOHN H. CHAFEE,REPUBLICAN,FALSE,230329,398906,0.577401694
1976,RHODE ISLAND,RI,US SENATE,statewide,MARGARET R. CANN,COMMUNIST,FALSE,912,398906,0.002286253
1976,TENNESSEE,TN,US SENATE,statewide,MARK CLARK BATES,INDEPENDENT,FALSE,5137,1432046,0.003587175
1976,TENNESSEE,TN,US SENATE,statewide,WILLIE C. JACOX,INDEPENDENT,FALSE,1406,1432046,0.000981812
1976,TENNESSEE,TN,US SENATE,statewide,,,TRUE,31,1432046,2.16473E-05
1976,TENNESSEE,TN,US SENATE,statewide,JAMES R. SASSER,DEMOCRAT,FALSE,751180,1432046,0.524550189
1976,TENNESSEE,TN,US SENATE,statewide,ARNOLD JOSEPH ZANDIE,INDEPENDENT,FALSE,1061,1432046,0.000740898
1976,TENNESSEE,TN,US SENATE,statewide,BILL BROCK,REPUBLICAN,FALSE,673231,1432046,0.470118278
1976,TEXAS,TX,US SENATE,statewide,PEDRO VASQUEZ,SOCIALIST WORKERS,FALSE,20549,3874230,0.005304022
1976,TEXAS,TX,US SENATE,statewide,MARJORIE P. GALLION,AMERICAN,FALSE,17355,3874230,0.0044796
1976,TEXAS,TX,US SENATE,statewide,ALAN STEELMAN,REPUBLICAN,FALSE,1636370,3874230,0.422372962
1976,TEXAS,TX,US SENATE,statewide,LLOYD BENTSEN,DEMOCRAT,FALSE,2199956,3874230,0.567843417
1976,UTAH,UT,US SENATE,statewide,STEVE TROTTER,LIBERTARIAN,FALSE,3026,522108,0.005795736
1976,UTAH,UT,US SENATE,statewide,GEORGE MERL BATCHELOR,AMERICAN,FALSE,4913,522108,0.009409931
1976,UTAH,UT,US SENATE,statewide,ORRIN G. HATCH,REPUBLICAN,FALSE,290221,522108,0.555863921
1976,UTAH,UT,US SENATE,statewide,FRANK E. MOSS,DEMOCRAT,FALSE,223948,522108,0.428930413
1976,VERMONT,VT,US SENATE,statewide,ROBERT T. STAFFORD,REPUBLICAN,FALSE,94481,189060,0.499740823
1976,VERMONT,VT,US SENATE,statewide,SCATTER,,FALSE,96,189060,0.000507775
1976,VERMONT,VT,US SENATE,statewide,THOMAS P. SALMON,DEMOCRAT,FALSE,85682,189060,0.453200042
1976,VERMONT,VT,US SENATE,statewide,NANCY KAUFMAN,LIBERTY UNION,FALSE,8801,189060,0.046551359
1976,VIRGINIA,VA,US SENATE,statewide,,,TRUE,154,1557500,9.88764E-05
1976,VIRGINIA,VA,US SENATE,statewide,MARTIN H. PERPER,INDEPENDENT,FALSE,70559,1557500,0.045302729
1976,VIRGINIA,VA,US SENATE,statewide,E. R. (BUD) ZUMWALT,DEMOCRAT,FALSE,596009,1557500,0.382670305
1976,VIRGINIA,VA,US SENATE,statewide,"HARRY F. BYRD, JR.",INDEPENDENT,FALSE,890778,1557500,0.57192809
1976,WASHINGTON,WA,US SENATE,statewide,"WILLIAM F. WERTZ, JR.",LABOR,FALSE,3389,1491111,0.002272802
1976,WASHINGTON,WA,US SENATE,statewide,DAVE SMITH,INDEPENDENT,FALSE,28182,1491111,0.018900001
1976,WASHINGTON,WA,US SENATE,statewide,KARL BERMANN,SOCIALIST WORKERS,FALSE,7402,1491111,0.004964084
1976,WASHINGTON,WA,US SENATE,statewide,HENRY M. JACKSON,DEMOCRAT,FALSE,1071219,1491111,0.718403258
1976,WASHINGTON,WA,US SENATE,statewide,RICHARD K. KENNEY,LIBERTARIAN,FALSE,19373,1491111,0.012992326
1976,WASHINGTON,WA,US SENATE,statewide,GEORGE M. BROWN,REPUBLICAN,FALSE,361546,1491111,0.242467529
1976,WEST VIRGINIA,WV,US SENATE,statewide,ROBERT C. BYRD,DEMOCRAT,FALSE,566359,566359,1
1976,WISCONSIN,WI,US SENATE,statewide,MICHAEL A. MACLAURIN,U.S. LABOR,FALSE,2148,1935183,0.001109973
1976,WISCONSIN,WI,US SENATE,statewide,WILLIAM O. HART,DEMOCRATIC SOCIALIST,FALSE,7354,1935183,0.003800157
1976,WISCONSIN,WI,US SENATE,statewide,ROBERT E. NORDLANDER,SOCIALIST LABOR,FALSE,1731,1935183,0.000894489
1976,WISCONSIN,WI,US SENATE,statewide,WILLIAM PROXMIRE,DEMOCRAT,FALSE,1396970,1935183,0.72188005
1976,WISCONSIN,WI,US SENATE,statewide,ROBERT SCHWARZ,SOCIALIST WORKERS,FALSE,4876,1935183,0.002519658
1976,WISCONSIN,WI,US SENATE,statewide,SCATTER,,FALSE,202,1935183,0.000104383
1976,WISCONSIN,WI,US SENATE,statewide,STANLEY YORK,REPUBLICAN,FALSE,521902,1935183,0.26969129
1976,WYOMING,WY,US SENATE,statewide,GALE MCGEE,DEMOCRAT,FALSE,70558,155368,0.4541347
1976,WYOMING,WY,US SENATE,statewide,MALCOLM WALLOP,REPUBLICAN,FALSE,84810,155368,0.5458653
1978,ALABAMA,AL,US SENATE,statewide,JEROME B. COUCH,PROHIBITION,FALSE,34951,582005,0.060052749
1978,ALABAMA,AL,US SENATE,statewide,JAMES D. MARTIN,REPUBLICAN,FALSE,316170,729842,0.433203351
1978,ALABAMA,AL,US SENATE,statewide,MICHAEL R. A. ERDEY,LIBERTARIAN,FALSE,6006,729842,0.008229178
1978,ALABAMA,AL,US SENATE,statewide,DONALD STEWART,DEMOCRAT,FALSE,401852,729842,0.550601363
1978,ALABAMA,AL,US SENATE,statewide,HOWELL HEFLIN,DEMOCRAT,FALSE,547054,582005,0.939947251
1978,ALABAMA,AL,US SENATE,statewide,A. J. KILLINSWORTH,PROHIBITION,FALSE,5814,729842,0.007966108
1978,ALASKA,AK,US SENATE,statewide,DONALD HOBBS,DEMOCRAT,FALSE,29574,122741,0.240946383
1978,ALASKA,AK,US SENATE,statewide,,,TRUE,384,122741,0.003128539
1978,ALASKA,AK,US SENATE,statewide,TED STEVENS,REPUBLICAN,FALSE,92783,122741,0.755925078
1978,ARKANSAS,AR,US SENATE,statewide,JOHN GRAHAM BLACK,INDEPENDENT,FALSE,37211,517138,0.071955648
1978,ARKANSAS,AR,US SENATE,statewide,,,TRUE,113,517138,0.00021851
1978,ARKANSAS,AR,US SENATE,statewide,DAVID PRYOR,DEMOCRAT,FALSE,395506,517138,0.764797791
1978,ARKANSAS,AR,US SENATE,statewide,TOM KELLY,REPUBLICAN,FALSE,84308,517138,0.163028051
1978,COLORADO,CO,US SENATE,statewide,JOHN SHUE ,NATIONAL STATESMAN,FALSE,2518,819256,0.00307352
1978,COLORADO,CO,US SENATE,statewide,VEDDER V. DRON,UNITED STATES PARTY,FALSE,5789,819256,0.007066167
1978,COLORADO,CO,US SENATE,statewide,FLOYD K. HASKELL,DEMOCRAT,FALSE,330148,819256,0.402985147
1978,COLORADO,CO,US SENATE,statewide,WILLIAM L. ARMSTRONG,REPUBLICAN,FALSE,480801,819256,0.586875165
1978,DELAWARE,DE,US SENATE,statewide,JOSEPH R. BIDEN JR.,DEMOCRAT,FALSE,93930,162072,0.579557234
1978,DELAWARE,DE,US SENATE,statewide,DONALD G. GIES,AMERICAN,FALSE,1663,162072,0.010260872
1978,DELAWARE,DE,US SENATE,statewide,JAMES H. BAXTER JR.,REPUBLICAN,FALSE,66479,162072,0.410181894
1978,GEORGIA,GA,US SENATE,statewide,JOHN W. STOKES,REPUBLICAN,FALSE,108808,645128,0.168661103
1978,GEORGIA,GA,US SENATE,statewide,SAM NUNN,DEMOCRAT,FALSE,536320,645128,0.831338897
1978,IDAHO,ID,US SENATE,statewide,DWIGHT JENSEN,DEMOCRAT,FALSE,89635,284047,0.315563974
1978,IDAHO,ID,US SENATE,statewide,JAMES A. MCCLURE,REPUBLICAN,FALSE,194412,284047,0.684436026
1978,ILLINOIS,IL,US SENATE,statewide,PATRICIA GROGAN,SOCIALIST WORKERS,FALSE,15922,3184764,0.004999429
1978,ILLINOIS,IL,US SENATE,statewide,ALEX SMITH,DEMOCRAT,FALSE,1448187,3184764,0.45472349
1978,ILLINOIS,IL,US SENATE,statewide,BRUCE LEE GREEN,LIBERTARIAN,FALSE,16320,3184764,0.005124399
1978,ILLINOIS,IL,US SENATE,statewide,,,TRUE,159,3184764,4.99252E-05
1978,ILLINOIS,IL,US SENATE,statewide,CHARLES H. PEREY,REPUBLICAN,FALSE,1698711,3184764,0.533386775
1978,ILLINOIS,IL,US SENATE,statewide,GERALD ROSE,SOCIALIST LABOR,FALSE,5465,3184764,0.001715983
1978,IOWA,IA,US SENATE,statewide,ROGER W. JEPSEN,REPUBLICAN,FALSE,421598,824576,0.511290651
1978,IOWA,IA,US SENATE,statewide,BEN L. OLSON,LIBERTARIAN,FALSE,3689,824576,0.004473814
1978,IOWA,IA,US SENATE,statewide,DICK CLARK,DEMOCRAT,FALSE,395066,824576,0.479114114
1978,IOWA,IA,US SENATE,statewide,GERALD LEO BAKER,INDEPENDENT,FALSE,4223,824576,0.00512142
1978,KANSAS,KS,US SENATE,statewide,NANCY LANDON KASSEBAUM,REPUBLICAN,FALSE,403354,748839,0.538639147
1978,KANSAS,KS,US SENATE,statewide,JAMES R. MAHER,CONSERVATIVE,FALSE,22497,748839,0.030042506
1978,KANSAS,KS,US SENATE,statewide,RUSSELL MIKELS,PROHIBITION,FALSE,5386,748839,0.007192467
1978,KANSAS,KS,US SENATE,statewide,BILL ROY,DEMOCRAT,FALSE,317602,748839,0.42412588
1978,KENTUCKY,KY,US SENATE,statewide,,,TRUE,43,476783,9.01878E-05
1978,KENTUCKY,KY,US SENATE,statewide,WALTER D. HUDDLESTON,DEMOCRAT,FALSE,290730,476783,0.609774258
1978,KENTUCKY,KY,US SENATE,statewide,LOUIE GUENTHNER JR. ,REPUBLICAN,FALSE,175766,476783,0.368649889
1978,KENTUCKY,KY,US SENATE,statewide,ANTHONY ALBERT MCCORD,AMERICAN,FALSE,10244,476783,0.021485665
1978,LOUISIANA,LA,US SENATE,statewide,J. BENNETT JOHNSTON JR. ,DEMOCRAT,FALSE,1,1,1
1978,MAINE,ME,US SENATE,statewide,WILLIAM D. HATHAWAY,DEMOCRAT,FALSE,127327,375114,0.339435478
1978,MAINE,ME,US SENATE,statewide,JOHN J. JANNACE,INDEPENDENT,FALSE,5553,375114,0.0148035
1978,MAINE,ME,US SENATE,statewide,WILLIAM S. COHEN,REPUBLICAN,FALSE,212294,375114,0.565945286
1978,MAINE,ME,US SENATE,statewide,HAYES E. GAHAGAN,INDEPENDENT,FALSE,27824,375114,0.074174784
1978,MAINE,ME,US SENATE,statewide,PLATO TRUMAN,INDEPENDENT,FALSE,2116,375114,0.005640952
1978,MASSACHUSETTS,MA,US SENATE,statewide,OTHER,,FALSE,1833,1985700,0.0009231
1978,MASSACHUSETTS,MA,US SENATE,statewide,PAUL E. TSONGAS,DEMOCRAT,FALSE,1093283,1985700,0.550578134
1978,MASSACHUSETTS,MA,US SENATE,statewide,EDWARD W. BROOKE,REPUBLICAN,FALSE,890584,1985700,0.448498766
1978,MICHIGAN,MI,US SENATE,statewide,CARL LEVIN,DEMOCRAT,FALSE,1484193,2846630,0.52138599
1978,MICHIGAN,MI,US SENATE,statewide,ROBERT P. GRIFFIN,REPUBLICAN,FALSE,1362165,2846630,0.478518459
1978,MICHIGAN,MI,US SENATE,statewide,SCATTER,,FALSE,272,2846630,9.55516E-05
1978,MINNESOTA,MN,US SENATE,statewide,BOB SHORT,DEMOCRAT,FALSE,538675,1558376,0.345664333
1978,MINNESOTA,MN,US SENATE,statewide,PAUL HELM,AMERICAN,FALSE,45402,1558376,0.029134176
1978,MINNESOTA,MN,US SENATE,statewide,BRIAN JOHN COYLE,PUBLIC INTEREST INDEPENDENT,FALSE,8083,1580622,0.00511381
1978,MINNESOTA,MN,US SENATE,statewide,DAVID DURENBERGER,REPUBLICAN,FALSE,957908,1558376,0.614683491
1978,MINNESOTA,MN,US SENATE,statewide,JEAN T. BRUST,WORKERS,FALSE,3891,1580622,0.002461689
1978,MINNESOTA,MN,US SENATE,statewide,WENDELL ANDERSON,DEMOCRAT,FALSE,638375,1580622,0.403875816
1978,MINNESOTA,MN,US SENATE,statewide,SAL CARLONE,AMERICAN,FALSE,23261,1580622,0.014716358
1978,MINNESOTA,MN,US SENATE,statewide,LEONARD RICHARDS,LIBERTARIAN,FALSE,2992,1580622,0.001892926
1978,MINNESOTA,MN,US SENATE,statewide,FREDERICK HEWITT,LIBERTARIAN,FALSE,4116,1558376,0.002641211
1978,MINNESOTA,MN,US SENATE,statewide,WILLIAM PETERSON,SOCIALIST WORKERS,FALSE,9856,1580622,0.00623552
1978,MINNESOTA,MN,US SENATE,statewide,,,TRUE,878,1558376,0.000563407
1978,MINNESOTA,MN,US SENATE,statewide,CHRISTINE FRANK,SOCIALIST,FALSE,11397,1558376,0.007313383
1978,MINNESOTA,MN,US SENATE,statewide,,,TRUE,72,1580622,4.55517E-05
1978,MINNESOTA,MN,US SENATE,statewide,RUDOLPH E. BOSCHWITZ,REPUBLICAN,FALSE,894092,1580622,0.565658329
1978,MISSISSIPPI,MS,US SENATE,statewide,MAURICE DANTIN,DEMOCRAT,FALSE,187541,590236,0.317739006
1978,MISSISSIPPI,MS,US SENATE,statewide,JAMES CHARLES EVERS,INDEPENDENT,FALSE,133646,590236,0.226428073
1978,MISSISSIPPI,MS,US SENATE,statewide,HENRY JAY KIRKSEY,INDEPENDENT,FALSE,1747,590236,0.002959833
1978,MISSISSIPPI,MS,US SENATE,statewide,THAD COCHRAN,REPUBLICAN,FALSE,267302,590236,0.452873088
1978,MONTANA,MT,US SENATE,statewide,MAX BAUCUS,DEMOCRAT,FALSE,160353,287942,0.556893402
1978,MONTANA,MT,US SENATE,statewide,LARRY WILLIAMS,REPUBLICAN,FALSE,127589,287942,0.443106598
1978,NEBRASKA,NE,US SENATE,statewide,DONALD EUGENE SHASTEN,REPUBLICAN,FALSE,159706,493802,0.323421128
1978,NEBRASKA,NE,US SENATE,statewide,JAMES J. EXON,DEMOCRAT,FALSE,334096,493802,0.676578872
1978,NEW HAMPSHIRE,NH,US SENATE,statewide,CRAIG FRANKLIN,LIBERTARIAN,FALSE,2070,263760,0.007848044
1978,NEW HAMPSHIRE,NH,US SENATE,statewide,GORDON J. HUMPHREY,REPUBLICAN,FALSE,133745,263760,0.507070822
1978,NEW HAMPSHIRE,NH,US SENATE,statewide,THOMAS J. MCINTYRE,DEMOCRAT,FALSE,127945,263760,0.485081134
1978,NEW JERSEY,NJ,US SENATE,statewide,JACK MOYERS,INDEPENDENT,FALSE,3809,1957515,0.001945834
1978,NEW JERSEY,NJ,US SENATE,statewide,JEFFREY BELL,REPUBLICAN,FALSE,844200,1957515,0.431261063
1978,NEW JERSEY,NJ,US SENATE,statewide,BILL BRADLEY,DEMOCRAT,FALSE,1082960,1957515,0.553232031
1978,NEW JERSEY,NJ,US SENATE,statewide,ROBERT BROWN,LABOR,FALSE,3656,1957515,0.001867674
1978,NEW JERSEY,NJ,US SENATE,statewide,J. M. CARTER JR. ,INDEPENDENT,FALSE,3618,1957515,0.001848262
1978,NEW JERSEY,NJ,US SENATE,statewide,HERBERT HARRY SHAW,INDEPENDENT,FALSE,4736,1957515,0.002419394
1978,NEW JERSEY,NJ,US SENATE,statewide,WILLIAM R. THORN,INDEPENDENT,FALSE,2776,1957515,0.001418125
1978,NEW JERSEY,NJ,US SENATE,statewide,JASPER C. GOULD,INDEPENDENT,FALSE,2955,1957515,0.001509567
1978,NEW JERSEY,NJ,US SENATE,statewide,ALICE CONNER,INDEPENDENT,FALSE,2384,1957515,0.001217871
1978,NEW JERSEY,NJ,US SENATE,statewide,PAUL FERGUSON,INDEPENDENT,FALSE,2604,1957515,0.001330258
1978,NEW JERSEY,NJ,US SENATE,statewide,BILL GAHRES,INDEPENDENT,FALSE,3817,1957515,0.001949921
1978,NEW MEXICO,NM,US SENATE,statewide,TONEY ANAYA,DEMOCRAT,FALSE,160045,343487,0.465941942
1978,NEW MEXICO,NM,US SENATE,statewide,PETE V. DOMENICI,REPUBLICAN,FALSE,183442,343487,0.534058058
1978,NORTH CAROLINA,NC,US SENATE,statewide,JESSE HELMS,REPUBLICAN,FALSE,619151,1135814,0.545116542
1978,NORTH CAROLINA,NC,US SENATE,statewide,JOHN RANDOLPH INGRAM,DEMOCRAT,FALSE,516663,1135814,0.454883458
1978,OKLAHOMA,OK,US SENATE,statewide,ROBERT B. KAMM,REPUBLICAN,FALSE,247857,754264,0.328607755
1978,OKLAHOMA,OK,US SENATE,statewide,GLENN E. HAGER,INDEPENDENT,FALSE,3875,754264,0.005137459
1978,OKLAHOMA,OK,US SENATE,statewide,PAUL EDWARD TRENT,INDEPENDENT,FALSE,3015,754264,0.003997274
1978,OKLAHOMA,OK,US SENATE,statewide,RICHARD KING CARTER,INDEPENDENT,FALSE,2209,754264,0.002928683
1978,OKLAHOMA,OK,US SENATE,statewide,DAVID LYLE BOREN,DEMOCRAT,FALSE,493953,754264,0.654880784
1978,OKLAHOMA,OK,US SENATE,statewide,RILEY DONICA,INDEPENDENT,FALSE,3355,754264,0.004448045
1978,OREGON,OR,US SENATE,statewide,,,TRUE,737,892518,0.000825754
1978,OREGON,OR,US SENATE,statewide,MARK HATFIELD,REPUBLICAN,FALSE,550165,892518,0.616418941
1978,OREGON,OR,US SENATE,statewide,VERN COOK,DEMOCRAT,FALSE,341616,892518,0.382755306
1978,RHODE ISLAND,RI,US SENATE,statewide,CLAIBORNE PELL,DEMOCRAT,FALSE,229557,305618,0.751123952
1978,RHODE ISLAND,RI,US SENATE,statewide,JAMES G. REYONLDS,REPUBLICAN,FALSE,76061,305618,0.248876048
1978,SOUTH CAROLINA,SC,US SENATE,statewide,STROM THURMOND,REPUBLICAN,FALSE,351917,632063,0.556775195
1978,SOUTH CAROLINA,SC,US SENATE,statewide,CHARLES D. RAVENEL,DEMOCRAT,FALSE,280146,632063,0.443224805
1978,SOUTH DAKOTA,SD,US SENATE,statewide,DON BARNETT,DEMOCRAT,FALSE,84767,255599,0.331640578
1978,SOUTH DAKOTA,SD,US SENATE,statewide,LARRY PRESSLER,REPUBLICAN,FALSE,170832,255599,0.668359422
1978,TENNESSEE,TN,US SENATE,statewide,HOWARD H. BAKER,REPUBLICAN,FALSE,642644,1157094,0.555394808
1978,TENNESSEE,TN,US SENATE,statewide,THOMAS J. ANDERSON,INDEPENDENT,FALSE,45908,1157094,0.039675255
1978,TENNESSEE,TN,US SENATE,statewide,JANE ESKIND,DEMOCRAT,FALSE,466228,1157094,0.402930099
1978,TENNESSEE,TN,US SENATE,statewide,,,TRUE,71,1157094,6.13606E-05
1978,TENNESSEE,TN,US SENATE,statewide,FERN LUCIUS KEASLER,INDEPENDENT,FALSE,2243,1157094,0.001938477
1978,TEXAS,TX,US SENATE,statewide,MIGUEL PENDAS,SOCIALIST WORKERS,FALSE,4018,2312540,0.001737483
1978,TEXAS,TX,US SENATE,statewide,ROBERT KRUEGER,DEMOCRAT,FALSE,1139149,2312540,0.492596452
1978,TEXAS,TX,US SENATE,statewide,JOHN G. TOWER,REPUBLICAN,FALSE,1151376,2312540,0.497883712
1978,TEXAS,TX,US SENATE,statewide,OTHER,,FALSE,128,2312540,5.53504E-05
1978,TEXAS,TX,US SENATE,statewide,LUIS A. DIAZ DE LOEN,LA RAZA UNIDA,FALSE,17869,2312540,0.007727001
1978,VIRGINIA,VA,US SENATE,statewide,ANDREW P. MILLER,DEMOCRAT,FALSE,608511,1222256,0.497858877
1978,VIRGINIA,VA,US SENATE,statewide,JOHN WILLIAM WARNER,REPUBLICAN,FALSE,613232,1222256,0.501721407
1978,VIRGINIA,VA,US SENATE,statewide,,,TRUE,513,1222256,0.000419716
1978,WEST VIRGINIA,WV,US SENATE,statewide,ARCH A. MOORE JR. ,REPUBLICAN,FALSE,244317,493351,0.495219428
1978,WEST VIRGINIA,WV,US SENATE,statewide,JENNINGS RANDOLPH,DEMOCRAT,FALSE,249034,493351,0.504780572
1978,WYOMING,WY,US SENATE,statewide,RAYMOND B. WHITAKER,DEMOCRAT,FALSE,82908,133364,0.621667017
1978,WYOMING,WY,US SENATE,statewide,ALAN KOOI SIMPSON,REPUBLICAN,FALSE,50456,133364,0.378332983
1980,ALABAMA,AL,US SENATE,statewide,JIM FOLSOM JR.,DEMOCRAT,FALSE,610175,1296757,0.470539199
1980,ALABAMA,AL,US SENATE,statewide,JEREMIAH DENTON,REPUBLICAN,FALSE,650362,1296757,0.501529585
1980,ALABAMA,AL,US SENATE,statewide,SALLIE M. HADNOTT,NATIONAL DEMOCRATIC PARTY OF ALABAMA,FALSE,2973,1296757,0.002292642
1980,ALABAMA,AL,US SENATE,statewide,WILLIAM A. CREW,LIBERTARIAN,FALSE,13098,1296757,0.010100582
1980,ALABAMA,AL,US SENATE,statewide,MICHAEL R.A. ERDEY,CONSERVATIVE,FALSE,15989,1296757,0.012329989
1980,ALABAMA,AL,US SENATE,statewide,JIM PARTAIN,STATESMAN,FALSE,2649,1296757,0.002042788
1980,ALABAMA,AL,US SENATE,statewide,MOHAMMED OLIVER,SOCIALIST WORKERS,FALSE,1511,1296757,0.001165214
1980,ALASKA,AK,US SENATE,statewide,CLARK S. GRUENING,DEMOCRAT,FALSE,72007,156762,0.459339636
1980,ALASKA,AK,US SENATE,statewide,,,TRUE,596,156762,0.003801942
1980,ALASKA,AK,US SENATE,statewide,FRANK H. MURKOWSKI,REPUBLICAN,FALSE,84159,156762,0.536858422
1980,ARIZONA,AZ,US SENATE,statewide,,,TRUE,13,874238,1.48701E-05
1980,ARIZONA,AZ,US SENATE,statewide,JOSEFINA OTERO,SOCIALIST WORKERS,FALSE,3266,874238,0.003735825
1980,ARIZONA,AZ,US SENATE,statewide,BARRY GOLDWATER,REPUBLICAN,FALSE,432371,874238,0.494568985
1980,ARIZONA,AZ,US SENATE,statewide,FRED R. ESSER,LIBERTARIAN,FALSE,12008,874238,0.01373539
1980,ARIZONA,AZ,US SENATE,statewide,LORENZO TORREZ,PEOPLE BEFORE PROFITS,FALSE,3608,874238,0.004127023
1980,ARIZONA,AZ,US SENATE,statewide,BILL SCHULZ,DEMOCRAT,FALSE,422972,874238,0.483817908
1980,ARKANSAS,AR,US SENATE,statewide,,,TRUE,331,808812,0.000409242
1980,ARKANSAS,AR,US SENATE,statewide,DALE BUMPERS,DEMOCRAT,FALSE,477905,808812,0.590872786
1980,ARKANSAS,AR,US SENATE,statewide,BILL CLARK,REPUBLICAN,FALSE,330576,808812,0.408717972
1980,CALIFORNIA,CA,US SENATE,statewide,PAUL GANN,REPUBLICAN,FALSE,3091671,8324012,0.371415971
1980,CALIFORNIA,CA,US SENATE,statewide,JAMES C. (JIM) GRIFFIN,AMERICAN INDEPENDENT,FALSE,129573,8324012,0.015566172
1980,CALIFORNIA,CA,US SENATE,statewide,DAVID WALD,PEACE AND FREEDOM,FALSE,196260,8324012,0.023577573
1980,CALIFORNIA,CA,US SENATE,statewide,DAVID BERGLAND,LIBERTARIAN,FALSE,202410,8324012,0.024316399
1980,CALIFORNIA,CA,US SENATE,statewide,ALAN CRANSTON,DEMOCRAT,FALSE,4704098,8324012,0.565123885
1980,COLORADO,CO,US SENATE,statewide,EARL HIGGERSON,STATESMAN,FALSE,7265,1173142,0.006192771
1980,COLORADO,CO,US SENATE,statewide,HENRY JOHN OLSHAW,UNAFFILIATED-AMERICAN,FALSE,4081,1173142,0.003478692
1980,COLORADO,CO,US SENATE,statewide,GARY HART,DEMOCRAT,FALSE,590501,1173142,0.503349978
1980,COLORADO,CO,US SENATE,statewide,MARY ESTILL BUCHANAN,REPUBLICAN,FALSE,571295,1173142,0.486978558
1980,CONNECTICUT,CT,US SENATE,statewide,,,TRUE,114,1356075,8.40661E-05
1980,CONNECTICUT,CT,US SENATE,statewide,LOUIS ZEMEL,CITIZENS,FALSE,4772,1356075,0.003518979
1980,CONNECTICUT,CT,US SENATE,statewide,CHRISTOPHER J. DODD,DEMOCRAT,FALSE,763969,1356075,0.563367808
1980,CONNECTICUT,CT,US SENATE,statewide,GERARD G. BRENNAN,LIBERTARIAN,FALSE,5336,1356075,0.003934886
1980,CONNECTICUT,CT,US SENATE,statewide,JAMES L. BUCKLEY,REPUBLICAN,FALSE,581884,1356075,0.429094261
1980,FLORIDA,FL,US SENATE,statewide,,,TRUE,159,3528028,4.50677E-05
1980,FLORIDA,FL,US SENATE,statewide,BILL GUNTER,DEMOCRAT,FALSE,1705409,3528028,0.483388737
1980,FLORIDA,FL,US SENATE,statewide,PAULA HAWKINS,REPUBLICAN,FALSE,1822460,3528028,0.516566195
1980,GEORGIA,GA,US SENATE,statewide,HERMAN E. TALMADGE,DEMOCRAT,FALSE,776143,1579829,0.491282917
1980,GEORGIA,GA,US SENATE,statewide,MACK MATTINGLY,REPUBLICAN,FALSE,803686,1579829,0.508717083
1980,HAWAII,HI,US SENATE,statewide,BUD SHASTEEN,LIBERTARIAN,FALSE,10453,288006,0.036294383
1980,HAWAII,HI,US SENATE,statewide,DANIEL K. INOUYE,DEMOCRAT,FALSE,224485,288006,0.779445567
1980,HAWAII,HI,US SENATE,statewide,COOPER BROWN,REPUBLICAN,FALSE,53068,288006,0.18426005
1980,IDAHO,ID,US SENATE,statewide,STEVE SYMMS,REPUBLICAN,FALSE,218701,439647,0.497446815
1980,IDAHO,ID,US SENATE,statewide,FRANK CHURCH,DEMOCRAT,FALSE,214439,439647,0.487752674
1980,IDAHO,ID,US SENATE,statewide,LARRY FULLMER,LIBERTARIAN,FALSE,6507,439647,0.01480051
1980,ILLINOIS,IL,US SENATE,statewide,DAVID C. O'NEAL,REPUBLICAN,FALSE,1946296,4580029,0.424952768
1980,ILLINOIS,IL,US SENATE,statewide,ALAN J. DIXON,DEMOCRAT,FALSE,2565302,4580029,0.56010606
1980,ILLINOIS,IL,US SENATE,statewide,SIDNEY LENS,CITIZENS,FALSE,19213,4580029,0.004194952
1980,ILLINOIS,IL,US SENATE,statewide,BRUCE GREEN,LIBERTARIAN,FALSE,29328,4580029,0.006403453
1980,ILLINOIS,IL,US SENATE,statewide,MICHAEL SORIANO,WORKERS WORLD,FALSE,5626,4580029,0.001228377
1980,ILLINOIS,IL,US SENATE,statewide,,,TRUE,96,4580029,2.09606E-05
1980,ILLINOIS,IL,US SENATE,statewide,CHARLES F. WILSON,COMMUNIST,FALSE,11453,4580029,0.002500639
1980,ILLINOIS,IL,US SENATE,statewide,BURTON LEE ARTZ,SOCIALIST WORKERS,FALSE,2715,4580029,0.000592791
1980,INDIANA,IN,US SENATE,statewide,BIRCH BAYH,DEMOCRAT,FALSE,1015962,2198376,0.462142054
1980,INDIANA,IN,US SENATE,statewide,DAN QUAYLE,REPUBLICAN,FALSE,1182414,2198376,0.537857946
1980,IOWA,IA,US SENATE,statewide,CHARLES E. GRASSLEY,REPUBLICAN,FALSE,683014,1276986,0.534864125
1980,IOWA,IA,US SENATE,statewide,GARRY DE YOUNG,BY PETITION,FALSE,5858,1276986,0.004587364
1980,IOWA,IA,US SENATE,statewide,JOHN INGRAM HENDERSON,BY PETITION,FALSE,2336,1276986,0.001829307
1980,IOWA,IA,US SENATE,statewide,ROBERT V. HENGERER,LIBERTARIAN,FALSE,4233,1276986,0.003314837
1980,IOWA,IA,US SENATE,statewide,JOHN CULVER,DEMOCRAT,FALSE,581545,1276986,0.455404366
1980,KANSAS,KS,US SENATE,statewide,BOB DOLE,REPUBLICAN,FALSE,598686,938957,0.637607473
1980,KANSAS,KS,US SENATE,statewide,JOHN SIMPSON,DEMOCRAT,FALSE,340271,938957,0.362392527
1980,KENTUCKY,KY,US SENATE,statewide,WENDELL H. FORD,DEMOCRAT,FALSE,720891,1106920,0.651258447
1980,KENTUCKY,KY,US SENATE,statewide,MARY LOUISE FOUST,REPUBLICAN,FALSE,386029,1106920,0.348741553
1980,LOUISIANA,LA,US SENATE,statewide,NAOMI BRACEY,NO PARTY,FALSE,6374,841013,0.007578955
1980,LOUISIANA,LA,US SENATE,statewide,LOUIS WOODY JENKINS,DEMOCRAT,FALSE,325922,841013,0.387535032
1980,LOUISIANA,LA,US SENATE,statewide,RUSSELL B. LONG,DEMOCRAT,FALSE,484770,841013,0.576412017
1980,LOUISIANA,LA,US SENATE,statewide,JERRY C. BARDWELL,REPUBLICAN,FALSE,13739,841013,0.016336252
1980,LOUISIANA,LA,US SENATE,statewide,ROBERT MAX ROSS,REPUBLICAN,FALSE,10208,841013,0.012137743
1980,MARYLAND,MD,US SENATE,statewide,CHARLES MCC. MATHIAS JR. ,REPUBLICAN,FALSE,850970,1286088,0.661673229
1980,MARYLAND,MD,US SENATE,statewide,EDWARD T. CONROY,DEMOCRAT,FALSE,435118,1286088,0.338326771
1980,MISSOURI,MO,US SENATE,statewide,GENE MCNARY,REPUBLICAN,FALSE,985399,2066965,0.476737148
1980,MISSOURI,MO,US SENATE,statewide,THOMAS F. EAGLETON,DEMOCRAT,FALSE,1074859,2066965,0.520017997
1980,MISSOURI,MO,US SENATE,statewide,MARTHA PETTIS,SOCIALIST WORKERS,FALSE,6707,2066965,0.003244854
1980,NEVADA,NV,US SENATE,statewide,ALLEN HACKER,LIBERTARIAN,FALSE,6920,243273,0.028445409
1980,NEVADA,NV,US SENATE,statewide,PAUL LAXALT,REPUBLICAN,FALSE,144224,243273,0.592848364
1980,NEVADA,NV,US SENATE,statewide,MARY GOJACK,DEMOCRAT,FALSE,92129,243273,0.378706227
1980,NEW HAMPSHIRE,NH,US SENATE,statewide,WARREN RUDMAN,REPUBLICAN,FALSE,195559,375060,0.521407242
1980,NEW HAMPSHIRE,NH,US SENATE,statewide,JOHN A. DURKIN,DEMOCRAT,FALSE,179455,375060,0.478470111
1980,NEW HAMPSHIRE,NH,US SENATE,statewide,,,TRUE,46,375060,0.000122647
1980,NEW YORK,NY,US SENATE,statewide,RICHARD SAVADEL,FREE LIBERTARIAN,FALSE,21465,6014914,0.00356863
1980,NEW YORK,NY,US SENATE,statewide,THOMAS SOTO,WORKERS WORLD,FALSE,3643,6014914,0.000605661
1980,NEW YORK,NY,US SENATE,statewide,ALFONSE M. D'AMATO,REPUBLICAN,FALSE,2272082,6014914,0.377741394
1980,NEW YORK,NY,US SENATE,statewide,ALFONSE M. D'AMATO,RIGHT TO LIFE,FALSE,152470,6014914,0.025348658
1980,NEW YORK,NY,US SENATE,statewide,ALFONSE M. D'AMATO,CONSERVATIVE,FALSE,275100,6014914,0.045736315
1980,NEW YORK,NY,US SENATE,statewide,,,TRUE,73,6014914,1.21365E-05
1980,NEW YORK,NY,US SENATE,statewide,WILLIAM R. SCOTT,COMMUNIST,FALSE,4161,6014914,0.00069178
1980,NEW YORK,NY,US SENATE,statewide,VICTOR A. NIETO,SOCIALIST WORKERS,FALSE,2715,6014914,0.000451378
1980,NEW YORK,NY,US SENATE,statewide,ELIZABETH HOLTZMAN,DEMOCRAT,FALSE,2618661,6014914,0.435361337
1980,NEW YORK,NY,US SENATE,statewide,JACOB K. JAVITS,LIBERAL,FALSE,664544,6014914,0.11048271
1980,NORTH CAROLINA,NC,US SENATE,statewide,F. W. (RICK) PASOTTO,LIBERTARIAN,FALSE,7602,1797665,0.004228819
1980,NORTH CAROLINA,NC,US SENATE,statewide,ROBERT MORGAN,DEMOCRAT,FALSE,887653,1797665,0.493781099
1980,NORTH CAROLINA,NC,US SENATE,statewide,JOHN P. EAST,REPUBLICAN,FALSE,898064,1797665,0.499572501
1980,NORTH CAROLINA,NC,US SENATE,statewide,REBECCA FINCH,SOCIALIST WORKERS,FALSE,4346,1797665,0.002417581
1980,OHIO,OH,US SENATE,statewide,JAMES E. BETTS,REPUBLICAN,FALSE,1137695,4027303,0.282495506
1980,OHIO,OH,US SENATE,statewide,JOHN E. POWERS,INDEPENDENT,FALSE,76412,4027303,0.018973492
1980,OHIO,OH,US SENATE,statewide,JOHN GLENN,DEMOCRAT,FALSE,2770786,4027303,0.688000381
1980,OHIO,OH,US SENATE,statewide,,,TRUE,42410,4027303,0.010530621
1980,OKLAHOMA,OK,US SENATE,statewide,ROBERT MURPHY,LIBERTARIAN,FALSE,9757,1098294,0.008883778
1980,OKLAHOMA,OK,US SENATE,statewide,DON NICKLES,REPUBLICAN,FALSE,587252,1098294,0.534694717
1980,OKLAHOMA,OK,US SENATE,statewide,CHARLES NESBITT,INDEPENDENT,FALSE,21179,1098294,0.019283543
1980,OKLAHOMA,OK,US SENATE,statewide,PAUL E. TRENT,INDEPENDENT,FALSE,1823,1098294,0.001659847
1980,OKLAHOMA,OK,US SENATE,statewide,ANDY COATS,DEMOCRAT,FALSE,478283,1098294,0.435478114
1980,OREGON,OR,US SENATE,statewide,TED KULONGOSKI,DEMOCRAT,FALSE,501963,1140494,0.440127699
1980,OREGON,OR,US SENATE,statewide,BOB PACKWOOD,REPUBLICAN,FALSE,594290,1140494,0.521081216
1980,OREGON,OR,US SENATE,statewide,,,TRUE,555,1140494,0.000486631
1980,OREGON,OR,US SENATE,statewide,TONIE NATHAN,LIBERTARIAN,FALSE,43686,1140494,0.038304454
1980,PENNSYLVANIA,PA,US SENATE,statewide,PETE FLAHERTY,DEMOCRAT,FALSE,2122391,4418042,0.480391766
1980,PENNSYLVANIA,PA,US SENATE,statewide,LINDA MOHRBACHER,SOCIALIST WORKERS,FALSE,27229,4418042,0.006163137
1980,PENNSYLVANIA,PA,US SENATE,statewide,LEE FRISSELL,CITIZENS,FALSE,16089,4418042,0.003641658
1980,PENNSYLVANIA,PA,US SENATE,statewide,ARLEN SPECTER,REPUBLICAN,FALSE,2230404,4418042,0.504839927
1980,PENNSYLVANIA,PA,US SENATE,statewide,FRANK KINCES,COMMUNIST,FALSE,3334,4418042,0.000754633
1980,PENNSYLVANIA,PA,US SENATE,statewide,DAVID K. WALTER,LIBERTARIAN,FALSE,18595,4418042,0.004208878
1980,SOUTH CAROLINA,SC,US SENATE,statewide,MARSHALL MAYS,REPUBLICAN,FALSE,257946,870500,0.296319357
1980,SOUTH CAROLINA,SC,US SENATE,statewide,ERNEST FRITZ HOLLINGS,DEMOCRAT,FALSE,612554,870500,0.703680643
1980,SOUTH DAKOTA,SD,US SENATE,statewide,JAMES ABDNOR,REPUBLICAN,FALSE,190594,327478,0.582005509
1980,SOUTH DAKOTA,SD,US SENATE,statewide,GEORGE MCGOVERN,DEMOCRAT,FALSE,129018,327478,0.393974557
1980,SOUTH DAKOTA,SD,US SENATE,statewide,WAYNE PETERSON,INDEPENDENT,FALSE,7866,327478,0.024019934
1980,UTAH,UT,US SENATE,statewide,BRUCE BANGERTER,INDEPENDENT,FALSE,3186,594298,0.005360947
1980,UTAH,UT,US SENATE,statewide,JAKE GARN,REPUBLICAN,FALSE,437675,594298,0.736457131
1980,UTAH,UT,US SENATE,statewide,GEORGE M. BATCHELOR,AMERICAN,FALSE,1983,594298,0.00333671
1980,UTAH,UT,US SENATE,statewide,DAN BERMAN,DEMOCRAT,FALSE,151454,594298,0.254845212
1980,VERMONT,VT,US SENATE,statewide,STEWART M. LEDBETTER,REPUBLICAN,FALSE,101421,209124,0.484980203
1980,VERMONT,VT,US SENATE,statewide,ANTHONY N. DORIA,INDEPENDENT,FALSE,1776,209124,0.008492569
1980,VERMONT,VT,US SENATE,statewide,PATRICK J. LEAHY,DEMOCRAT,FALSE,104176,209124,0.498154205
1980,VERMONT,VT,US SENATE,statewide,EARL S. GARDINER,SOCIALIST,FALSE,1629,209124,0.007789637
1980,VERMONT,VT,US SENATE,statewide,,,TRUE,122,209124,0.000583386
1980,WASHINGTON,WA,US SENATE,statewide,WARREN G. MAGNUSON,DEMOCRAT,FALSE,792052,1728369,0.458265567
1980,WASHINGTON,WA,US SENATE,statewide,SLADE GORTON,REPUBLICAN,FALSE,936317,1728369,0.541734433
1980,WISCONSIN,WI,US SENATE,statewide,,,TRUE,67,2204202,3.03965E-05
1980,WISCONSIN,WI,US SENATE,statewide,ROBERT W. KASTEN JR.,REPUBLICAN,FALSE,1106311,2204202,0.501909988
1980,WISCONSIN,WI,US SENATE,statewide,GAYLORD A. NELSON,DEMOCRAT,FALSE,1065487,2204202,0.483389
1980,WISCONSIN,WI,US SENATE,statewide,SUSAN L. HAGEN,SOCIALIST WORKERS,FALSE,6502,2204202,0.00294982
1980,WISCONSIN,WI,US SENATE,statewide,BERVIN J. LARSON,LIBERTARIAN,FALSE,9679,2204202,0.004391158
1980,WISCONSIN,WI,US SENATE,statewide,JAMES P. WICKSTROM,AMERICAN INDEPENDENT,FALSE,16156,2204202,0.007329637
1982,ARIZONA,AZ,US SENATE,statewide,DENNIS DECONCINI,DEMOCRAT,FALSE,411970,723885,0.569109734
1982,ARIZONA,AZ,US SENATE,statewide,,,TRUE,66,723885,9.11747E-05
1982,ARIZONA,AZ,US SENATE,statewide,PETE DUNN,REPUBLICAN,FALSE,291749,723885,0.40303225
1982,ARIZONA,AZ,US SENATE,statewide,"RANDALL ""PETE BARDO"" CLAMONS",LIBERTARIAN,FALSE,20100,723885,0.027766841
1982,CALIFORNIA,CA,US SENATE,statewide,"THERESA ""TENA"" DIETRICH",AMERICAN INDEPENDENT,FALSE,83809,7805450,0.010737241
1982,CALIFORNIA,CA,US SENATE,statewide,DAVID WALD,PEACE AND FREEDOM,FALSE,96388,7805450,0.012348808
1982,CALIFORNIA,CA,US SENATE,statewide,JOSEPH FUHRIG,LIBERTARIAN,FALSE,107720,7805450,0.013800614
1982,CALIFORNIA,CA,US SENATE,statewide,"EDMUND G. BROWN, JR.",DEMOCRAT,FALSE,3494968,7805450,0.447759963
1982,CALIFORNIA,CA,US SENATE,statewide,PETE WILSON,REPUBLICAN,FALSE,4022565,7805450,0.515353375
1982,CONNECTICUT,CT,US SENATE,statewide,ANTHONY TOBY MOFFETT,DEMOCRAT,FALSE,499146,1083508,0.460675879
1982,CONNECTICUT,CT,US SENATE,statewide,JAMES A. LEWIS,LIBERTARIAN,FALSE,8163,1083508,0.007533862
1982,CONNECTICUT,CT,US SENATE,statewide,"LUCIEN P. DIFAZIO, JR.",CONSERVATIVE,FALSE,30212,1083508,0.027883504
1982,CONNECTICUT,CT,US SENATE,statewide,"LOWELL P. WEICKER, JR.",REPUBLICAN,FALSE,545987,1083508,0.503906755
1982,DELAWARE,DE,US SENATE,statewide,DAVID N. LEVINSON,DEMOCRAT,FALSE,84413,190960,0.442045455
1982,DELAWARE,DE,US SENATE,statewide,"WILLIAM V. ROTH, JR.",REPUBLICAN,FALSE,105357,190960,0.551722874
1982,DELAWARE,DE,US SENATE,statewide,CHARLES A. BAKER,AMERICAN,FALSE,537,190960,0.002812107
1982,DELAWARE,DE,US SENATE,statewide,LAWRENCE D. SULLIVAN,LIBERTARIAN,FALSE,653,190960,0.003419564
1982,FLORIDA,FL,US SENATE,statewide,,,TRUE,422,2653419,0.00015904
1982,FLORIDA,FL,US SENATE,statewide,VAN B. POOLE,REPUBLICAN,FALSE,1015330,2653419,0.382649706
1982,FLORIDA,FL,US SENATE,statewide,LAWTON CHILES,DEMOCRAT,FALSE,1637667,2653419,0.617191254
1982,HAWAII,HI,US SENATE,statewide,SPARK MATSUNAGA,DEMOCRAT,FALSE,245386,306410,0.800842009
1982,HAWAII,HI,US SENATE,statewide,E. FLOYD BERNIER-NACHTWEY,INDEPENDENT,FALSE,8953,306410,0.02921902
1982,HAWAII,HI,US SENATE,statewide,CLARENCE J. BROWN,REPUBLICAN,FALSE,52071,306410,0.169938971
1982,INDIANA,IN,US SENATE,statewide,FLOYD J. FITHIAN,DEMOCRAT,FALSE,828400,1817287,0.455844344
1982,INDIANA,IN,US SENATE,statewide,RICHARD G. LUGAR,REPUBLICAN,FALSE,978301,1817287,0.538330489
1982,INDIANA,IN,US SENATE,statewide,RAYMOND JAMES,AMERICAN,FALSE,10586,1817287,0.005825167
1982,MAINE,ME,US SENATE,statewide,,,TRUE,14,459715,3.04537E-05
1982,MAINE,ME,US SENATE,statewide,DAVID F. EMERY,REPUBLICAN,FALSE,179882,459715,0.391290256
1982,MAINE,ME,US SENATE,statewide,GEORGE J. MITCHELL,DEMOCRAT,FALSE,279819,459715,0.60867929
1982,MARYLAND,MD,US SENATE,statewide,PAUL S. SARBANES,DEMOCRAT,FALSE,707356,1114690,0.634576429
1982,MARYLAND,MD,US SENATE,statewide,LAWRENCE J. HOGAN,REPUBLICAN,FALSE,407334,1114690,0.365423571
1982,MASSACHUSETTS,MA,US SENATE,statewide,HOWARD S. KATZ,LIBERTARIAN,FALSE,18878,2050769,0.009205327
1982,MASSACHUSETTS,MA,US SENATE,statewide,RAY SHAMIE,REPUBLICAN,FALSE,784602,2050769,0.382589165
1982,MASSACHUSETTS,MA,US SENATE,statewide,,,TRUE,205,2050769,9.99625E-05
1982,MASSACHUSETTS,MA,US SENATE,statewide,EDWARD M. KENNEDY,DEMOCRAT,FALSE,1247084,2050769,0.608105545
1982,MICHIGAN,MI,US SENATE,statewide,"DONALD W. RIEGLE, JR.",DEMOCRAT,FALSE,1728793,2994334,0.577354764
1982,MICHIGAN,MI,US SENATE,statewide,STEVE BEUMER,SOCIALIST WORKERS,FALSE,4335,2994334,0.001447734
1982,MICHIGAN,MI,US SENATE,statewide,HELEN HALYARD,WORKERS LEAGUE,FALSE,6085,2994334,0.002032171
1982,MICHIGAN,MI,US SENATE,statewide,,,TRUE,42,2994334,1.40265E-05
1982,MICHIGAN,MI,US SENATE,statewide,DANIEL ELLER,AMERICAN INDEPENDENT,FALSE,12660,2994334,0.004227985
1982,MICHIGAN,MI,US SENATE,statewide,PHILIP E. RUPPE,REPUBLICAN,FALSE,1223288,2994334,0.408534252
1982,MICHIGAN,MI,US SENATE,statewide,BETTE ERWIN,LIBERTARIAN,FALSE,19131,2994334,0.006389067
1982,MINNESOTA,MN,US SENATE,statewide,BILL ONASCH,SOCIALIST WORKERS,FALSE,5897,1804675,0.003267624
1982,MINNESOTA,MN,US SENATE,statewide,MARK DAYTON,DEMOCRAT,FALSE,840401,1804675,0.46567997
1982,MINNESOTA,MN,US SENATE,statewide,JEFFREY M. MILLER,NEW UNION,FALSE,3300,1804675,0.001828584
1982,MINNESOTA,MN,US SENATE,statewide,DAVE DURENBERGER,REPUBLICAN,FALSE,949207,1804675,0.525971158
1982,MINNESOTA,MN,US SENATE,statewide,FRED G. HEWITT,LIBERTARIAN,FALSE,5870,1804675,0.003252663
1982,MISSISSIPPI,MS,US SENATE,statewide,JOHN C. STENNIS,DEMOCRAT,FALSE,414099,645026,0.641988075
1982,MISSISSIPPI,MS,US SENATE,statewide,HALEY BARBOUR,REPUBLICAN,FALSE,230927,645026,0.358011925
1982,MISSOURI,MO,US SENATE,statewide,,,TRUE,16,1543521,1.03659E-05
1982,MISSOURI,MO,US SENATE,statewide,HARRIETT WOODS,DEMOCRAT,FALSE,758629,1543521,0.491492503
1982,MISSOURI,MO,US SENATE,statewide,JOHN C. DANFORTH,REPUBLICAN,FALSE,784876,1543521,0.508497131
1982,MONTANA,MT,US SENATE,statewide,LARRY WILLIAMS,REPUBLICAN,FALSE,133789,321062,0.416707676
1982,MONTANA,MT,US SENATE,statewide,JOHN MELCHER,DEMOCRAT,FALSE,174861,321062,0.544633124
1982,MONTANA,MT,US SENATE,statewide,LARRY DODGE,LIBERTARIAN,FALSE,12412,321062,0.0386592
1982,NEBRASKA,NE,US SENATE,statewide,EDWARD ZORINSKY,DEMOCRAT,FALSE,363350,545647,0.665906713
1982,NEBRASKA,NE,US SENATE,statewide,JIM KECK,REPUBLICAN,FALSE,155760,545647,0.28545928
1982,NEBRASKA,NE,US SENATE,statewide,,,TRUE,94,545647,0.000172273
1982,NEBRASKA,NE,US SENATE,statewide,VIRGINIA WALSH,NOMINATED BY PETITION,FALSE,26443,545647,0.048461734
1982,NEVADA,NV,US SENATE,statewide,CHIC HECHT,REPUBLICAN,FALSE,120377,235097,0.512031204
1982,NEVADA,NV,US SENATE,statewide,HOWARD CANNON,DEMOCRAT,FALSE,114720,235097,0.487968796
1982,NEW JERSEY,NJ,US SENATE,statewide,MILLICENT FENWICK,REPUBLICAN,FALSE,1047626,2193945,0.477507868
1982,NEW JERSEY,NJ,US SENATE,statewide,ROSE ZEIDWERG MONYEK,REPEAL TF807 (HR4277-79),FALSE,1830,2193945,0.000834114
1982,NEW JERSEY,NJ,US SENATE,statewide,MARTIN E. WENDELKEN,INDEPENDENT,FALSE,4745,2193945,0.002162771
1982,NEW JERSEY,NJ,US SENATE,statewide,ROBERT T. BASTIEN,GRASSROOTS,FALSE,2955,2193945,0.001346889
1982,NEW JERSEY,NJ,US SENATE,statewide,FRANK R. LAUTENBERG,DEMOCRAT,FALSE,1117549,2193945,0.509378767
1982,NEW JERSEY,NJ,US SENATE,statewide,HENRY KOCH,LIBERTARIAN,FALSE,9934,2193945,0.004527917
1982,NEW JERSEY,NJ,US SENATE,statewide,CLAIRE MORIARTY,SOCIALIST WORKERS,FALSE,3726,2193945,0.001698311
1982,NEW JERSEY,NJ,US SENATE,statewide,JULIUS LEVIN,SOCIALIST LABOR,FALSE,5580,2193945,0.002543364
1982,NEW MEXICO,NM,US SENATE,statewide,HARRISON H. SCHMITT,REPUBLICAN,FALSE,187128,404810,0.462261308
1982,NEW MEXICO,NM,US SENATE,statewide,JEFF BINGAMAN,DEMOCRAT,FALSE,217682,404810,0.537738692
1982,NEW YORK,NY,US SENATE,statewide,FLORENCE M. SULLIVAN,REPUBLICAN,FALSE,1415749,4967729,0.284989177
1982,NEW YORK,NY,US SENATE,statewide,,,TRUE,232,4967729,4.67014E-05
1982,NEW YORK,NY,US SENATE,statewide,STEVEN WATTENMAKER,SOCIALIST WORKERS,FALSE,15206,4967729,0.003060956
1982,NEW YORK,NY,US SENATE,statewide,FLORENCE M. SULLIVAN,CONSERVATIVE,FALSE,175650,4967729,0.035358209
1982,NEW YORK,NY,US SENATE,statewide,DANIEL P. MOYNIHAN,LIBERAL,FALSE,142275,4967729,0.028639847
1982,NEW YORK,NY,US SENATE,statewide,JAMES J. MCKEOWN,FREE LIBERTARIAN,FALSE,23379,4967729,0.004706175
1982,NEW YORK,NY,US SENATE,statewide,DANIEL P. MOYNIHAN,DEMOCRAT,FALSE,3089871,4967729,0.621988639
1982,NEW YORK,NY,US SENATE,statewide,FLORENCE M. SULLIVAN,RIGHT TO LIFE,FALSE,105367,4967729,0.021210295
1982,NORTH DAKOTA,ND,US SENATE,statewide,GENE KNORR,REPUBLICAN,FALSE,89304,262465,0.340251081
1982,NORTH DAKOTA,ND,US SENATE,statewide,ANNA B. BOURGOIS,"GOD, FAMILY, AND COUNTRY",FALSE,8288,262465,0.031577544
1982,NORTH DAKOTA,ND,US SENATE,statewide,QUENTIN N. BURDICK,DEMOCRAT,FALSE,164873,262465,0.628171375
1982,OHIO,OH,US SENATE,statewide,PHILIP HERZING,LIBERTARIAN,FALSE,36103,3395463,0.010632718
1982,OHIO,OH,US SENATE,statewide,PAUL E. PFEIFER,REPUBLICAN,FALSE,1396790,3395463,0.411369525
1982,OHIO,OH,US SENATE,statewide,HOWARD M. METZENBAUM,DEMOCRAT,FALSE,1923767,3395463,0.566569861
1982,OHIO,OH,US SENATE,statewide,ALICIA MEREL,INDEPENDENT,FALSE,38803,3395463,0.011427897
1982,PENNSYLVANIA,PA,US SENATE,statewide,LIANE NORMAN,CONSUMER,FALSE,16530,3604108,0.004586433
1982,PENNSYLVANIA,PA,US SENATE,statewide,KIPP MIRIAM DAWSON,SOCIALIST WORKERS,FALSE,18951,3604108,0.005258167
1982,PENNSYLVANIA,PA,US SENATE,statewide,CYRIL H. WECHT,DEMOCRAT,FALSE,1412965,3604108,0.392042913
1982,PENNSYLVANIA,PA,US SENATE,statewide,JOHN HEINZ,REPUBLICAN,FALSE,2136418,3604108,0.592773025
1982,PENNSYLVANIA,PA,US SENATE,statewide,BARBARA I. KARKUTT,LIBERTARIAN,FALSE,19244,3604108,0.005339463
1982,RHODE ISLAND,RI,US SENATE,statewide,JOHN H. CHAFEE,REPUBLICAN,FALSE,175495,342778,0.511978598
1982,RHODE ISLAND,RI,US SENATE,statewide,JULIUS C. MICHAELSON,DEMOCRAT,FALSE,167283,342778,0.488021402
1982,TENNESSEE,TN,US SENATE,statewide,ROBIN BEARD,REPUBLICAN,FALSE,479642,1259785,0.38073322
1982,TENNESSEE,TN,US SENATE,statewide,,,TRUE,30,1259785,2.38136E-05
1982,TENNESSEE,TN,US SENATE,statewide,JIM SASSER,DEMOCRAT,FALSE,780113,1259785,0.619242966
1982,TEXAS,TX,US SENATE,statewide,LINEAUS HOOPER LORETTE,CITIZENS,FALSE,4564,3103167,0.001470756
1982,TEXAS,TX,US SENATE,statewide,,,TRUE,127,3103167,4.09259E-05
1982,TEXAS,TX,US SENATE,statewide,LLOYD BENTSEN,DEMOCRAT,FALSE,1818223,3103167,0.58592496
1982,TEXAS,TX,US SENATE,statewide,JOHN E. FORD,LIBERTARIAN,FALSE,23494,3103167,0.007570975
1982,TEXAS,TX,US SENATE,statewide,JIM COLLINS,REPUBLICAN,FALSE,1256759,3103167,0.404992384
1982,UTAH,UT,US SENATE,statewide,LAWRENCE R. KAUFFMAN,AMERICAN,FALSE,953,530802,0.001795396
1982,UTAH,UT,US SENATE,statewide,GEORGE MERCIER,LIBERTARIAN,FALSE,1035,530802,0.00194988
1982,UTAH,UT,US SENATE,statewide,ORRIN G. HATCH,REPUBLICAN,FALSE,309332,530802,0.582763441
1982,UTAH,UT,US SENATE,statewide,TED WILSON,DEMOCRAT,FALSE,219482,530802,0.413491283
1982,VERMONT,VT,US SENATE,statewide,ION LASKARIS,CITIZENS,FALSE,897,168002,0.005339222
1982,VERMONT,VT,US SENATE,statewide,ROBERT T. STAFFORD,REPUBLICAN,FALSE,84449,168002,0.502666635
1982,VERMONT,VT,US SENATE,statewide,JERRY LEVY,LIBERTY UNION,FALSE,774,168002,0.004607088
1982,VERMONT,VT,US SENATE,statewide,BO ADLERBERT,LIBERTARIAN,FALSE,892,168002,0.005309461
1982,VERMONT,VT,US SENATE,statewide,,,TRUE,187,168002,0.001113082
1982,VERMONT,VT,US SENATE,statewide,MICHAEL EDWARD HACKETT,INDEPENDENT,FALSE,1463,168002,0.00870823
1982,VERMONT,VT,US SENATE,statewide,JAMES A. GUEST,DEMOCRAT,FALSE,79340,168002,0.472256283
1982,VIRGINIA,VA,US SENATE,statewide,"PAUL S. TRIBLE, JR.",REPUBLICAN,FALSE,724571,1415622,0.511839319
1982,VIRGINIA,VA,US SENATE,statewide,RICHARD J. (DICK) DAVIS,DEMOCRAT,FALSE,690839,1415622,0.488010924
1982,VIRGINIA,VA,US SENATE,statewide,,,TRUE,212,1415622,0.000149757
1982,WASHINGTON,WA,US SENATE,statewide,KING LYSEN,INDEPENDENT,FALSE,72297,1368476,0.052830302
1982,WASHINGTON,WA,US SENATE,statewide,JESSE CHIANG,INDEPENDENT,FALSE,20251,1368476,0.014798213
1982,WASHINGTON,WA,US SENATE,statewide,DOUG JEWETT,REPUBLICAN,FALSE,332273,1368476,0.242805135
1982,WASHINGTON,WA,US SENATE,statewide,HENRY M. JACKSON,DEMOCRAT,FALSE,943655,1368476,0.68956635
1982,WEST VIRGINIA,WV,US SENATE,statewide,WILLIAM B. HOVLAND,SOCIALIST WORKERS,FALSE,4234,565314,0.007489643
1982,WEST VIRGINIA,WV,US SENATE,statewide,CLEVE BENEDICT,REPUBLICAN,FALSE,173910,565314,0.307634341
1982,WEST VIRGINIA,WV,US SENATE,statewide,ROBERT C. BYRD,DEMOCRAT,FALSE,387170,565314,0.684876016
1982,WISCONSIN,WI,US SENATE,statewide,SCOTT MCCALLUM,REPUBLICAN,FALSE,527355,1544883,0.341355947
1982,WISCONSIN,WI,US SENATE,statewide,WILLIAM OSBORNE HART,LABOR AND FARM,FALSE,21807,1544883,0.014115632
1982,WISCONSIN,WI,US SENATE,statewide,WILLIAM PROXMIRE,DEMOCRAT,FALSE,983311,1544883,0.63649545
1982,WISCONSIN,WI,US SENATE,statewide,GEORGE LILJENFELDT,LIBERTARIAN,FALSE,7947,1544883,0.005144079
1982,WISCONSIN,WI,US SENATE,statewide,SANFORD G. KNAPP,CONSTITUTION,FALSE,4463,1544883,0.002888892
1982,WYOMING,WY,US SENATE,statewide,MALCOLM WALLOP,REPUBLICAN,FALSE,94725,167191,0.566567578
1982,WYOMING,WY,US SENATE,statewide,RODGER MCDANIEL,DEMOCRAT,FALSE,72466,167191,0.433432422
1984,ALABAMA,AL,US SENATE,statewide,HOWELL HEFLIN,DEMOCRAT,FALSE,860535,1371234,0.627562473
1984,ALABAMA,AL,US SENATE,statewide,S. D. (YANA) DAVIS,LIBERTARIAN,FALSE,12191,1371234,0.008890532
1984,ALABAMA,AL,US SENATE,statewide,ALBERT LEE SMITH,REPUBLICAN,FALSE,498508,1371234,0.363546995
1984,ALASKA,AK,US SENATE,statewide,JOHN E. HAVELOCK,DEMOCRAT,FALSE,58804,206438,0.284850657
1984,ALASKA,AK,US SENATE,statewide,OTHER,,FALSE,715,206438,0.00346351
1984,ALASKA,AK,US SENATE,statewide,TED STEVENS,REPUBLICAN,FALSE,146919,206438,0.711685833
1984,ARKANSAS,AR,US SENATE,statewide,DAVID PRYOR,DEMOCRAT,FALSE,502341,875956,0.573477435
1984,ARKANSAS,AR,US SENATE,statewide,ED BETHUNE,REPUBLICAN,FALSE,373615,875956,0.426522565
1984,COLORADO,CO,US SENATE,statewide,"WILLIAM L. ""BILL"" ARMSTRONG",REPUBLICAN,FALSE,833821,1297809,0.642483601
1984,COLORADO,CO,US SENATE,statewide,DAVID MARTIN,SOCIALIST WORKERS,FALSE,2208,1297809,0.001701329
1984,COLORADO,CO,US SENATE,statewide,NANCY DICK,DEMOCRAT,FALSE,449327,1297809,0.346219667
1984,COLORADO,CO,US SENATE,statewide,CRAIG GREEN,LIBERTARIAN,FALSE,11077,1297809,0.008535154
1984,COLORADO,CO,US SENATE,statewide,EARL HIGGERSON,PROHIBITION,FALSE,1376,1297809,0.001060248
1984,DELAWARE,DE,US SENATE,statewide,JOSEPH R. BIDEN JR.,DEMOCRAT,FALSE,147831,245932,0.601105184
1984,DELAWARE,DE,US SENATE,statewide,JOHN M. BURRIS,REPUBLICAN,FALSE,98101,245932,0.398894816
1984,GEORGIA,GA,US SENATE,statewide,MIKE HICKS,REPUBLICAN,FALSE,337196,1681344,0.200551464
1984,GEORGIA,GA,US SENATE,statewide,OTHER,,FALSE,44,1681344,2.61695E-05
1984,GEORGIA,GA,US SENATE,statewide,SAM NUNN,DEMOCRAT,FALSE,1344104,1681344,0.799422367
1984,IDAHO,ID,US SENATE,statewide,PETER M. BUSCH,DEMOCRAT,FALSE,105591,406168,0.259968781
1984,IDAHO,ID,US SENATE,statewide,DONALD B. BILLINGS,LIBERTARIAN,FALSE,7384,406168,0.018179669
1984,IDAHO,ID,US SENATE,statewide,JAMES A. MCCLURE,REPUBLICAN,FALSE,293193,406168,0.721851549
1984,ILLINOIS,IL,US SENATE,statewide,NELSON GONZALEZ,SOCIALIST WORKERS,FALSE,4913,4787335,0.001026249
1984,ILLINOIS,IL,US SENATE,statewide,OTHER,,FALSE,273,4787335,5.70255E-05
1984,ILLINOIS,IL,US SENATE,statewide,CHARLES H. PERCY,REPUBLICAN,FALSE,2308039,4787335,0.482113535
1984,ILLINOIS,IL,US SENATE,statewide,STEVEN I. GIVOT,LIBERTARIAN,FALSE,59777,4787335,0.012486488
1984,ILLINOIS,IL,US SENATE,statewide,PAUL SIMON,DEMOCRAT,FALSE,2397165,4787335,0.500730573
1984,ILLINOIS,IL,US SENATE,statewide,MARJORIE H. PRIES,CITIZENS,FALSE,12366,4787335,0.002583066
1984,ILLINOIS,IL,US SENATE,statewide,ISHMAEL FLORY,COMMUNIST,FALSE,4802,4787335,0.001003063
1984,IOWA,IA,US SENATE,statewide,ROGER W. JEPSEN,REPUBLICAN,FALSE,564381,1292700,0.436590856
1984,IOWA,IA,US SENATE,statewide,GARRY DE YOUNG,INDEPENDENT,FALSE,11014,1292700,0.008520152
1984,IOWA,IA,US SENATE,statewide,OTHER,,FALSE,422,1292700,0.000326449
1984,IOWA,IA,US SENATE,statewide,TOM HARKIN,DEMOCRAT,FALSE,716883,1292700,0.554562544
1984,KANSAS,KS,US SENATE,statewide,JAMES R. MAHER,DEMOCRAT,FALSE,211664,996729,0.212358625
1984,KANSAS,KS,US SENATE,statewide,FREDA H. STEELE,PROHIBITION,FALSE,4610,996729,0.004625129
1984,KANSAS,KS,US SENATE,statewide,MARIAN RUCK JACKSON,AMERICAN,FALSE,6918,996729,0.006940703
1984,KANSAS,KS,US SENATE,statewide,DOUGLAS N. MERRITT,LIBERTARIAN,FALSE,6755,996729,0.006777168
1984,KANSAS,KS,US SENATE,statewide,LUCILLE BIEGER,COMMUNIST,FALSE,9380,996729,0.009410783
1984,KANSAS,KS,US SENATE,statewide,NANCY LANDON KASSEBAUM,REPUBLICAN,FALSE,757402,996729,0.759887592
1984,KENTUCKY,KY,US SENATE,statewide,WALTER (DEE) HUDDLESTON,DEMOCRAT,FALSE,639721,1292407,0.494984165
1984,KENTUCKY,KY,US SENATE,statewide,DAVE WELTERS,SOCIALIST WORKERS,FALSE,7696,1292407,0.00595478
1984,KENTUCKY,KY,US SENATE,statewide,MITCH MCCONNELL,REPUBLICAN,FALSE,644990,1292407,0.499061054
1984,LOUISIANA,LA,US SENATE,statewide,J. BENNETT JOHNSTON JR.,DEMOCRAT,FALSE,1,1,1
1984,MAINE,ME,US SENATE,statewide,P. ANN STODDARD,CONSTITUTIONALIST,FALSE,4338,551406,0.007867161
1984,MAINE,ME,US SENATE,statewide,WILLIAM S. COHEN,REPUBLICAN,FALSE,404414,551406,0.733423285
1984,MAINE,ME,US SENATE,statewide,ELIZABETH H. MITCHELL,DEMOCRAT,FALSE,142626,551406,0.258658774
1984,MAINE,ME,US SENATE,statewide,OTHER,,FALSE,28,551406,5.07793E-05
1984,MASSACHUSETTS,MA,US SENATE,statewide,OTHER,,FALSE,408,2530471,0.000161235
1984,MASSACHUSETTS,MA,US SENATE,statewide,JOHN F. KERRY,DEMOCRAT,FALSE,1393150,2530471,0.55054968
1984,MASSACHUSETTS,MA,US SENATE,statewide,RAYMOND SHAMIE,REPUBLICAN,FALSE,1136913,2530471,0.449289085
1984,MICHIGAN,MI,US SENATE,statewide,LYNN JOHNSTON,LIBERTARIAN,FALSE,7786,3700938,0.002103791
1984,MICHIGAN,MI,US SENATE,statewide,MAX DEAN,INDEPENDENT,FALSE,2135,3700938,0.000576881
1984,MICHIGAN,MI,US SENATE,statewide,ARTHUR RICHARD TISCH,TISCH INDEPENDENT CITIZENS,FALSE,22882,3700938,0.006182757
1984,MICHIGAN,MI,US SENATE,statewide,OTHER,,FALSE,23,3700938,6.21464E-06
1984,MICHIGAN,MI,US SENATE,statewide,CARL LEVIN,DEMOCRAT,FALSE,1915831,3700938,0.517660928
1984,MICHIGAN,MI,US SENATE,statewide,SAMUEL L. WEBB,COMMUNIST,FALSE,1196,3700938,0.000323161
1984,MICHIGAN,MI,US SENATE,statewide,WILLIAM ROUNDTREE,WORKERS WORLD,FALSE,2279,3700938,0.00061579
1984,MICHIGAN,MI,US SENATE,statewide,HELEN MEYERS,SOCIALIST WORKERS,FALSE,2686,3700938,0.000725762
1984,MICHIGAN,MI,US SENATE,statewide,FRED MAZELIS,WORKERS LEAGUE,FALSE,818,3700938,0.000221025
1984,MICHIGAN,MI,US SENATE,statewide,JACK LOUSMA,REPUBLICAN,FALSE,1745302,3700938,0.47158369
1984,MINNESOTA,MN,US SENATE,statewide,OTHER,,FALSE,240,2066143,0.000116158
1984,MINNESOTA,MN,US SENATE,statewide,JOAN ANDERSON GROWE,DEMOCRAT,FALSE,852844,2066143,0.412771042
1984,MINNESOTA,MN,US SENATE,statewide,RICHARD PUTMAN,LIBERTARIAN,FALSE,4653,2066143,0.002252022
1984,MINNESOTA,MN,US SENATE,statewide,ELEANOR GARCIA,SOCIALIST WORKERS,FALSE,5351,2066143,0.00258985
1984,MINNESOTA,MN,US SENATE,statewide,JEFFREY M. MILLER,NEW UNION,FALSE,3129,2066143,0.001514416
1984,MINNESOTA,MN,US SENATE,statewide,RUDY BOSCHWITZ,REPUBLICAN,FALSE,1199926,2066143,0.580756511
1984,MISSISSIPPI,MS,US SENATE,statewide,WILLIAM F. WINTER,DEMOCRAT,FALSE,371926,952240,0.390580106
1984,MISSISSIPPI,MS,US SENATE,statewide,THAD COCHRAN,REPUBLICAN,FALSE,580314,952240,0.609419894
1984,MONTANA,MT,US SENATE,statewide,NEIL HALPRIN,LIBERTARIAN,FALSE,9143,379155,0.024114149
1984,MONTANA,MT,US SENATE,statewide,MAX BAUCUS,DEMOCRAT,FALSE,215704,379155,0.568907175
1984,MONTANA,MT,US SENATE,statewide,CHUCK COZZENS,REPUBLICAN,FALSE,154308,379155,0.406978676
1984,NEBRASKA,NE,US SENATE,statewide,OTHER,,FALSE,304,639668,0.000475247
1984,NEBRASKA,NE,US SENATE,statewide,J. J. EXON,DEMOCRAT,FALSE,332217,639668,0.51935848
1984,NEBRASKA,NE,US SENATE,statewide,NANCY HOCH,REPUBLICAN,FALSE,307147,639668,0.480166274
1984,NEW HAMPSHIRE,NH,US SENATE,statewide,NORMAN E. D'AMOURS,DEMOCRAT,FALSE,157447,384369,0.409624606
1984,NEW HAMPSHIRE,NH,US SENATE,statewide,GORDON J. HUMPHREY,REPUBLICAN,FALSE,225828,384369,0.587529171
1984,NEW HAMPSHIRE,NH,US SENATE,statewide,SAUNDER H. PRIMACK,LIBERTARIAN,FALSE,1094,384369,0.002846223
1984,NEW JERSEY,NJ,US SENATE,statewide,HAROLD F. LEIENDECKER,LIBERTARIAN,FALSE,7135,3096456,0.002304247
1984,NEW JERSEY,NJ,US SENATE,statewide,BILL BRADLEY,DEMOCRAT,FALSE,1986644,3096456,0.641586381
1984,NEW JERSEY,NJ,US SENATE,statewide,JAMES T. HAGEN,PROLIFE FISCAL CONSERVATIVE,FALSE,10409,3096456,0.003361585
1984,NEW JERSEY,NJ,US SENATE,statewide,MARY V. MOCHARY,REPUBLICAN,FALSE,1080100,3096456,0.348818133
1984,NEW JERSEY,NJ,US SENATE,statewide,JASPER C. GOULD,CONTEMPT OF COURT,FALSE,2891,3096456,0.000933648
1984,NEW JERSEY,NJ,US SENATE,statewide,JULIUS LEVIN,SOCIALIST LABOR,FALSE,6053,3096456,0.001954815
1984,NEW JERSEY,NJ,US SENATE,statewide,PRISCILLA SCHENK,SOCIALIST WORKERS,FALSE,3224,3096456,0.00104119
1984,NEW MEXICO,NM,US SENATE,statewide,PETE V. DOMENICI,REPUBLICAN,FALSE,361371,502634,0.718954547
1984,NEW MEXICO,NM,US SENATE,statewide,OTHER,,FALSE,10,502634,1.98952E-05
1984,NEW MEXICO,NM,US SENATE,statewide,JUDITH A. PRATT,DEMOCRAT,FALSE,141253,502634,0.281025557
1984,NORTH CAROLINA,NC,US SENATE,statewide,JESSE HELMS,REPUBLICAN,FALSE,1156768,2239051,0.516633163
1984,NORTH CAROLINA,NC,US SENATE,statewide,KATE DAHER,SOCIALIST WORKERS,FALSE,2493,2239051,0.001113418
1984,NORTH CAROLINA,NC,US SENATE,statewide,BOBBY YATES EMORY,LIBERTARIAN,FALSE,9302,2239051,0.004154439
1984,NORTH CAROLINA,NC,US SENATE,statewide,JAMES B. (JIM) HUNT JR.,DEMOCRAT,FALSE,1070488,2239051,0.47809898
1984,OKLAHOMA,OK,US SENATE,statewide,DAVID BOREN,DEMOCRAT,FALSE,906131,1197937,0.756409561
1984,OKLAHOMA,OK,US SENATE,statewide,ROBERT T. MURPHY,LIBERTARIAN,FALSE,11168,1197937,0.009322694
1984,OKLAHOMA,OK,US SENATE,statewide,WILL E. BILL CROZIER,REPUBLICAN,FALSE,280638,1197937,0.234267745
1984,OREGON,OR,US SENATE,statewide,MARK O. HATFIELD,REPUBLICAN,FALSE,808152,1214735,0.665290784
1984,OREGON,OR,US SENATE,statewide,MARGIE HENDRIKSEN,DEMOCRAT,FALSE,406122,1214735,0.33432971
1984,OREGON,OR,US SENATE,statewide,OTHER,,FALSE,461,1214735,0.000379507
1984,RHODE ISLAND,RI,US SENATE,statewide,BARBARA M. LEONARD,REPUBLICAN,FALSE,107545,393356,0.273403736
1984,RHODE ISLAND,RI,US SENATE,statewide,CLAIBORNE DEB. PELL,DEMOCRAT,FALSE,285811,393356,0.726596264
1984,SOUTH CAROLINA,SC,US SENATE,statewide,STROM THURMOND,REPUBLICAN,FALSE,644815,965130,0.668112068
1984,SOUTH CAROLINA,SC,US SENATE,statewide,MELVIN PURVIS,DEMOCRAT,FALSE,306982,965130,0.318073213
1984,SOUTH CAROLINA,SC,US SENATE,statewide,STEPHEN DAVIS,LIBERTARIAN,FALSE,13333,965130,0.013814719
1984,SOUTH DAKOTA,SD,US SENATE,statewide,GEORGE V. CUNNINGHAM,DEMOCRAT,FALSE,80537,315713,0.255095609
1984,SOUTH DAKOTA,SD,US SENATE,statewide,LARRY PRESSLER,REPUBLICAN,FALSE,235176,315713,0.744904391
1984,TENNESSEE,TN,US SENATE,statewide,VICTOR ASHE,REPUBLICAN,FALSE,557016,1648036,0.337987762
1984,TENNESSEE,TN,US SENATE,statewide,ALBERT GORE JR.,DEMOCRAT,FALSE,1000607,1648036,0.607151179
1984,TENNESSEE,TN,US SENATE,statewide,KHALIL-ULLAH AL-MUHAYMIN,INDEPENDENT,FALSE,3179,1648036,0.001928963
1984,TENNESSEE,TN,US SENATE,statewide,ED MCATEER,INDEPENDENT,FALSE,87234,1648036,0.052932096
1984,TEXAS,TX,US SENATE,statewide,LLOYD DOGGETT,DEMOCRAT,FALSE,2202557,5314178,0.414468051
1984,TEXAS,TX,US SENATE,statewide,PHIL GRAMM,REPUBLICAN,FALSE,3111348,5314178,0.585480577
1984,TEXAS,TX,US SENATE,statewide,OTHER,,FALSE,273,5314178,5.1372E-05
1984,VIRGINIA,VA,US SENATE,statewide,OTHER,,FALSE,151,2007487,7.52184E-05
1984,VIRGINIA,VA,US SENATE,statewide,"EDYTHE C. ""EDIE"" HARRISON",DEMOCRAT,FALSE,601142,2007487,0.299450009
1984,VIRGINIA,VA,US SENATE,statewide,JOHN W. WARNER,REPUBLICAN,FALSE,1406194,2007487,0.700474773
1984,WEST VIRGINIA,WV,US SENATE,statewide,"MARY E. ""JOAN"" RADIN",SOCIALIST WORKERS,FALSE,3299,722212,0.004567911
1984,WEST VIRGINIA,WV,US SENATE,statewide,JOHN R. RAESE,REPUBLICAN,FALSE,344680,722212,0.477255986
1984,WEST VIRGINIA,WV,US SENATE,statewide,JAY ROCKEFELLER,DEMOCRAT,FALSE,374233,722212,0.518176103
1984,WYOMING,WY,US SENATE,statewide,VICTOR A. RYAN,DEMOCRAT,FALSE,40525,186898,0.216829501
1984,WYOMING,WY,US SENATE,statewide,AL SIMPSON,REPUBLICAN,FALSE,146373,186898,0.783170499
1986,ALABAMA,AL,US SENATE,statewide,RICHARD SHELBY,DEMOCRAT,FALSE,609360,1211897,0.502815008
1986,ALABAMA,AL,US SENATE,statewide,JEREMIAH DENTON,REPUBLICAN,FALSE,602537,1211897,0.497184992
1986,ALASKA,AK,US SENATE,statewide,CHUCK HOUSE,LIBERTARIAN,FALSE,3161,180801,0.01748331
1986,ALASKA,AK,US SENATE,statewide,,,TRUE,239,180801,0.001321895
1986,ALASKA,AK,US SENATE,statewide,FRANK H. MURKOWSKI,REPUBLICAN,FALSE,97674,180801,0.540229313
1986,ALASKA,AK,US SENATE,statewide,GLENN OLDS,DEMOCRAT,FALSE,79727,180801,0.440965481
1986,ARIZONA,AZ,US SENATE,statewide,,,TRUE,18,862921,2.08594E-05
1986,ARIZONA,AZ,US SENATE,statewide,,,TRUE,28,862921,3.24479E-05
1986,ARIZONA,AZ,US SENATE,statewide,RICHARD KIMBALL,DEMOCRAT,FALSE,340965,862921,0.39512887
1986,ARIZONA,AZ,US SENATE,statewide,JOHN MCCAIN,REPUBLICAN,FALSE,521850,862921,0.604748291
1986,ARIZONA,AZ,US SENATE,statewide,,,TRUE,60,862921,6.95313E-05
1986,ARKANSAS,AR,US SENATE,statewide,ASA HUTCHINSON,REPUBLICAN,FALSE,262313,695487,0.37716449
1986,ARKANSAS,AR,US SENATE,statewide,DALE BUMPERS,DEMOCRAT,FALSE,433122,695487,0.622760742
1986,ARKANSAS,AR,US SENATE,statewide,,,TRUE,52,695487,7.47678E-05
1986,CALIFORNIA,CA,US SENATE,statewide,"EDWARD B. ""ED"" VALLEN",INDEPENDENT,FALSE,109856,7398462,0.014848491
1986,CALIFORNIA,CA,US SENATE,statewide,ALAN CRANSTON,DEMOCRAT,FALSE,3646672,7398462,0.492895956
1986,CALIFORNIA,CA,US SENATE,statewide,BRECK MCKINLEY,LIBERTARIAN,FALSE,66261,7398462,0.008956051
1986,CALIFORNIA,CA,US SENATE,statewide,PAUL KANGAS,PEACE AND FREEDOM,FALSE,33869,7398462,0.004577843
1986,CALIFORNIA,CA,US SENATE,statewide,ED ZSCHAU,REPUBLICAN,FALSE,3541804,7398462,0.478721659
1986,COLORADO,CO,US SENATE,statewide,HENRY JOHN OLSHAW,UNAFFILIATED AMERICAN,FALSE,1868,1060765,0.001760993
1986,COLORADO,CO,US SENATE,statewide,KEN KRAMER,REPUBLICAN,FALSE,512994,1060765,0.483607585
1986,COLORADO,CO,US SENATE,statewide,TIMOTHY E. WIRTH,DEMOCRAT,FALSE,529449,1060765,0.499119975
1986,COLORADO,CO,US SENATE,statewide,MICHAEL R. CHAMBERLAIN,SOCIALIST WORKERS,FALSE,3756,1060765,0.003540841
1986,COLORADO,CO,US SENATE,statewide,MICHAEL MARTIN BUSH,INDEPENDENT,FALSE,11127,1060765,0.010489599
1986,COLORADO,CO,US SENATE,statewide,CALVIN G. DODGE,PROHIBITION,FALSE,1571,1060765,0.001481007
1986,CONNECTICUT,CT,US SENATE,statewide,"EDWARD J. MCCALLUM, JR.",NONE,FALSE,3800,976933,0.003889724
1986,CONNECTICUT,CT,US SENATE,statewide,ROGER W. EDDY,REPUBLICAN,FALSE,340438,976933,0.348476303
1986,CONNECTICUT,CT,US SENATE,statewide,CHRISTOPHER J. DODD,DEMOCRAT,FALSE,632695,976933,0.647633973
1986,FLORIDA,FL,US SENATE,statewide,,,TRUE,77,3429996,2.2449E-05
1986,FLORIDA,FL,US SENATE,statewide,PAULA HAWKINS,REPUBLICAN,FALSE,1552376,3429996,0.452588283
1986,FLORIDA,FL,US SENATE,statewide,BOB GRAHAM,DEMOCRAT,FALSE,1877543,3429996,0.547389268
1986,GEORGIA,GA,US SENATE,statewide,MACK MATTINGLY,REPUBLICAN,FALSE,601241,1225008,0.490805774
1986,GEORGIA,GA,US SENATE,statewide,,,TRUE,60,1225008,4.89793E-05
1986,GEORGIA,GA,US SENATE,statewide,WYCHE FOWLER JR.,DEMOCRAT,FALSE,623707,1225008,0.509145246
1986,HAWAII,HI,US SENATE,statewide,FRANK HUTCHINSON,REPUBLICAN,FALSE,86910,328797,0.264327229
1986,HAWAII,HI,US SENATE,statewide,DANIEL K. INOUYE,DEMOCRAT,FALSE,241887,328797,0.735672771
1986,IDAHO,ID,US SENATE,statewide,STEVE SYMMS,REPUBLICAN,FALSE,196958,382024,0.515564467
1986,IDAHO,ID,US SENATE,statewide,JOHN V. EVANS,DEMOCRAT,FALSE,185066,382024,0.484435533
1986,ILLINOIS,IL,US SENATE,statewide,ALAN J. DIXON,DEMOCRAT,FALSE,2033783,3122883,0.651251744
1986,ILLINOIS,IL,US SENATE,statewide,OMARI MUSA,SOCIALIST WORKERS,FALSE,5671,3122883,0.00181595
1986,ILLINOIS,IL,US SENATE,statewide,DONALD M. PARRISH JR.,LIBERTARIAN,FALSE,13891,3122883,0.004448133
1986,ILLINOIS,IL,US SENATE,statewide,ELINAR V. DYHRKOPP,ILLINOIS SOLIDARITY,FALSE,15804,3122883,0.005060708
1986,ILLINOIS,IL,US SENATE,statewide,JUDY KOEHLER,REPUBLICAN,FALSE,1053734,3122883,0.337423464
1986,INDIANA,IN,US SENATE,statewide,JILL LYNETTE LONG,DEMOCRAT,FALSE,595192,1545563,0.385097211
1986,INDIANA,IN,US SENATE,statewide,DAN QUAYLE,REPUBLICAN,FALSE,936143,1545563,0.605697083
1986,INDIANA,IN,US SENATE,statewide,BRADFORD L. WARREN,LIBERTARIAN,FALSE,8314,1545563,0.00537927
1986,INDIANA,IN,US SENATE,statewide,ROCKLAND R. SNYDER,AMERICAN,FALSE,5914,1545563,0.003826437
1986,IOWA,IA,US SENATE,statewide,JOHN MASTERS,NOMINATED BY PETITION,FALSE,3370,891762,0.003779035
1986,IOWA,IA,US SENATE,statewide,CHARLES E. GRASSLEY,REPUBLICAN,FALSE,588880,891762,0.660355566
1986,IOWA,IA,US SENATE,statewide,JOHN O. ROEHRICK,DEMOCRAT,FALSE,299406,891762,0.335746533
1986,IOWA,IA,US SENATE,statewide,SCATTER,,FALSE,106,891762,0.000118866
1986,KANSAS,KS,US SENATE,statewide,BOB DOLE,REPUBLICAN,FALSE,576902,823566,0.700492735
1986,KANSAS,KS,US SENATE,statewide,GUY MACDONALD,DEMOCRAT,FALSE,246664,823566,0.299507265
1986,KENTUCKY,KY,US SENATE,statewide,JACKSON M. ANDREWS,REPUBLICAN,FALSE,173330,677280,0.255920742
1986,KENTUCKY,KY,US SENATE,statewide,WENDELL H. FORD,DEMOCRAT,FALSE,503775,677280,0.743820872
1986,KENTUCKY,KY,US SENATE,statewide,,,TRUE,175,677280,0.000258386
1986,LOUISIANA,LA,US SENATE,statewide,W. HENSON MOORE,REPUBLICAN,FALSE,646311,1369897,0.471795325
1986,LOUISIANA,LA,US SENATE,statewide,JOHN B. BREAUX,DEMOCRAT,FALSE,723586,1369897,0.528204675
1986,MARYLAND,MD,US SENATE,statewide,,,TRUE,1,1112637,8.98766E-07
1986,MARYLAND,MD,US SENATE,statewide,LINDA CHAVEZ,REPUBLICAN,FALSE,437411,1112637,0.393130015
1986,MARYLAND,MD,US SENATE,statewide,BARBARA A. MIKULSKI,DEMOCRAT,FALSE,675225,1112637,0.606869087
1986,MISSOURI,MO,US SENATE,statewide,BETTY SHEPHERD,INDEPENDENT,FALSE,91,1477327,6.15977E-05
1986,MISSOURI,MO,US SENATE,statewide,CHRISTOPHER (KIT) BOND,REPUBLICAN,FALSE,777612,1477327,0.52636417
1986,MISSOURI,MO,US SENATE,statewide,HARRIETT WOODS,DEMOCRAT,FALSE,699624,1477327,0.473574232
1986,NEVADA,NV,US SENATE,statewide,OTHER,,FALSE,9472,261932,0.036162057
1986,NEVADA,NV,US SENATE,statewide,JIM SANTINI,REPUBLICAN,FALSE,116606,261932,0.445176611
1986,NEVADA,NV,US SENATE,statewide,HARRY REID,DEMOCRAT,FALSE,130955,261932,0.499958004
1986,NEVADA,NV,US SENATE,statewide,KENT CROMWELL,LIBERTARIAN,FALSE,4899,261932,0.018703328
1986,NEW HAMPSHIRE,NH,US SENATE,statewide,WARREN B. RUDMAN,REPUBLICAN,FALSE,154090,244735,0.629619793
1986,NEW HAMPSHIRE,NH,US SENATE,statewide,ENDICOTT PEABODY,DEMOCRAT,FALSE,79222,244735,0.323705232
1986,NEW HAMPSHIRE,NH,US SENATE,statewide,BRUCE VALLEY,INDEPENDENT,FALSE,11423,244735,0.046674975
1986,NEW YORK,NY,US SENATE,statewide,JOHN DYSON,LIBERAL,FALSE,60099,4484859,0.013400421
1986,NEW YORK,NY,US SENATE,statewide,ALFONSE M. D'AMATO,RIGHT TO LIFE,FALSE,135836,4484859,0.030287686
1986,NEW YORK,NY,US SENATE,statewide,OTHER,,FALSE,305412,4484859,0.068098462
1986,NEW YORK,NY,US SENATE,statewide,MARK GREEN,DEMOCRAT,FALSE,1723216,4484859,0.384229694
1986,NEW YORK,NY,US SENATE,statewide,MICHARL SHUR,SOCIALIST WORKERS,FALSE,7376,4484859,0.001644645
1986,NEW YORK,NY,US SENATE,statewide,ALFONSE M. D'AMATO,CONSERVATIVE,FALSE,212101,4484859,0.04729268
1986,NEW YORK,NY,US SENATE,statewide,FREDERICK D. NEWMAN,NEW ALLIANCE,FALSE,10559,4484859,0.002354366
1986,NEW YORK,NY,US SENATE,statewide,ALFONSE M. D'AMATO,REPUBLICAN,FALSE,2030260,4484859,0.452692047
1986,NORTH CAROLINA,NC,US SENATE,statewide,TERRY SANFORD,DEMOCRAT,FALSE,780967,1534848,0.508823675
1986,NORTH CAROLINA,NC,US SENATE,statewide,JAMES T. (JIM) BROYHILL,REPUBLICAN,FALSE,753881,1534848,0.491176325
1986,NORTH DAKOTA,ND,US SENATE,statewide,ANNA BELLE BOURGOIS,INDEPENDENT,FALSE,3269,289013,0.01131091
1986,NORTH DAKOTA,ND,US SENATE,statewide,MARK ANDREWS,REPUBLICAN,FALSE,141812,289013,0.49067689
1986,NORTH DAKOTA,ND,US SENATE,statewide,KENT CONRAD,DEMOCRAT,FALSE,143932,289013,0.4980122
1986,OHIO,OH,US SENATE,statewide,JOHN GLENN,DEMOCRAT,FALSE,1949208,3121189,0.62450816
1986,OHIO,OH,US SENATE,statewide,,,TRUE,88,3121189,2.81944E-05
1986,OHIO,OH,US SENATE,statewide,THOMAS N. KINDNESS,REPUBLICAN,FALSE,1171893,3121189,0.375463645
1986,OKLAHOMA,OK,US SENATE,statewide,DON NICKLES,REPUBLICAN,FALSE,493436,893666,0.552148118
1986,OKLAHOMA,OK,US SENATE,statewide,JAMES R. JONES,DEMOCRAT,FALSE,400230,893666,0.447851882
1986,OREGON,OR,US SENATE,statewide,BOB PACKWOOD,REPUBLICAN,FALSE,656317,1042555,0.629527459
1986,OREGON,OR,US SENATE,statewide,RICK BAUMAN,DEMOCRAT,FALSE,375735,1042555,0.360398252
1986,OREGON,OR,US SENATE,statewide,OTHER,,FALSE,10503,1042555,0.010074289
1986,PENNSYLVANIA,PA,US SENATE,statewide,LANCE S. HAVER,CONSUMER,FALSE,23470,3378226,0.006947433
1986,PENNSYLVANIA,PA,US SENATE,statewide,BOB EDGAR,DEMOCRAT,FALSE,1448219,3378226,0.42869216
1986,PENNSYLVANIA,PA,US SENATE,statewide,ARLEN SPECTER,REPUBLICAN,FALSE,1906537,3378226,0.564360407
1986,SOUTH CAROLINA,SC,US SENATE,statewide,RAY HILLYARD,AMERICAN,FALSE,4588,737962,0.006217122
1986,SOUTH CAROLINA,SC,US SENATE,statewide,STEVEN B. VANDERVELDE,LIBERTARIAN,FALSE,4789,737962,0.006489494
1986,SOUTH CAROLINA,SC,US SENATE,statewide,,,TRUE,199,737962,0.000269662
1986,SOUTH CAROLINA,SC,US SENATE,statewide,HENRY D. MCMASTER,REPUBLICAN,FALSE,262886,737962,0.356232435
1986,SOUTH CAROLINA,SC,US SENATE,statewide,ERNEST FRITZ HOLLINGS,DEMOCRAT,FALSE,465500,737962,0.630791287
1986,SOUTH DAKOTA,SD,US SENATE,statewide,THOMAS A. DASCHLE,DEMOCRAT,FALSE,152657,295830,0.516029476
1986,SOUTH DAKOTA,SD,US SENATE,statewide,JAMES ABDNOR,REPUBLICAN,FALSE,143173,295830,0.483970524
1986,UTAH,UT,US SENATE,statewide,HUGH A. BUTLER,LIBERTARIAN,FALSE,3023,435111,0.006947652
1986,UTAH,UT,US SENATE,statewide,CRAIG S. OLIVER,DEMOCRAT,FALSE,115523,435111,0.265502366
1986,UTAH,UT,US SENATE,statewide,"E. J. ""JAKE"" GARN",REPUBLICAN,FALSE,314608,435111,0.723052279
1986,UTAH,UT,US SENATE,statewide,MARY ZINS,SOCIALIST WORKERS,FALSE,1863,435111,0.004281666
1986,UTAH,UT,US SENATE,statewide,,,TRUE,94,435111,0.000216037
1986,VERMONT,VT,US SENATE,statewide,DICK SNELLING,REPUBLICAN,FALSE,67798,196532,0.344971811
1986,VERMONT,VT,US SENATE,statewide,PATRICK LEAHY,DEMOCRAT,FALSE,124123,196532,0.631566361
1986,VERMONT,VT,US SENATE,statewide,JERRY LEVY,LIBERTY UNION,FALSE,1583,196532,0.008054668
1986,VERMONT,VT,US SENATE,statewide,ANTHONY N. DORIA,CONSERVATIVE,FALSE,2963,196532,0.015076425
1986,VERMONT,VT,US SENATE,statewide,SCATTER,,FALSE,65,196532,0.000330735
1986,WASHINGTON,WA,US SENATE,statewide,SLADE GORTON,REPUBLICAN,FALSE,650931,1337367,0.486725783
1986,WASHINGTON,WA,US SENATE,statewide,JILL FEIN,SOCIALIST WORKERS,FALSE,8965,1337367,0.00670347
1986,WASHINGTON,WA,US SENATE,statewide,BROCK ADAMS,DEMOCRAT,FALSE,677471,1337367,0.506570747
1986,WISCONSIN,WI,US SENATE,statewide,SCATTER,,FALSE,1212,1483174,0.000817166
1986,WISCONSIN,WI,US SENATE,statewide,EUGENE A. HEM,THIRD PARTY,FALSE,2234,1483174,0.001506229
1986,WISCONSIN,WI,US SENATE,statewide,PETER Y. TAYLOR SR.,INDEPENDENT,FALSE,19266,1483174,0.01298971
1986,WISCONSIN,WI,US SENATE,statewide,MARGO STORSTEEN,SOCIALIST WORKERS,FALSE,2926,1483174,0.001972796
1986,WISCONSIN,WI,US SENATE,statewide,EDWARD R. GARVEY,DEMOCRAT,FALSE,702963,1483174,0.473958551
1986,WISCONSIN,WI,US SENATE,statewide,ROBERT W. KASTEN JR.,REPUBLICAN,FALSE,754573,1483174,0.508755547
1988,ARIZONA,AZ,US SENATE,statewide,ED FINKELSTEIN,NEW ALLIANCE,FALSE,5195,1164539,0.004460993
1988,ARIZONA,AZ,US SENATE,statewide,RICK TOMPKINS,LIBERTARIAN,FALSE,20849,1164539,0.017903222
1988,ARIZONA,AZ,US SENATE,statewide,,,TRUE,32,1164539,2.74787E-05
1988,ARIZONA,AZ,US SENATE,statewide,KEITH DEGREEN,REPUBLICAN,FALSE,478060,1164539,0.410514375
1988,ARIZONA,AZ,US SENATE,statewide,DENNIS DECONCINI,DEMOCRAT,FALSE,660403,1164539,0.567093932
1988,CALIFORNIA,CA,US SENATE,statewide,PETE WILSON,REPUBLICAN,FALSE,5143409,9743598,0.52787574
1988,CALIFORNIA,CA,US SENATE,statewide,,,TRUE,51,9743598,5.23421E-06
1988,CALIFORNIA,CA,US SENATE,statewide,M. ELIZABETH MUNOZ,PEACE AND FREEDOM,FALSE,166600,9743598,0.017098407
1988,CALIFORNIA,CA,US SENATE,statewide,MERTON D. SHORT,INDEPENDENT,FALSE,66288,9743598,0.006803236
1988,CALIFORNIA,CA,US SENATE,statewide,LEO MCCARTHY,DEMOCRAT,FALSE,4287253,9743598,0.440007172
1988,CALIFORNIA,CA,US SENATE,statewide,JACK DEAN,LIBERTARIAN,FALSE,79997,9743598,0.008210211
1988,CONNECTICUT,CT,US SENATE,statewide,"HOWARD AVORY GRAYSON, JR.",LIBERTARIAN,FALSE,12409,1383526,0.008969112
1988,CONNECTICUT,CT,US SENATE,statewide,,,TRUE,10,1383526,7.22791E-06
1988,CONNECTICUT,CT,US SENATE,statewide,"LOWELL P. WEICHER, JR.",REPUBLICAN,FALSE,678454,1383526,0.490380376
1988,CONNECTICUT,CT,US SENATE,statewide,JOE LIEBERMAN,DEMOCRAT,FALSE,688499,1383526,0.497640811
1988,CONNECTICUT,CT,US SENATE,statewide,MELISSA M. FISHER,NEW ALLIANCE,FALSE,4154,1383526,0.003002473
1988,DELAWARE,DE,US SENATE,statewide,"WILLIAM V. ROTH, JR.",REPUBLICAN,FALSE,151115,243493,0.620613324
1988,DELAWARE,DE,US SENATE,statewide,S. B. WOO,DEMOCRAT,FALSE,92378,243493,0.379386676
1988,FLORIDA,FL,US SENATE,statewide,CONNIE MACK,REPUBLICAN,FALSE,2051071,4068209,0.504170508
1988,FLORIDA,FL,US SENATE,statewide,,,TRUE,585,4068209,0.000143798
1988,FLORIDA,FL,US SENATE,statewide,BUDDY MACKAY,DEMOCRAT,FALSE,2016553,4068209,0.495685694
1988,HAWAII,HI,US SENATE,statewide,KEN SCHOOLLAND,LIBERTARIAN,FALSE,8948,323876,0.027627858
1988,HAWAII,HI,US SENATE,statewide,SPARK MATSUNAGA,DEMOCRAT,FALSE,247941,323876,0.765542986
1988,HAWAII,HI,US SENATE,statewide,MARIA M. HUSTACE,REPUBLICAN,FALSE,66987,323876,0.206829157
1988,INDIANA,IN,US SENATE,statewide,JACK WICKES,DEMOCRAT,FALSE,668778,2099303,0.31857145
1988,INDIANA,IN,US SENATE,statewide,RICHARD G. LUGAR,REPUBLICAN,FALSE,1430525,2099303,0.68142855
1988,MAINE,ME,US SENATE,statewide,GEORGE J. MITCHELL,DEMOCRAT,FALSE,452581,556745,0.81290537
1988,MAINE,ME,US SENATE,statewide,JASPER S. WYMAN,REPUBLICAN,FALSE,104164,556745,0.18709463
1988,MARYLAND,MD,US SENATE,statewide,ALAN L. KEYES,REPUBLICAN,FALSE,617537,1617065,0.381887556
1988,MARYLAND,MD,US SENATE,statewide,PAUL S. SARBANES,DEMOCRAT,FALSE,999166,1617065,0.617888582
1988,MARYLAND,MD,US SENATE,statewide,,,TRUE,362,1617065,0.000223862
1988,MASSACHUSETTS,MA,US SENATE,statewide,FREDA LEE NASON,LIBERTARIAN,FALSE,13199,2606225,0.005064413
1988,MASSACHUSETTS,MA,US SENATE,statewide,OTHER,,FALSE,207,2606225,7.94252E-05
1988,MASSACHUSETTS,MA,US SENATE,statewide,EDWARD M. KENNEDY,DEMOCRAT,FALSE,1693344,2606225,0.649730549
1988,MASSACHUSETTS,MA,US SENATE,statewide,JOSEPH D. MALONE,REPUBLICAN,FALSE,884267,2606225,0.339290353
1988,MASSACHUSETTS,MA,US SENATE,statewide,MARY FRIDLEY,NEW ALLIANCE,FALSE,15208,2606225,0.00583526
1988,MICHIGAN,MI,US SENATE,statewide,OTHER,,FALSE,4877,3505985,0.00139105
1988,MICHIGAN,MI,US SENATE,statewide,DICK M. JACOBS,LIBERTARIAN,FALSE,27116,3505985,0.007734203
1988,MICHIGAN,MI,US SENATE,statewide,JIM DUNN,REPUBLICAN,FALSE,1348219,3505985,0.384547852
1988,MICHIGAN,MI,US SENATE,statewide,SALLY BIER,WORKERS AGAINST CONCESSIONS,FALSE,8908,3505985,0.002540798
1988,MICHIGAN,MI,US SENATE,statewide,"DONALD W. RIEGLE, JR.",DEMOCRAT,FALSE,2116865,3505985,0.603786097
1988,MINNESOTA,MN,US SENATE,statewide,,,TRUE,415,2093953,0.00019819
1988,MINNESOTA,MN,US SENATE,statewide,POLLY MANN,PROGRESSIVE ISSUES,FALSE,44474,2093953,0.021239254
1988,MINNESOTA,MN,US SENATE,statewide,WENDY LYONS,SOCIALIST WORKERS,FALSE,3105,2093953,0.001482841
1988,MINNESOTA,MN,US SENATE,statewide,ARLEN OVERVIG,LIBERTARIAN,FALSE,4039,2093953,0.001928888
1988,MINNESOTA,MN,US SENATE,statewide,DAVE DURENBERGER,REPUBLICAN,FALSE,1176210,2093953,0.561717479
1988,MINNESOTA,MN,US SENATE,statewide,"HUBERT H. ""SKIP"" HUMPHREY III",DEMOCRATIC-FARMER-LABOR,FALSE,856694,2093953,0.409127617
1988,MINNESOTA,MN,US SENATE,statewide,DERRICK P. GRIMMER,GRASSROOTS,FALSE,9016,2093953,0.004305732
1988,MISSISSIPPI,MS,US SENATE,statewide,TRENT LOTT,REPUBLICAN,FALSE,510380,946719,0.539104
1988,MISSISSIPPI,MS,US SENATE,statewide,WAYNE DOWDY,DEMOCRAT,FALSE,436339,946719,0.460896
1988,MISSOURI,MO,US SENATE,statewide,JOHN C. DANFORTH,REPUBLICAN,FALSE,1407416,2078875,0.677008478
1988,MISSOURI,MO,US SENATE,statewide,JOHN GUZE,LIBERTARIAN,FALSE,11410,2078875,0.005488545
1988,MISSOURI,MO,US SENATE,statewide,JEREMIAH W. (JAY) NIXON,DEMOCRAT,FALSE,660045,2078875,0.317501052
1988,MISSOURI,MO,US SENATE,statewide,,,TRUE,4,2078875,1.92412E-06
1988,MONTANA,MT,US SENATE,statewide,CONRAD BURNS,REPUBLICAN,FALSE,189445,365254,0.518666462
1988,MONTANA,MT,US SENATE,statewide,JOHN MELCHER,DEMOCRAT,FALSE,175809,365254,0.481333538
1988,NEBRASKA,NE,US SENATE,statewide,BOB KERREY,DEMOCRAT,FALSE,378717,667860,0.567060462
1988,NEBRASKA,NE,US SENATE,statewide,ERNIE CHAMBERS,NEW ALLIANCE,FALSE,10372,667860,0.015530201
1988,NEBRASKA,NE,US SENATE,statewide,,,TRUE,521,667860,0.000780104
1988,NEBRASKA,NE,US SENATE,statewide,DAVE KARNES,REPUBLICAN,FALSE,278250,667860,0.416629234
1988,NEVADA,NV,US SENATE,statewide,CHIC HECHT,REPUBLICAN,FALSE,161336,342407,0.471181956
1988,NEVADA,NV,US SENATE,statewide,RICHARD H. BRYAN,DEMOCRAT,FALSE,175548,342407,0.512688117
1988,NEVADA,NV,US SENATE,statewide,JAMES FRYE,LIBERTARIAN,FALSE,5523,342407,0.016129927
1988,NEW JERSEY,NJ,US SENATE,statewide,JOSEPH F. JOB,INDEPENDENT,FALSE,20091,2987634,0.006724719
1988,NEW JERSEY,NJ,US SENATE,statewide,FRANK R. LAUTENBERG,DEMOCRAT,FALSE,1599905,2987634,0.535509035
1988,NEW JERSEY,NJ,US SENATE,statewide,THOMAS A. FISKE,SOCIALIST WORKERS,FALSE,5347,2987634,0.001789711
1988,NEW JERSEY,NJ,US SENATE,statewide,JERRY ZELDIN,LIBERTARIAN,FALSE,12354,2987634,0.004135045
1988,NEW JERSEY,NJ,US SENATE,statewide,PETER M. DAWKINS,REPUBLICAN,FALSE,1349937,2987634,0.451841491
1988,NEW MEXICO,NM,US SENATE,statewide,JEFF BINGAMAN,DEMOCRAT,FALSE,321983,508598,0.633079564
1988,NEW MEXICO,NM,US SENATE,statewide,BILL VALENTINE,REPUBLICAN,FALSE,186579,508598,0.366849653
1988,NEW MEXICO,NM,US SENATE,statewide,,,TRUE,36,508598,7.07828E-05
1988,NEW YORK,NY,US SENATE,statewide,WILLIAM P. MCMILLEN,LIBERTARIAN,FALSE,12064,6040980,0.001997027
1988,NEW YORK,NY,US SENATE,statewide,ROBERT R. MCMILLAN,CONSERVATIVE,FALSE,189226,6040980,0.031323726
1988,NEW YORK,NY,US SENATE,statewide,LYDIA BAYONETA,WORKERS WORLD,FALSE,13573,6040980,0.002246821
1988,NEW YORK,NY,US SENATE,statewide,"JAMES E. HARRIS, JR.",SOCIALIST WORKERS,FALSE,11239,6040980,0.00186046
1988,NEW YORK,NY,US SENATE,statewide,ROBERT R. MCMILLAN,REPUBLICAN,FALSE,1686558,6040980,0.279186159
1988,NEW YORK,NY,US SENATE,statewide,OTHER,,FALSE,56,6040980,9.27002E-06
1988,NEW YORK,NY,US SENATE,statewide,DANIEL PATRICK MOYNIHAN,LIBERAL,FALSE,141471,6040980,0.023418551
1988,NEW YORK,NY,US SENATE,statewide,CHARLENE MITCHELL,INDEPENDENT PROGRESSIVE LINE,FALSE,14770,6040980,0.002444968
1988,NEW YORK,NY,US SENATE,statewide,ADELLE R. NATHANSON,RIGHT TO LIFE,FALSE,64845,6040980,0.010734186
1988,NEW YORK,NY,US SENATE,statewide,DANIEL PATRICK MOYNIHAN,DEMOCRAT,FALSE,3907178,6040980,0.646778834
1988,NORTH DAKOTA,ND,US SENATE,statewide,QUENTIN N. BURDICK,DEMOCRAT,FALSE,171899,289170,0.594456548
1988,NORTH DAKOTA,ND,US SENATE,statewide,EARL STRINDEN,REPUBLICAN,FALSE,112937,289170,0.390555728
1988,NORTH DAKOTA,ND,US SENATE,statewide,KENNETH C. GARDNER,LIBERTARIAN,FALSE,4334,289170,0.014987723
1988,OHIO,OH,US SENATE,statewide,,,TRUE,151,4352905,3.46895E-05
1988,OHIO,OH,US SENATE,statewide,HOWARD M. METZENBAUM,DEMOCRAT,FALSE,2480038,4352905,0.569743194
1988,OHIO,OH,US SENATE,statewide,GEORGE V VOINOVICH,REPUBLICAN,FALSE,1872716,4352905,0.430222116
1988,PENNSYLVANIA,PA,US SENATE,statewide,JOE VIGNOLA,DEMOCRAT,FALSE,1416764,4366598,0.324454873
1988,PENNSYLVANIA,PA,US SENATE,statewide,SAM BLANCATO,NEW ALLIANCE,FALSE,4569,4366598,0.001046352
1988,PENNSYLVANIA,PA,US SENATE,statewide,JOHN HEINZ,REPUBLICAN,FALSE,2901715,4366598,0.664525335
1988,PENNSYLVANIA,PA,US SENATE,statewide,DARCY RICHARDSON,CONSUMER,FALSE,25273,4366598,0.005787801
1988,PENNSYLVANIA,PA,US SENATE,statewide,HENRY HALLER III,LIBERTARIAN,FALSE,11822,4366598,0.002707371
1988,PENNSYLVANIA,PA,US SENATE,statewide,"SAMUEL CROSS, JR.",POPULIST,FALSE,6455,4366598,0.001478268
1988,RHODE ISLAND,RI,US SENATE,statewide,RICHARD A. LICHT,DEMOCRAT,FALSE,180717,397990,0.454074223
1988,RHODE ISLAND,RI,US SENATE,statewide,JOHN H. CHAFFEE,REPUBLICAN,FALSE,217273,397990,0.545925777
1988,TENNESSEE,TN,US SENATE,statewide,,,TRUE,45,1567181,2.8714E-05
1988,TENNESSEE,TN,US SENATE,statewide,JIM SASSER,DEMOCRAT,FALSE,1020061,1567181,0.65088908
1988,TENNESSEE,TN,US SENATE,statewide,BILL ANDERSEN,REPUBLICAN,FALSE,541033,1567181,0.345226876
1988,TENNESSEE,TN,US SENATE,statewide,KHALIL-ULLAH AL-MUHAYMIN,INDEPENDENT,FALSE,6042,1567181,0.00385533
1988,TEXAS,TX,US SENATE,statewide,,,TRUE,583,5323606,0.000109512
1988,TEXAS,TX,US SENATE,statewide,LLOYD BENTSEN,DEMOCRAT,FALSE,3149806,5323606,0.591667753
1988,TEXAS,TX,US SENATE,statewide,BEAU BOULTER,REPUBLICAN,FALSE,2129228,5323606,0.399959727
1988,TEXAS,TX,US SENATE,statewide,JEFF DAIELL,LIBERTARIAN,FALSE,43989,5323606,0.008263008
1988,UTAH,UT,US SENATE,statewide,BRIAN H. MOSS,DEMOCRAT,FALSE,203364,640702,0.317408093
1988,UTAH,UT,US SENATE,statewide,ROBERT J. SMITH,AMERICAN,FALSE,6016,640702,0.009389701
1988,UTAH,UT,US SENATE,statewide,ORRIN G. HATCH,REPUBLICAN,FALSE,430089,640702,0.671277755
1988,UTAH,UT,US SENATE,statewide,WILLIAM M. ARTH,SOCIALIST WORKERS,FALSE,1233,640702,0.001924452
1988,VERMONT,VT,US SENATE,statewide,SCATTER,,FALSE,508,240108,0.002115715
1988,VERMONT,VT,US SENATE,statewide,JERRY LEVY,LIBERTY UNION,FALSE,2533,240108,0.010549419
1988,VERMONT,VT,US SENATE,statewide,KING MILNE,INDEPENDENT,FALSE,2424,240108,0.010095457
1988,VERMONT,VT,US SENATE,statewide,JAMES M. JEFFORDS,REPUBLICAN,FALSE,163183,240108,0.679623336
1988,VERMONT,VT,US SENATE,statewide,BILL GRAY,DEMOCRAT,FALSE,71460,240108,0.297616073
1988,VIRGINIA,VA,US SENATE,statewide,CHARLES S. ROBB,DEMOCRAT,FALSE,1474086,2068897,0.712498496
1988,VIRGINIA,VA,US SENATE,statewide,,,TRUE,1159,2068897,0.000560202
1988,VIRGINIA,VA,US SENATE,statewide,MAURICE A. DAWKINS,REPUBLICAN,FALSE,593652,2068897,0.286941303
1988,WASHINGTON,WA,US SENATE,statewide,SLADE GORTON,REPUBLICAN,FALSE,944359,1848542,0.510866943
1988,WASHINGTON,WA,US SENATE,statewide,MIKE LOWRY,DEMOCRAT,FALSE,904183,1848542,0.489133057
1988,WEST VIRGINIA,WV,US SENATE,statewide,ROBERT C. BYRD,DEMOCRAT,FALSE,410983,634547,0.647679368
1988,WEST VIRGINIA,WV,US SENATE,statewide,M. JAY WOLFE,REPUBLICAN,FALSE,223564,634547,0.352320632
1988,WISCONSIN,WI,US SENATE,statewide,SCATTER,,FALSE,933,2168190,0.000430313
1988,WISCONSIN,WI,US SENATE,statewide,GEORGE W. ZAEHRINGER,INDEPENDENT,FALSE,3965,2168190,0.001828714
1988,WISCONSIN,WI,US SENATE,statewide,ARLYN F. WOLLENBURG,INDEPENDENT,FALSE,1198,2168190,0.000552535
1988,WISCONSIN,WI,US SENATE,statewide,HERBERT H. KOHL,DEMOCRAT,FALSE,1128625,2168190,0.520537868
1988,WISCONSIN,WI,US SENATE,statewide,SUSAN ENGELEITER,REPUBLICAN,FALSE,1030440,2168190,0.475253553
1988,WISCONSIN,WI,US SENATE,statewide,PATRICIA GROGAN,INDEPENDENT,FALSE,3029,2168190,0.001397018
1988,WYOMING,WY,US SENATE,statewide,JOHN P. VINICH,DEMOCRAT,FALSE,89821,180964,0.49634734
1988,WYOMING,WY,US SENATE,statewide,MALCOLM WALLOP,REPUBLICAN,FALSE,91143,180964,0.50365266
1990,ALABAMA,AL,US SENATE,statewide,,,TRUE,150,1185154,0.000126566
1990,ALABAMA,AL,US SENATE,statewide,HOWELL HEFLIN,DEMOCRAT,FALSE,717814,1185154,0.605671499
1990,ALABAMA,AL,US SENATE,statewide,BILL CABANISS,REPUBLICAN,FALSE,467190,1185154,0.394201935
1990,ALASKA,AK,US SENATE,statewide,MICHAEL BEASLEY,DEMOCRAT,FALSE,61152,189957,0.321925488
1990,ALASKA,AK,US SENATE,statewide,TED STEVENS,REPUBLICAN,FALSE,125806,189957,0.662286728
1990,ALASKA,AK,US SENATE,statewide,,,TRUE,2999,189957,0.015787784
1990,ARKANSAS,AR,US SENATE,statewide,DAVID H. PRYOR,DEMOCRAT,FALSE,493910,494735,0.998332441
1990,ARKANSAS,AR,US SENATE,statewide,,,TRUE,825,494735,0.001667559
1990,COLORADO,CO,US SENATE,statewide,EARL F. DODGE,PROHIBITION,FALSE,11801,1022027,0.011546662
1990,COLORADO,CO,US SENATE,statewide,JOHN HECKMAN,CONCERNS OF PEOPLE,FALSE,15432,1022027,0.015099405
1990,COLORADO,CO,US SENATE,statewide,HANK BROWN,REPUBLICAN,FALSE,569048,1022027,0.556783725
1990,COLORADO,CO,US SENATE,statewide,JOSIE HEATH,DEMOCRAT,FALSE,425746,1022027,0.416570208
1990,DELAWARE,DE,US SENATE,statewide,JOSEPH R. BIDEN JR.,DEMOCRAT,FALSE,112918,180157,0.626775535
1990,DELAWARE,DE,US SENATE,statewide,M. JANE BRADY,REPUBLICAN,FALSE,64554,180157,0.358320798
1990,DELAWARE,DE,US SENATE,statewide,,,TRUE,5,180157,2.77536E-05
1990,DELAWARE,DE,US SENATE,statewide,LEE ROSENBAUM,LIBERTARIAN,FALSE,2680,180157,0.014875914
1990,GEORGIA,GA,US SENATE,statewide,SAM NUNN,DEMOCRAT,FALSE,1033439,1033439,1
1990,HAWAII,HI,US SENATE,statewide,KEN SCHOOLLAND,LIBERTARIAN,FALSE,4787,349666,0.013690207
1990,HAWAII,HI,US SENATE,statewide,PATRICIA F. SAIKI,REPUBLICAN,FALSE,155978,349666,0.446077114
1990,HAWAII,HI,US SENATE,statewide,DANIEL K. AKAKA,DEMOCRAT,FALSE,188901,349666,0.540232679
1990,IDAHO,ID,US SENATE,statewide,RON J. TWILEGAR,DEMOCRAT,FALSE,122295,315936,0.387087891
1990,IDAHO,ID,US SENATE,statewide,LARRY E. CRAIG,REPUBLICAN,FALSE,193641,315936,0.612912109
1990,ILLINOIS,IL,US SENATE,statewide,PAUL SIMON,DEMOCRAT,FALSE,2115377,3251005,0.650684019
1990,ILLINOIS,IL,US SENATE,statewide,LYNN MARTIN,REPUBLICAN,FALSE,1135628,3251005,0.349315981
1990,INDIANA,IN,US SENATE,statewide,BARON P. HILL,DEMOCRAT,FALSE,696639,1502687,0.463595546
1990,INDIANA,IN,US SENATE,statewide,DAN COATS,REPUBLICAN,FALSE,806048,1502687,0.536404454
1990,IOWA,IA,US SENATE,statewide,SCATTER,,FALSE,1089,983933,0.001106783
1990,IOWA,IA,US SENATE,statewide,TOM HARKIN,DEMOCRAT,FALSE,535975,983933,0.544727131
1990,IOWA,IA,US SENATE,statewide,THOMAS J. TAUKE,REPUBLICAN,FALSE,446869,983933,0.454166087
1990,KANSAS,KS,US SENATE,statewide,DICK WILLIAMS,DEMOCRAT,FALSE,207491,786235,0.263904558
1990,KANSAS,KS,US SENATE,statewide,NANCY LANDON KASSEBAUM,REPUBLICAN,FALSE,578605,786235,0.73591865
1990,KANSAS,KS,US SENATE,statewide,,,TRUE,139,786235,0.000176792
1990,KENTUCKY,KY,US SENATE,statewide,MITCH MCCONNELL,REPUBLICAN,FALSE,478034,916010,0.521865482
1990,KENTUCKY,KY,US SENATE,statewide,G. HARVEY SLOANE,DEMOCRAT,FALSE,437976,916010,0.478134518
1990,LOUISIANA,LA,US SENATE,statewide,J. BENNETT JOHNSTON,DEMOCRAT,FALSE,1,1,1
1990,MAINE,ME,US SENATE,statewide,OTHER,,FALSE,100,520320,0.000192189
1990,MAINE,ME,US SENATE,statewide,WILLIAM S. COHEN,REPUBLICAN,FALSE,319167,520320,0.613405212
1990,MAINE,ME,US SENATE,statewide,NEIL ROLDE,DEMOCRAT,FALSE,201053,520320,0.386402598
1990,MASSACHUSETTS,MA,US SENATE,statewide,JOHN F. KERRY,DEMOCRAT,FALSE,1321712,2424579,0.545130515
1990,MASSACHUSETTS,MA,US SENATE,statewide,JIM RAPPAPORT,REPUBLICAN,FALSE,992917,2424579,0.409521406
1990,MASSACHUSETTS,MA,US SENATE,statewide,OTHER,,FALSE,109950,2424579,0.045348079
1990,MICHIGAN,MI,US SENATE,statewide,SUSAN FARQUHAR,WORKERS WORLD,FALSE,32796,2560494,0.012808466
1990,MICHIGAN,MI,US SENATE,statewide,CARL LEVIN,DEMOCRAT,FALSE,1471753,2560494,0.574792599
1990,MICHIGAN,MI,US SENATE,statewide,,,TRUE,250,2560494,9.76374E-05
1990,MICHIGAN,MI,US SENATE,statewide,BILL SCHUETTE,REPUBLICAN,FALSE,1055695,2560494,0.412301298
1990,MINNESOTA,MN,US SENATE,statewide,RUDY BOSCHWITZ,REPUBLICAN,FALSE,864375,1808045,0.478071619
1990,MINNESOTA,MN,US SENATE,statewide,PAUL DAVID WELLSTONE,DEMOCRAT,FALSE,911999,1808045,0.504411671
1990,MINNESOTA,MN,US SENATE,statewide,,,TRUE,1851,1808045,0.001023758
1990,MINNESOTA,MN,US SENATE,statewide,RUSSELL B. BENTLEY,GRASSROOTS,FALSE,29820,1808045,0.016492952
1990,MISSISSIPPI,MS,US SENATE,statewide,THAD COCHRAN,REPUBLICAN,FALSE,274244,274244,1
1990,MONTANA,MT,US SENATE,statewide,MAX BAUCUS,DEMOCRAT,FALSE,217563,319336,0.681298068
1990,MONTANA,MT,US SENATE,statewide,ALLEN C. KOLSTAD,REPUBLICAN,FALSE,93836,319336,0.293847233
1990,MONTANA,MT,US SENATE,statewide,WESTLEY F. DEITCHLER,LIBERTARIAN,FALSE,7937,319336,0.024854698
1990,NEBRASKA,NE,US SENATE,statewide,HAL DAUB,REPUBLICAN,FALSE,243013,593828,0.409231293
1990,NEBRASKA,NE,US SENATE,statewide,J. JAMES EXON,DEMOCRAT,FALSE,349779,593828,0.589024095
1990,NEBRASKA,NE,US SENATE,statewide,,,TRUE,1036,593828,0.001744613
1990,NEW HAMPSHIRE,NH,US SENATE,statewide,JOHN G. ELSNAU,LIBERTARIAN,FALSE,9717,291393,0.033346717
1990,NEW HAMPSHIRE,NH,US SENATE,statewide,ROBERT C. SMITH,REPUBLICAN,FALSE,189792,291393,0.651326559
1990,NEW HAMPSHIRE,NH,US SENATE,statewide,JOHN A. DURKIN,DEMOCRAT,FALSE,91299,291393,0.313319126
1990,NEW HAMPSHIRE,NH,US SENATE,statewide,,,TRUE,585,291393,0.002007598
1990,NEW JERSEY,NJ,US SENATE,statewide,LOUIS M. STEFANELLI,LIBERTARIAN,FALSE,13988,1938454,0.00721606
1990,NEW JERSEY,NJ,US SENATE,statewide,JOHN L. KUCEK,POPULIST,FALSE,19978,1938454,0.010306151
1990,NEW JERSEY,NJ,US SENATE,statewide,CHRISTINE TODD WHITMAN,REPUBLICAN,FALSE,918874,1938454,0.474024145
1990,NEW JERSEY,NJ,US SENATE,statewide,BILL BRADLEY,DEMOCRAT,FALSE,977810,1938454,0.504427755
1990,NEW JERSEY,NJ,US SENATE,statewide,DON MACKLE,SOCIALIST WORKERS,FALSE,7804,1938454,0.004025889
1990,NEW MEXICO,NM,US SENATE,statewide,TOM R. BENAVIDES,DEMOCRAT,FALSE,110033,406938,0.270392541
1990,NEW MEXICO,NM,US SENATE,statewide,PETE V. DOMENICI,REPUBLICAN,FALSE,296712,406938,0.729133185
1990,NEW MEXICO,NM,US SENATE,statewide,,,TRUE,193,406938,0.000474274
1990,NORTH CAROLINA,NC,US SENATE,statewide,,,TRUE,681,2069585,0.000329051
1990,NORTH CAROLINA,NC,US SENATE,statewide,HARVEY B. GANTT,DEMOCRAT,FALSE,981573,2069585,0.474284941
1990,NORTH CAROLINA,NC,US SENATE,statewide,JESSE HELMS,REPUBLICAN,FALSE,1087331,2069585,0.525386007
1990,OKLAHOMA,OK,US SENATE,statewide,STEPHEN JONES,REPUBLICAN,FALSE,148814,884498,0.168246847
1990,OKLAHOMA,OK,US SENATE,statewide,DAVID L. BOREN,DEMOCRAT,FALSE,735684,884498,0.831753153
1990,OREGON,OR,US SENATE,statewide,MARK O. HATFIELD,REPUBLICAN,FALSE,590095,1099255,0.536813569
1990,OREGON,OR,US SENATE,statewide,OTHER,,FALSE,1417,1099255,0.001289055
1990,OREGON,OR,US SENATE,statewide,HARRY LONSDALE,DEMOCRAT,FALSE,507743,1099255,0.461897376
1990,RHODE ISLAND,RI,US SENATE,statewide,CLAUDINE SCHNEIDER,REPUBLICAN,FALSE,138947,364062,0.38165752
1990,RHODE ISLAND,RI,US SENATE,statewide,CLAIBORNE PELL,DEMOCRAT,FALSE,225105,364062,0.618315012
1990,RHODE ISLAND,RI,US SENATE,statewide,,,TRUE,10,364062,2.74678E-05
1990,SOUTH CAROLINA,SC,US SENATE,statewide,,,TRUE,450,750716,0.000599428
1990,SOUTH CAROLINA,SC,US SENATE,statewide,STROM THURMOND,REPUBLICAN,FALSE,482032,750716,0.642096345
1990,SOUTH CAROLINA,SC,US SENATE,statewide,BOB CUNNINGHAM,DEMOCRAT,FALSE,244112,750716,0.325172236
1990,SOUTH CAROLINA,SC,US SENATE,statewide,WILLIAM H. GRIFFIN,LIBERTARIAN,FALSE,13805,750716,0.018389111
1990,SOUTH CAROLINA,SC,US SENATE,statewide,MARION C. METTS,AMERICAN,FALSE,10317,750716,0.01374288
1990,SOUTH DAKOTA,SD,US SENATE,statewide,TED MUENSTER,DEMOCRAT,FALSE,116727,258976,0.450725164
1990,SOUTH DAKOTA,SD,US SENATE,statewide,DEAN L. SINCLAIR,INDEPENDENT,FALSE,6567,258976,0.025357562
1990,SOUTH DAKOTA,SD,US SENATE,statewide,LARRY PRESSLER,REPUBLICAN,FALSE,135682,258976,0.523917274
1990,TENNESSEE,TN,US SENATE,statewide,ALBERT GORE JR.,DEMOCRAT,FALSE,530898,783922,0.677233194
1990,TENNESSEE,TN,US SENATE,statewide,WILLIAM R. HAWKINS,REPUBLICAN,FALSE,233703,783922,0.298120221
1990,TENNESSEE,TN,US SENATE,statewide,CHARLES GORDON VICK,INDEPENDENT,FALSE,8021,783922,0.010231885
1990,TENNESSEE,TN,US SENATE,statewide,,,TRUE,109,783922,0.000139044
1990,TENNESSEE,TN,US SENATE,statewide,BILL JACOX,INDEPENDENT,FALSE,11191,783922,0.014275655
1990,TEXAS,TX,US SENATE,statewide,HUGH PARMER,DEMOCRAT,FALSE,1429986,3822157,0.374130628
1990,TEXAS,TX,US SENATE,statewide,,,TRUE,725,3822157,0.000189683
1990,TEXAS,TX,US SENATE,statewide,GARY JOHNSON,LIBERTARIAN,FALSE,89089,3822157,0.023308566
1990,TEXAS,TX,US SENATE,statewide,PHIL GRAMM,REPUBLICAN,FALSE,2302357,3822157,0.602371122
1990,VIRGINIA,VA,US SENATE,statewide,NANCY B. SPANNAUS,INDEPENDENT,FALSE,196755,1083690,0.181560225
1990,VIRGINIA,VA,US SENATE,statewide,JOHN WARNER,REPUBLICAN,FALSE,876782,1083690,0.80907086
1990,VIRGINIA,VA,US SENATE,statewide,,,TRUE,10153,1083690,0.009368915
1990,WEST VIRGINIA,WV,US SENATE,statewide,JOHN D. ROCKEFELLER IV,DEMOCRAT,FALSE,276234,404305,0.683231719
1990,WEST VIRGINIA,WV,US SENATE,statewide,JOHN YODER,REPUBLICAN,FALSE,128071,404305,0.316768281
1990,WYOMING,WY,US SENATE,statewide,ALAN K. SIMPSON,REPUBLICAN,FALSE,100784,157632,0.639362566
1990,WYOMING,WY,US SENATE,statewide,KATHY HELLING,DEMOCRAT,FALSE,56848,157632,0.360637434
1992,ALABAMA,AL,US SENATE,statewide,RICHARD C. SHELBY,DEMOCRAT,FALSE,1022698,1577799,0.648180155
1992,ALABAMA,AL,US SENATE,statewide,,,TRUE,1275,1577799,0.000808088
1992,ALABAMA,AL,US SENATE,statewide,JEROME SHOCKLEY,LIBERTARIAN,FALSE,31811,1577799,0.02016163
1992,ALABAMA,AL,US SENATE,statewide,RICHARD SELLERS,REPUBLICAN,FALSE,522015,1577799,0.330850127
1992,ALASKA,AK,US SENATE,statewide,FRANK H. MURKOWSKI,REPUBLICAN,FALSE,127163,239714,0.530477986
1992,ALASKA,AK,US SENATE,statewide,TONY SMITH,DEMOCRAT,FALSE,92065,239714,0.38406184
1992,ALASKA,AK,US SENATE,statewide,MARY JORDAN,GREEN,FALSE,20019,239714,0.083512018
1992,ALASKA,AK,US SENATE,statewide,,,TRUE,467,239714,0.001948155
1992,ARIZONA,AZ,US SENATE,statewide,CLAIRE SARGENT,DEMOCRAT,FALSE,436321,1382051,0.315705426
1992,ARIZONA,AZ,US SENATE,statewide,EVAN MECHAM,INDEPENDENT,FALSE,145361,1382051,0.105177739
1992,ARIZONA,AZ,US SENATE,statewide,JOHN MCCAIN,REPUBLICAN,FALSE,771395,1382051,0.55815234
1992,ARIZONA,AZ,US SENATE,statewide,KIANA DELAMARE,LIBERTARIAN,FALSE,22613,1382051,0.016361914
1992,ARIZONA,AZ,US SENATE,statewide,,,TRUE,26,1382051,1.88126E-05
1992,ARIZONA,AZ,US SENATE,statewide,ED FINKELSTEIN,NEW ALLIANCE,FALSE,6335,1382051,0.004583767
1992,ARKANSAS,AR,US SENATE,statewide,DALE BUMPERS,DEMOCRAT,FALSE,553635,920008,0.601771941
1992,ARKANSAS,AR,US SENATE,statewide,MIKE HUCKABEE,REPUBLICAN,FALSE,366373,920008,0.398228059
1992,CALIFORNIA,CA,US SENATE,statewide,DIANNE FEINSTEIN,DEMOCRAT,FALSE,5853651,10782743,0.542872162
1992,CALIFORNIA,CA,US SENATE,statewide,BARBARA BOXER,DEMOCRAT,FALSE,5173467,10799703,0.479037896
1992,CALIFORNIA,CA,US SENATE,statewide,GERALD HORNE,PEACE AND FREEDOM,FALSE,305697,10782743,0.028350578
1992,CALIFORNIA,CA,US SENATE,statewide,JUNE R. GENIS,LIBERTARIAN,FALSE,235919,10799703,0.021844953
1992,CALIFORNIA,CA,US SENATE,statewide,RICHARD B. BODDIE,LIBERTARIAN,FALSE,247799,10782743,0.022981073
1992,CALIFORNIA,CA,US SENATE,statewide,,,TRUE,267,10799703,2.47229E-05
1992,CALIFORNIA,CA,US SENATE,statewide,PAUL MEEUWENBERG,AMERICAN INDEPENDENT,FALSE,281973,10782743,0.026150396
1992,CALIFORNIA,CA,US SENATE,statewide,"JEROME ""JERRY"" MCCREADY",AMERICAN INDEPENDENT,FALSE,373051,10799703,0.034542709
1992,CALIFORNIA,CA,US SENATE,statewide,JOHN SEYMOUR,REPUBLICAN,FALSE,4093501,10782743,0.379634477
1992,CALIFORNIA,CA,US SENATE,statewide,BRUCE HERSCHENSOHN,REPUBLICAN,FALSE,4644182,10799703,0.430028678
1992,CALIFORNIA,CA,US SENATE,statewide,GENEVIEVE TORRES,PEACE AND FREEDOM,FALSE,372817,10799703,0.034521042
1992,CALIFORNIA,CA,US SENATE,statewide,,,TRUE,122,10782743,1.13144E-05
1992,COLORADO,CO,US SENATE,statewide,BEN NIGHTHORSE CAMPBELL,DEMOCRAT,FALSE,803725,1552289,0.517767632
1992,COLORADO,CO,US SENATE,statewide,DAN WINTERS,INDEPENDENT,FALSE,20347,1552289,0.01310774
1992,COLORADO,CO,US SENATE,statewide,TERRY CONSIDINE,REPUBLICAN,FALSE,662893,1552289,0.427042258
1992,COLORADO,CO,US SENATE,statewide,MATT NOAH,CHSRITIAN PRO-LIFE,FALSE,22846,1552289,0.01471762
1992,COLORADO,CO,US SENATE,statewide,HUE FUTCH,LIBERTARIAN,FALSE,23,1552289,1.48168E-05
1992,COLORADO,CO,US SENATE,statewide,RICHARD O. GRIMES,PEROT'S INDEPENDENTS,FALSE,42455,1552289,0.027349933
1992,CONNECTICUT,CT,US SENATE,statewide,CHRISTOPHER J. DODD,A CONNECTICUT PARTY,FALSE,304907,1500661,0.203181798
1992,CONNECTICUT,CT,US SENATE,statewide,BROOK JOHNSON,REPUBLICAN,FALSE,572036,1500661,0.381189356
1992,CONNECTICUT,CT,US SENATE,statewide,RICHARD D. GREGORY,CONCERNED CITIZENS,FALSE,35315,1500661,0.023532963
1992,CONNECTICUT,CT,US SENATE,statewide,CHRISTOPHER J. DODD,DEMOCRAT,FALSE,577662,1500661,0.38493837
1992,CONNECTICUT,CT,US SENATE,statewide,"HOWARD A. GRAYSON, JR.",LIBERTARIAN,FALSE,10741,1500661,0.007157513
1992,FLORIDA,FL,US SENATE,statewide,BILL GRANT,REPUBLICAN,FALSE,1716505,4962290,0.345909852
1992,FLORIDA,FL,US SENATE,statewide,,,TRUE,220,4962290,4.43344E-05
1992,FLORIDA,FL,US SENATE,statewide,BOB GRAHAM,DEMOCRAT,FALSE,3245565,4962290,0.654045814
1992,GEORGIA,GA,US SENATE,statewide,,,TRUE,11,2251587,4.88544E-06
1992,GEORGIA,GA,US SENATE,statewide,"WYCHE FOWLER, JR.",DEMOCRAT,FALSE,618877,1253991,0.493525871
1992,GEORGIA,GA,US SENATE,statewide,"WYCHE FOWLER, JR.",DEMOCRAT,FALSE,1108416,2251587,0.49228211
1992,GEORGIA,GA,US SENATE,statewide,PAUL COVERDELL,REPUBLICAN,FALSE,1073282,2251587,0.476678005
1992,GEORGIA,GA,US SENATE,statewide,JIM HUDSON,LIBERTARIAN,FALSE,69878,2251587,0.031034999
1992,GEORGIA,GA,US SENATE,statewide,PAUL COVERDELL,REPUBLICAN,FALSE,635114,1253991,0.506474129
1992,HAWAII,HI,US SENATE,statewide,RICK REED,REPUBLICAN,FALSE,97928,363662,0.269283016
1992,HAWAII,HI,US SENATE,statewide,DANIEL K. INOUYE,DEMOCRAT,FALSE,208266,363662,0.572691125
1992,HAWAII,HI,US SENATE,statewide,RICHARD O. ROWLAND,LIBERTARIAN,FALSE,7547,363662,0.020752787
1992,HAWAII,HI,US SENATE,statewide,LINDA B. MARTIN,GREEN,FALSE,49921,363662,0.137273072
1992,IDAHO,ID,US SENATE,statewide,DIRK KEMPTHORNE,REPUBLICAN,FALSE,270468,478504,0.565236654
1992,IDAHO,ID,US SENATE,statewide,RICHARD H. STALLINGS,DEMOCRAT,FALSE,208036,478504,0.434763346
1992,ILLINOIS,IL,US SENATE,statewide,JOHN JUSTICE,POPULIST,FALSE,8656,4939558,0.001752384
1992,ILLINOIS,IL,US SENATE,statewide,CHARLES A. WINTER,NATURAL LAW,FALSE,15118,4939558,0.003060598
1992,ILLINOIS,IL,US SENATE,statewide,RICHARD S. WILLIAMSON,REPUBLICAN,FALSE,2126833,4939558,0.430571521
1992,ILLINOIS,IL,US SENATE,statewide,KATHLEEN KAKU,SOCIALIST WORKERS,FALSE,10056,4939558,0.00203581
1992,ILLINOIS,IL,US SENATE,statewide,,,TRUE,28,4939558,5.66852E-06
1992,ILLINOIS,IL,US SENATE,statewide,CAROL MOSELEY-BRAUN,DEMOCRAT,FALSE,2631229,4939558,0.532685111
1992,ILLINOIS,IL,US SENATE,statewide,ALAN J. PORT,NEW ALLIANCE,FALSE,12689,4939558,0.002568853
1992,ILLINOIS,IL,US SENATE,statewide,CHAD KOPPIE,CONSERVATIVE,FALSE,100422,4939558,0.020330159
1992,ILLINOIS,IL,US SENATE,statewide,ANDREW B. SPIEGEL,LIBERTARIAN,FALSE,34527,4939558,0.006989897
1992,INDIANA,IN,US SENATE,statewide,JOSEPH H. HOGSETT,DEMOCRAT,FALSE,900148,2211426,0.407044143
1992,INDIANA,IN,US SENATE,statewide,DAN COATS,REPUBLICAN,FALSE,1267972,2211426,0.573373018
1992,INDIANA,IN,US SENATE,statewide,STEVE DILLON,LIBERTARIAN,FALSE,35733,2211426,0.016158352
1992,INDIANA,IN,US SENATE,statewide,,,TRUE,99,2211426,4.47675E-05
1992,INDIANA,IN,US SENATE,statewide,RAYMOND TIRADO,NEW ALLIANCE,FALSE,7474,2211426,0.00337972
1992,IOWA,IA,US SENATE,statewide,STUART ZIMMERMAN,NATURAL LAW,FALSE,16403,1292494,0.012690968
1992,IOWA,IA,US SENATE,statewide,SUE ATKINSON,,FALSE,6277,1292494,0.004856502
1992,IOWA,IA,US SENATE,statewide,JEAN LLOYD-JONES,DEMOCRAT,FALSE,351561,1292494,0.272002036
1992,IOWA,IA,US SENATE,statewide,CARL ERIC OLSEN,GRASSROOTS,FALSE,3404,1292494,0.002633668
1992,IOWA,IA,US SENATE,statewide,ROSANNE FREEBURG,,FALSE,4999,1292494,0.003867716
1992,IOWA,IA,US SENATE,statewide,CHUCK GRASSLEY,REPUBLICAN,FALSE,899761,1292494,0.69614327
1992,IOWA,IA,US SENATE,statewide,CLEVE ANDREW PULLEY,SOCIALIST WORKERS,FALSE,1370,1292494,0.001059966
1992,IOWA,IA,US SENATE,statewide,RICHARD O'DELL HUGHES,,FALSE,2918,1292494,0.002257651
1992,IOWA,IA,US SENATE,statewide,BLANK VOTE/SCATTERING,,FALSE,293,1292494,0.000226694
1992,IOWA,IA,US SENATE,statewide,MEL BORING,,FALSE,5508,1292494,0.004261528
1992,KANSAS,KS,US SENATE,statewide,BOB DOLE,REPUBLICAN,FALSE,706246,1126447,0.626967802
1992,KANSAS,KS,US SENATE,statewide,CHRISTINA CAMPBELL-CLINE,INDEPENDENT,FALSE,45423,1126447,0.040324134
1992,KANSAS,KS,US SENATE,statewide,MARK B. KIRK,LIBERTARIAN,FALSE,25253,1126447,0.022418276
1992,KANSAS,KS,US SENATE,statewide,GLORIA O'DELL,DEMOCRAT,FALSE,349525,1126447,0.310289787
1992,KENTUCKY,KY,US SENATE,statewide,DAVID L. WILLIAMS,REPUBLICAN,FALSE,476604,1330858,0.358117846
1992,KENTUCKY,KY,US SENATE,statewide,WENDELL H. FORD,DEMOCRAT,FALSE,836888,1330858,0.628833429
1992,KENTUCKY,KY,US SENATE,statewide,JAMES RIDENOUR,LIBERTARIAN,FALSE,17366,1330858,0.013048725
1992,LOUISIANA,LA,US SENATE,statewide,JOHN B. BREAUX,DEMOCRAT,FALSE,1,1,1
1992,MARYLAND,MD,US SENATE,statewide,BARBARA A. MIKULSKI,DEMOCRAT,FALSE,1307610,1841298,0.71015664
1992,MARYLAND,MD,US SENATE,statewide,ALAN L. KEYES,REPUBLICAN,FALSE,533688,1841298,0.28984336
1992,MISSOURI,MO,US SENATE,statewide,CHRISTOPHER S. BOND,REPUBLICAN,FALSE,1221901,2354916,0.518872435
1992,MISSOURI,MO,US SENATE,statewide,GERI ROTHMAN-SEROT,DEMOCRAT,FALSE,1057967,2354916,0.449258912
1992,MISSOURI,MO,US SENATE,statewide,JEANNE F. BOJARSKI,LIBERTARIAN,FALSE,75048,2354916,0.031868653
1992,NEVADA,NV,US SENATE,statewide,"JOE S. GARCIA, JR.",INDEPENDENT AMERICAN,FALSE,11240,495887,0.022666454
1992,NEVADA,NV,US SENATE,statewide,DEMAR DAHL,REPUBLICAN,FALSE,199413,495887,0.402133954
1992,NEVADA,NV,US SENATE,statewide,HARRY TOOTLE,POPULIST,FALSE,4429,495887,0.00893147
1992,NEVADA,NV,US SENATE,statewide,HARRY REID,DEMOCRAT,FALSE,253150,495887,0.510499368
1992,NEVADA,NV,US SENATE,statewide,OTHER,,FALSE,13154,495887,0.026526205
1992,NEVADA,NV,US SENATE,statewide,H. KENT CROMWELL,LIBERTARIAN,FALSE,7222,495887,0.014563802
1992,NEVADA,NV,US SENATE,statewide,LOIS AVERY,NATURAL LAW,FALSE,7279,495887,0.014678747
1992,NEW HAMPSHIRE,NH,US SENATE,statewide,JUDD GREGG,REPUBLICAN,FALSE,249591,518170,0.481677828
1992,NEW HAMPSHIRE,NH,US SENATE,statewide,DAVID HAIGHT,NATURAL LAW,FALSE,1291,518170,0.00249146
1992,NEW HAMPSHIRE,NH,US SENATE,statewide,"KENNETH E. BLEVENS, SR.",INDEPENDENT,FALSE,4752,518170,0.009170735
1992,NEW HAMPSHIRE,NH,US SENATE,statewide,LARRY BRADY,INDEPENDENT,FALSE,9340,518170,0.018024972
1992,NEW HAMPSHIRE,NH,US SENATE,statewide,JOHN RAUH,DEMOCRAT,FALSE,234982,518170,0.453484378
1992,NEW HAMPSHIRE,NH,US SENATE,statewide,KATHERINE M. ALEXANDER,LIBERTARIAN,FALSE,18214,518170,0.035150626
1992,NEW YORK,NY,US SENATE,statewide,ALFONSE D'AMATO,RIGHT TO LIFE,FALSE,224914,7078805,0.031772877
1992,NEW YORK,NY,US SENATE,statewide,ED WARREN,SOCIALIST WORKERS,FALSE,16724,7078805,0.002362546
1992,NEW YORK,NY,US SENATE,statewide,NORMA SEGAL,LIBERTARIAN,FALSE,108530,7078805,0.015331684
1992,NEW YORK,NY,US SENATE,statewide,ALFONSE D'AMATO,CONSERVATIVE,FALSE,289258,7078805,0.040862547
1992,NEW YORK,NY,US SENATE,statewide,BLANK VOTE/SCATTERING,,FALSE,619979,7078805,0.087582438
1992,NEW YORK,NY,US SENATE,statewide,ROBERT ABRAMS,LIBERAL,FALSE,143199,7078805,0.020229262
1992,NEW YORK,NY,US SENATE,statewide,STANLEY NELSON,NATURAL LAW,FALSE,23747,7078805,0.003354662
1992,NEW YORK,NY,US SENATE,statewide,ALFONSE D'AMATO,REPUBLICAN,FALSE,2652822,7078805,0.374755626
1992,NEW YORK,NY,US SENATE,statewide,MOHAMMAD T. MEHDI,NEW ALLIANCE,FALSE,56631,7078805,0.008000079
1992,NEW YORK,NY,US SENATE,statewide,ROBERT ABRAMS,DEMOCRAT,FALSE,2943001,7078805,0.41574828
1992,NORTH CAROLINA,NC,US SENATE,statewide,BOBBY YATES EMORY,LIBERTARIAN,FALSE,85948,2577891,0.033340432
1992,NORTH CAROLINA,NC,US SENATE,statewide,BRUCE KIMBALL,SOCIALIST WORKERS,FALSE,23,2577891,8.92202E-06
1992,NORTH CAROLINA,NC,US SENATE,statewide,MARY ANN ZAKUTNEY,NATURAL LAW,FALSE,13,2577891,5.04288E-06
1992,NORTH CAROLINA,NC,US SENATE,statewide,TERRY SANFORD,DEMOCRAT,FALSE,1194015,2577891,0.46317513
1992,NORTH CAROLINA,NC,US SENATE,statewide,LAUCH FAIRCLOTH,REPUBLICAN,FALSE,1297892,2577891,0.503470473
1992,NORTH DAKOTA,ND,US SENATE,statewide,BYRON L. DORGAN,DEMOCRAT,FALSE,179347,303957,0.590040697
1992,NORTH DAKOTA,ND,US SENATE,statewide,TOM ASBRIDGE,INDEPENDENT,FALSE,6448,303957,0.021213527
1992,NORTH DAKOTA,ND,US SENATE,statewide,STEVE SYDNESS,REPUBLICAN,FALSE,118162,303957,0.388745777
1992,OHIO,OH,US SENATE,statewide,JOHN GLENN,DEMOCRAT,FALSE,2444419,4793953,0.509896321
1992,OHIO,OH,US SENATE,statewide,MICHAEL DEWINE,REPUBLICAN,FALSE,2028300,4793953,0.423095512
1992,OHIO,OH,US SENATE,statewide,MARTHA GREVATT,INDEPENDENT,FALSE,321234,4793953,0.067008166
1992,OKLAHOMA,OK,US SENATE,statewide,DON NICKLES,REPUBLICAN,FALSE,757876,1294423,0.585493305
1992,OKLAHOMA,OK,US SENATE,statewide,THOMAS D. LEDGERWOOD II,INDEPENDENT,FALSE,20972,1294423,0.016201813
1992,OKLAHOMA,OK,US SENATE,statewide,STEVE LEWIS,DEMOCRAT,FALSE,494350,1294423,0.381907614
1992,OKLAHOMA,OK,US SENATE,statewide,ROY V. EDWARDS,INDEPENDENT,FALSE,21225,1294423,0.016397267
1992,OREGON,OR,US SENATE,statewide,LES AUCOIN,DEMOCRAT,FALSE,639851,1376033,0.464996842
1992,OREGON,OR,US SENATE,statewide,OTHER,,FALSE,12934,1376033,0.009399484
1992,OREGON,OR,US SENATE,statewide,,,TRUE,5793,1376033,0.004209928
1992,OREGON,OR,US SENATE,statewide,BOB PACKWOOD,REPUBLICAN,FALSE,717455,1376033,0.521393746
1992,PENNSYLVANIA,PA,US SENATE,statewide,LYNN YEAKEL,DEMOCRAT,FALSE,2224966,4802410,0.463301967
1992,PENNSYLVANIA,PA,US SENATE,statewide,JOHN F PERRY III,LIBERTARIAN,FALSE,219319,4802410,0.045668529
1992,PENNSYLVANIA,PA,US SENATE,statewide,ARLEN SPECTER,REPUBLICAN,FALSE,2358125,4802410,0.491029504
1992,SOUTH CAROLINA,SC,US SENATE,statewide,TOMMY HARTNETT,REPUBLICAN,FALSE,554175,1180438,0.469465571
1992,SOUTH CAROLINA,SC,US SENATE,statewide,ROBERT BARNWELL CLARKSON II,AMERICAN,FALSE,11568,1180438,0.009799752
1992,SOUTH CAROLINA,SC,US SENATE,statewide,ERNEST F. HOLLINGS,DEMOCRAT,FALSE,591030,1180438,0.500687033
1992,SOUTH CAROLINA,SC,US SENATE,statewide,,,TRUE,703,1180438,0.000595542
1992,SOUTH CAROLINA,SC,US SENATE,statewide,MARK JOHNSON,LIBERTARIAN,FALSE,22962,1180438,0.019452102
1992,SOUTH DAKOTA,SD,US SENATE,statewide,KENT HYDE,INDEPENDENT,FALSE,4314,334495,0.012897054
1992,SOUTH DAKOTA,SD,US SENATE,statewide,THOMAS A. DASCHLE,DEMOCRAT,FALSE,217095,334495,0.649023154
1992,SOUTH DAKOTA,SD,US SENATE,statewide,CHARLENE HAAR,REPUBLICAN,FALSE,108733,334495,0.325066144
1992,SOUTH DAKOTA,SD,US SENATE,statewide,GUS HERCULES,LIBERTARIAN,FALSE,4353,334495,0.013013647
1992,UTAH,UT,US SENATE,statewide,ROBERT F. BENNETT,REPUBLICAN,FALSE,420069,758479,0.553830759
1992,UTAH,UT,US SENATE,statewide,ANITA R. MORROW,POPULIST,FALSE,17549,758479,0.023137094
1992,UTAH,UT,US SENATE,statewide,PATRICIA GROGAN,SOCIALIST WORKERS,FALSE,5292,758479,0.006977121
1992,UTAH,UT,US SENATE,statewide,MAURY MODINE,LIBERTARIAN,FALSE,14341,758479,0.018907577
1992,UTAH,UT,US SENATE,statewide,WAYNE OWENS,DEMOCRAT,FALSE,301228,758479,0.397147449
1992,VERMONT,VT,US SENATE,statewide,PATRICK J. LEAHY,DEMOCRAT,FALSE,154762,285739,0.54162015
1992,VERMONT,VT,US SENATE,statewide,JERRY LEVY,LIBERTY UNION,FALSE,5121,285739,0.01792195
1992,VERMONT,VT,US SENATE,statewide,JAMES H. DOUGLAS,REPUBLICAN,FALSE,123854,285739,0.433451506
1992,VERMONT,VT,US SENATE,statewide,MICHAEL B. GODECK,FREEDOM FOR LAROUCHE,FALSE,1780,285739,0.006229461
1992,VERMONT,VT,US SENATE,statewide,,,TRUE,222,285739,0.000776933
1992,WASHINGTON,WA,US SENATE,statewide,ROD CHANDLER,REPUBLICAN,FALSE,1020829,2218802,0.460081161
1992,WASHINGTON,WA,US SENATE,statewide,PATTY MURRAY,DEMOCRAT,FALSE,1197973,2218802,0.539918839
1992,WISCONSIN,WI,US SENATE,statewide,BLANK VOTE/SCATTERING,,FALSE,459,2455124,0.000186956
1992,WISCONSIN,WI,US SENATE,statewide,WILLIAM BITTNER,LIBERTARIAN,FALSE,9147,2455124,0.003725677
1992,WISCONSIN,WI,US SENATE,statewide,ROBERT L. KUNDERT,INDEPENDENT,FALSE,2747,2455124,0.001118884
1992,WISCONSIN,WI,US SENATE,statewide,"ROBERT W. KASTEN, JR.",REPUBLICAN,FALSE,1129599,2455124,0.460098553
1992,WISCONSIN,WI,US SENATE,statewide,RUSSELL D. FEINGOLD,DEMOCRAT,FALSE,1290662,2455124,0.52570135
1992,WISCONSIN,WI,US SENATE,statewide,PATRICK W. JOHNSON,INDEPENDENT,FALSE,16513,2455124,0.006725933
1992,WISCONSIN,WI,US SENATE,statewide,JOSEPH SELLIKEN,INDEPENDENT,FALSE,2733,2455124,0.001113182
1992,WISCONSIN,WI,US SENATE,statewide,"MERVIN A. HANSON, SR.",INDEPENDENT,FALSE,3264,2455124,0.001329464
1994,ARIZONA,AZ,US SENATE,statewide,,,TRUE,58,1119060,5.18292E-05
1994,ARIZONA,AZ,US SENATE,statewide,SAM COPPERSMITH,DEMOCRAT,FALSE,442510,1119060,0.395430093
1994,ARIZONA,AZ,US SENATE,statewide,SCOTT GRAINGER,LIBERTARIAN,FALSE,75493,1119060,0.067461083
1994,ARIZONA,AZ,US SENATE,statewide,JON KYL,REPUBLICAN,FALSE,600999,1119060,0.537056994
1994,CALIFORNIA,CA,US SENATE,statewide,DIANNE FEINSTEIN,DEMOCRAT,FALSE,3979152,8514089,0.467360865
1994,CALIFORNIA,CA,US SENATE,statewide,BARBARA BLONG,GREEN,FALSE,140567,8514089,0.016509928
1994,CALIFORNIA,CA,US SENATE,statewide,ELIZABETH CERVANTES BARRON,PEACE AND FREEDOM,FALSE,255301,8514089,0.02998571
1994,CALIFORNIA,CA,US SENATE,statewide,PAUL MEEUWENBERG,AMERICAN INDEPENDENT,FALSE,142771,8514089,0.016768793
1994,CALIFORNIA,CA,US SENATE,statewide,MICHAEL HUFFINGTON,REPUBLICAN,FALSE,3817025,8514089,0.448318663
1994,CALIFORNIA,CA,US SENATE,statewide,RICHARD BENJAMIN BODDIE,LIBERTARIAN,FALSE,179100,8514089,0.021035721
1994,CALIFORNIA,CA,US SENATE,statewide,,,TRUE,173,8514089,2.03193E-05
1994,CONNECTICUT,CT,US SENATE,statewide,JOSEPH I. LIEBERMAN,A CONNECTICUT PARTY,FALSE,280049,1079664,0.259385327
1994,CONNECTICUT,CT,US SENATE,statewide,GARY R. GARNEAU,CONCERNED CITIZENS,FALSE,20989,1079664,0.019440307
1994,CONNECTICUT,CT,US SENATE,statewide,JERRY LABRIOLA,REPUBLICAN,FALSE,334833,1079664,0.31012704
1994,CONNECTICUT,CT,US SENATE,statewide,JOSEPH I. LIEBERMAN,DEMOCRAT,FALSE,443793,1079664,0.411047326
1994,DELAWARE,DE,US SENATE,statewide,JOHN C. DIERICKX,LIBERTARIAN,FALSE,3386,199000,0.017015075
1994,DELAWARE,DE,US SENATE,statewide,"WILLIAM V. ROTH, JR.",REPUBLICAN,FALSE,111074,199000,0.558160804
1994,DELAWARE,DE,US SENATE,statewide,CHARLES M. OBERLY,DEMOCRAT,FALSE,84540,199000,0.424824121
1994,FLORIDA,FL,US SENATE,statewide,CONNIE MACK,REPUBLICAN,FALSE,2895200,4106816,0.704974365
1994,FLORIDA,FL,US SENATE,statewide,HUGH E. RODHAM,DEMOCRAT,FALSE,1210577,4106816,0.294772641
1994,FLORIDA,FL,US SENATE,statewide,,,TRUE,1039,4106816,0.000252994
1994,HAWAII,HI,US SENATE,statewide,DANIEL K. AKAKA,DEMOCRAT,FALSE,256189,356902,0.717813293
1994,HAWAII,HI,US SENATE,statewide,MARIA M. HUSTACE,REPUBLICAN,FALSE,86320,356902,0.24185911
1994,HAWAII,HI,US SENATE,statewide,RICHARD (DICK) ROWLAND,LIBERTARIAN,FALSE,14393,356902,0.040327597
1994,INDIANA,IN,US SENATE,statewide,RICHARD G. LUGAR,REPUBLICAN,FALSE,1039625,1543568,0.6735207
1994,INDIANA,IN,US SENATE,statewide,JAMES JONTZ,DEMOCRAT,FALSE,470799,1543568,0.305006971
1994,INDIANA,IN,US SENATE,statewide,BARBARA BOURLAND,LIBERTARIAN,FALSE,17343,1543568,0.011235657
1994,INDIANA,IN,US SENATE,statewide,MARY CATHERINE BARTON,NEW ALLIANCE,FALSE,15801,1543568,0.010236672
1994,MAINE,ME,US SENATE,statewide,OLYMPIA J. SNOWE,REPUBLICAN,FALSE,308244,511733,0.60235318
1994,MAINE,ME,US SENATE,statewide,THOMAS H. ANDREWS,DEMOCRAT,FALSE,186042,511733,0.363552868
1994,MAINE,ME,US SENATE,statewide,PLATO TRUMAN,UNENROLLED,FALSE,17205,511733,0.033621048
1994,MAINE,ME,US SENATE,statewide,OTHER,,FALSE,242,511733,0.000472903
1994,MARYLAND,MD,US SENATE,statewide,WILLIAM BROCK,REPUBLICAN,FALSE,559908,1369101,0.408960332
1994,MARYLAND,MD,US SENATE,statewide,PAUL S. SARBANES,DEMOCRAT,FALSE,809125,1369101,0.59099
1994,MARYLAND,MD,US SENATE,statewide,,,TRUE,68,1369101,4.96676E-05
1994,MASSACHUSETTS,MA,US SENATE,statewide,LAURALEIGH DOZIER,LIBERTARIAN,FALSE,14484,2179945,0.006644204
1994,MASSACHUSETTS,MA,US SENATE,statewide,W. MITT ROMNEY,REPUBLICAN,FALSE,894000,2179945,0.41010209
1994,MASSACHUSETTS,MA,US SENATE,statewide,"WILLIAM A. FERGUSON, JR.",LAROUCHE WAS RIGHT,FALSE,4776,2179945,0.002190881
1994,MASSACHUSETTS,MA,US SENATE,statewide,OTHER,,FALSE,688,2179945,0.000315604
1994,MASSACHUSETTS,MA,US SENATE,statewide,EDWARD M. KENNEDY,DEMOCRAT,FALSE,1265997,2179945,0.580747221
1994,MICHIGAN,MI,US SENATE,statewide,JON COON,LIBERTARIAN,FALSE,128393,3043385,0.042187564
1994,MICHIGAN,MI,US SENATE,statewide,SPENCER ABRAHAM,REPUBLICAN,FALSE,1578770,3043385,0.51875461
1994,MICHIGAN,MI,US SENATE,statewide,WILLIAM ROUNDTREE,WORKERS WORLD,FALSE,20010,3043385,0.006574916
1994,MICHIGAN,MI,US SENATE,statewide,CHRIS WEGE,NATURAL LAW,FALSE,14746,3043385,0.004845263
1994,MICHIGAN,MI,US SENATE,statewide,SCATTER,,FALSE,506,3043385,0.000166262
1994,MICHIGAN,MI,US SENATE,statewide,BOBB CARR,DEMOCRAT,FALSE,1300960,3043385,0.427471385
1994,MINNESOTA,MN,US SENATE,statewide,STEPHEN JOHNSON,NATURAL LAW,FALSE,5054,1772929,0.00285065
1994,MINNESOTA,MN,US SENATE,statewide,CANDICE E. SJOSTROM,GRASSROOTS,FALSE,15920,1772929,0.008979491
1994,MINNESOTA,MN,US SENATE,statewide,ROD GRAMS,REPUBLICAN,FALSE,869653,1772929,0.490517669
1994,MINNESOTA,MN,US SENATE,statewide,,,TRUE,2614,1772929,0.001474396
1994,MINNESOTA,MN,US SENATE,statewide,ANN WYNIA,DEMOCRATIC-FARMER-LABOR,FALSE,781860,1772929,0.440999047
1994,MINNESOTA,MN,US SENATE,statewide,DEAN M. BARKLEY,INDEPENDENCE,FALSE,95400,1772929,0.053809261
1994,MINNESOTA,MN,US SENATE,statewide,MAREA HIMELGRIN,SOCIALIST WORKERS,FALSE,2428,1772929,0.001369485
1994,MISSISSIPPI,MS,US SENATE,statewide,TRENT LOTT,REPUBLICAN,FALSE,418333,608085,0.68795152
1994,MISSISSIPPI,MS,US SENATE,statewide,KEN HARPER,DEMOCRAT,FALSE,189752,608085,0.31204848
1994,MISSOURI,MO,US SENATE,statewide,BILL JOHNSON,LIBERTARIAN,FALSE,81264,1775116,0.045779543
1994,MISSOURI,MO,US SENATE,statewide,ALAN WHEAT,DEMOCRAT,FALSE,633697,1775116,0.356989064
1994,MISSOURI,MO,US SENATE,statewide,JOHN ASHCROFT,REPUBLICAN,FALSE,1060149,1775116,0.597228012
1994,MISSOURI,MO,US SENATE,statewide,CYRILL KOLOCOTRONIS,INDEPENDENT,FALSE,1,1775116,5.63343E-07
1994,MISSOURI,MO,US SENATE,statewide,JOCK PEACOCK,INDEPENDENT,FALSE,5,1775116,2.81672E-06
1994,MONTANA,MT,US SENATE,statewide,JACK MUDD,DEMOCRAT,FALSE,131845,350387,0.376283937
1994,MONTANA,MT,US SENATE,statewide,CONRAD R. BURNS,REPUBLICAN,FALSE,218542,350387,0.623716063
1994,NEBRASKA,NE,US SENATE,statewide,JAN STONEY,REPUBLICAN,FALSE,260668,579205,0.450044457
1994,NEBRASKA,NE,US SENATE,statewide,J. ROBERT KERREY,DEMOCRAT,FALSE,317297,579205,0.547814677
1994,NEBRASKA,NE,US SENATE,statewide,,,TRUE,1240,579205,0.002140865
1994,NEVADA,NV,US SENATE,statewide,BOB DAYS,LIBERTARIAN,FALSE,5964,380530,0.015672877
1994,NEVADA,NV,US SENATE,statewide,HAL FURMAN,REPUBLICAN,FALSE,156020,380530,0.410007095
1994,NEVADA,NV,US SENATE,statewide,RICHARD H. BRYAN,DEMOCRAT,FALSE,193804,380530,0.509300187
1994,NEVADA,NV,US SENATE,statewide,OTHER,,FALSE,12626,380530,0.033180038
1994,NEVADA,NV,US SENATE,statewide,ANNA NEVENICH,INDEPENDENT,FALSE,6666,380530,0.017517673
1994,NEVADA,NV,US SENATE,statewide,NEAL A. GRASTEIT,INDEPENDENT AMERICAN,FALSE,5450,380530,0.01432213
1994,NEW JERSEY,NJ,US SENATE,statewide,ANDREWA LIPPI,PROPERTY RIGHTS,FALSE,6303,2054887,0.003067322
1994,NEW JERSEY,NJ,US SENATE,statewide,BEN GRINDLINGER,LIBERTARIAN,FALSE,14042,2054887,0.006833466
1994,NEW JERSEY,NJ,US SENATE,statewide,MICHAEL P. KELLY,KEEP AMERICA FIRST,FALSE,14343,2054887,0.006979946
1994,NEW JERSEY,NJ,US SENATE,statewide,ARLENE GOLD,NATURAL LAW,FALSE,3249,2054887,0.001581109
1994,NEW JERSEY,NJ,US SENATE,statewide,"GARABED ""CHUCK"" HAYTAIAN",REPUBLICAN,FALSE,966244,2054887,0.470217584
1994,NEW JERSEY,NJ,US SENATE,statewide,FRANK R. LAUTENBERG,DEMOCRAT,FALSE,1033487,2054887,0.502941038
1994,NEW JERSEY,NJ,US SENATE,statewide,RICHARD J. PEZZULLO,CONSERVATIVE,FALSE,9387,2054887,0.004568134
1994,NEW JERSEY,NJ,US SENATE,statewide,JOANNE KUNIANSKY,SOCIALIST WORKERS,FALSE,3606,2054887,0.001754841
1994,NEW JERSEY,NJ,US SENATE,statewide,GEORGE PATRICK PREDHAM,DAMN DRUG DEALERS,FALSE,4226,2054887,0.002056561
1994,NEW MEXICO,NM,US SENATE,statewide,COLIN R. MCMILLAN,REPUBLICAN,FALSE,213025,463196,0.459902503
1994,NEW MEXICO,NM,US SENATE,statewide,JEFF BINGAMAN,DEMOCRAT,FALSE,249989,463196,0.539704574
1994,NEW MEXICO,NM,US SENATE,statewide,,,TRUE,182,463196,0.000392922
1994,NEW YORK,NY,US SENATE,statewide,SCATTER,,FALSE,538150,5328486,0.100994917
1994,NEW YORK,NY,US SENATE,statewide,BERNADETTE CASTRO,CONSERVATIVE,FALSE,276548,5328486,0.051899921
1994,NEW YORK,NY,US SENATE,statewide,NORMA SEGAL,LIBERTARIAN,FALSE,17991,5328486,0.003376381
1994,NEW YORK,NY,US SENATE,statewide,DANIEL PATRICK MOYNIHAN,LIBERAL,FALSE,118154,5328486,0.022174028
1994,NEW YORK,NY,US SENATE,statewide,"ISMAEL BETANCOURT, JR.",INDEPENDENCE FUSION,FALSE,26650,5328486,0.005001421
1994,NEW YORK,NY,US SENATE,statewide,DANIEL PATRICK MOYNIHAN,DEMOCRAT,FALSE,2528387,5328486,0.474503827
1994,NEW YORK,NY,US SENATE,statewide,NAOMI L. CRAINE,SOCIALIST WORKERS,FALSE,14892,5328486,0.00279479
1994,NEW YORK,NY,US SENATE,statewide,BERNADETTE CASTRO,REPUBLICAN,FALSE,1711760,5328486,0.321246973
1994,NEW YORK,NY,US SENATE,statewide,HENRY F. HEWES,RIGHT TO LIFE,FALSE,95954,5328486,0.018007742
1994,NORTH DAKOTA,ND,US SENATE,statewide,KENT CONRAD,DEMOCRAT,FALSE,137157,236547,0.579829801
1994,NORTH DAKOTA,ND,US SENATE,statewide,BEN CLAYBURGH,REPUBLICAN,FALSE,99390,236547,0.420170199
1994,OHIO,OH,US SENATE,statewide,,,TRUE,84,3436884,2.44407E-05
1994,OHIO,OH,US SENATE,statewide,JOEL HYATT,DEMOCRAT,FALSE,1348213,3436884,0.392277714
1994,OHIO,OH,US SENATE,statewide,JOSEPH J. SLOVENEC,INDEPENDENT,FALSE,252031,3436884,0.07333125
1994,OHIO,OH,US SENATE,statewide,MIKE DEWINE,REPUBLICAN,FALSE,1836556,3436884,0.534366595
1994,OKLAHOMA,OK,US SENATE,statewide,DANNY CORN,INDEPENDENT,FALSE,47552,982430,0.048402431
1994,OKLAHOMA,OK,US SENATE,statewide,DAVE MCCURDY,DEMOCRAT,FALSE,392488,982430,0.399507344
1994,OKLAHOMA,OK,US SENATE,statewide,JAMES M. INHOFE,REPUBLICAN,FALSE,542390,982430,0.552090225
1994,PENNSYLVANIA,PA,US SENATE,statewide,RICK SANTORUM,REPUBLICAN,FALSE,1735691,3513361,0.494025806
1994,PENNSYLVANIA,PA,US SENATE,statewide,DONALD C. ERNSBERGER,LIBERTARIAN,FALSE,59115,3513361,0.016825769
1994,PENNSYLVANIA,PA,US SENATE,statewide,DIANE BLOUGH,PATRIOT,FALSE,69825,3513361,0.019874132
1994,PENNSYLVANIA,PA,US SENATE,statewide,HARRIS WOFFORD,DEMOCRAT,FALSE,1648481,3513361,0.469203421
1994,PENNSYLVANIA,PA,US SENATE,statewide,,,TRUE,249,3513361,7.08723E-05
1994,RHODE ISLAND,RI,US SENATE,statewide,LINDA J. KUSHNER,DEMOCRAT,FALSE,122532,345388,0.354766234
1994,RHODE ISLAND,RI,US SENATE,statewide,JOHN H. CHAFEE,REPUBLICAN,FALSE,222856,345388,0.645233766
1994,TENNESSEE,TN,US SENATE,statewide,CHARLES M. MOORE,INDEPENDENT,FALSE,2219,1465862,0.001513785
1994,TENNESSEE,TN,US SENATE,statewide,JIM SASSER,DEMOCRAT,FALSE,623164,1480391,0.420945547
1994,TENNESSEE,TN,US SENATE,statewide,KERRY MARTIN,INDEPENDENT,FALSE,1719,1465862,0.001172689
1994,TENNESSEE,TN,US SENATE,statewide,PHILIP L. KIENLEN,INDEPENDENT,FALSE,3087,1480391,0.00208526
1994,TENNESSEE,TN,US SENATE,statewide,BILL FRIST,REPUBLICAN,FALSE,834226,1480391,0.563517341
1994,TENNESSEE,TN,US SENATE,statewide,,,TRUE,39,1480391,2.63444E-05
1994,TENNESSEE,TN,US SENATE,statewide,TERRY L. LYTLE,INDEPENDENT,FALSE,1934,1465862,0.00131936
1994,TENNESSEE,TN,US SENATE,statewide,JON WALLS,INDEPENDENT,FALSE,1532,1465862,0.001045119
1994,TENNESSEE,TN,US SENATE,statewide,FRED THOMPSON,REPUBLICAN,FALSE,885998,1465862,0.604421153
1994,TENNESSEE,TN,US SENATE,statewide,CHARLES F. JOHNSON,INDEPENDENT,FALSE,6631,1480391,0.004479222
1994,TENNESSEE,TN,US SENATE,statewide,HOBART R. LUMPKIN,INDEPENDENT,FALSE,1184,1465862,0.000807716
1994,TENNESSEE,TN,US SENATE,statewide,DON SCHNELLER,INDEPENDENT,FALSE,1150,1465862,0.000784521
1994,TENNESSEE,TN,US SENATE,statewide,JOHN JAY HOOKER,INDEPENDENT,FALSE,13244,1480391,0.008946285
1994,TENNESSEE,TN,US SENATE,statewide,JIM COOPER,DEMOCRAT,FALSE,565930,1465862,0.386073177
1994,TENNESSEE,TN,US SENATE,statewide,CHARLES N. HANCOCK,INDEPENDENT,FALSE,4169,1465862,0.00284406
1994,TENNESSEE,TN,US SENATE,statewide,,,TRUE,27,1465862,1.84192E-05
1994,TEXAS,TX,US SENATE,statewide,RICHARD FISHER,DEMOCRAT,FALSE,1639615,4279940,0.383092987
1994,TEXAS,TX,US SENATE,statewide,PIERRE BLONDEAU,LIBERTARIAN,FALSE,36107,4279940,0.008436333
1994,TEXAS,TX,US SENATE,statewide,KAY BAILEY HUTCHISON,REPUBLICAN,FALSE,2604218,4279940,0.608470679
1994,UTAH,UT,US SENATE,statewide,NELSON GONZALEZ,SOCIALIST WORKERS,FALSE,1514,519304,0.002915441
1994,UTAH,UT,US SENATE,statewide,GARY R. VAN HORN,AMERICAN,FALSE,2543,519304,0.004896939
1994,UTAH,UT,US SENATE,statewide,ORRIN G. HATCH,REPUBLICAN,FALSE,357297,519304,0.688030518
1994,UTAH,UT,US SENATE,statewide,CRAIG OLIVER,INDEPENDENT,FALSE,9550,519304,0.018389999
1994,UTAH,UT,US SENATE,statewide,LAWRENCE REY TOPHAM,INDEPENDENT AMERICAN,FALSE,1462,519304,0.002815307
1994,UTAH,UT,US SENATE,statewide,PATRICK A. SHEA,DEMOCRAT,FALSE,146938,519304,0.282951797
1994,VERMONT,VT,US SENATE,statewide,JAMES M. JEFFORDS,REPUBLICAN,FALSE,106505,211672,0.50316055
1994,VERMONT,VT,US SENATE,statewide,JAN BACKUS,DEMOCRAT,FALSE,85868,211672,0.405665369
1994,VERMONT,VT,US SENATE,statewide,JOSEPH VICTOR PARDO,NATURAL LAW,FALSE,709,211672,0.003349522
1994,VERMONT,VT,US SENATE,statewide,,,TRUE,192,211672,0.000907064
1994,VERMONT,VT,US SENATE,statewide,GAVIN T. MILLS,INDEPENDENT,FALSE,12465,211672,0.05888828
1994,VERMONT,VT,US SENATE,statewide,MATTHEW S. MULLIGAN,INDEPENDENT,FALSE,3141,211672,0.014838996
1994,VERMONT,VT,US SENATE,statewide,JERRY LEVY,LIBERTY UNION,FALSE,1376,211672,0.006500624
1994,VERMONT,VT,US SENATE,statewide,BOB MELAMEDE,GRASSROOTS,FALSE,1416,211672,0.006689595
1994,VIRGINIA,VA,US SENATE,statewide,,,TRUE,1437,2057463,0.000698433
1994,VIRGINIA,VA,US SENATE,statewide,CHARLES S. ROBB,DEMOCRAT,FALSE,938376,2057463,0.456084022
1994,VIRGINIA,VA,US SENATE,statewide,J. MARSHALL COLEMAN,INDEPENDENT,FALSE,235324,2057463,0.114375811
1994,VIRGINIA,VA,US SENATE,statewide,L. DOUGLAS WILDER,INDEPENDENT,FALSE,113,2057463,5.4922E-05
1994,VIRGINIA,VA,US SENATE,statewide,"OLIVER L. ""OLLIE"" NORTH",REPUBLICAN,FALSE,882213,2057463,0.428786812
1994,WASHINGTON,WA,US SENATE,statewide,SLADE GORTON,REPUBLICAN,FALSE,947821,1700173,0.557485032
1994,WASHINGTON,WA,US SENATE,statewide,RON SIMS,DEMOCRAT,FALSE,752352,1700173,0.442514968
1994,WEST VIRGINIA,WV,US SENATE,statewide,ROBERT C. BYRD,DEMOCRAT,FALSE,290495,420936,0.690116787
1994,WEST VIRGINIA,WV,US SENATE,statewide,STAN KLOS,REPUBLICAN,FALSE,130441,420936,0.309883213
1994,WISCONSIN,WI,US SENATE,statewide,JAMES DEAN,LIBERTARIAN,FALSE,15439,1565628,0.009861219
1994,WISCONSIN,WI,US SENATE,statewide,HERB KOHL,DEMOCRAT,FALSE,912662,1565628,0.582936687
1994,WISCONSIN,WI,US SENATE,statewide,ROBERT T. WELCH,REPUBLICAN,FALSE,636989,1565628,0.406858462
1994,WISCONSIN,WI,US SENATE,statewide,SCATTER,,FALSE,538,1565628,0.000343632
1994,WYOMING,WY,US SENATE,statewide,CRAIG THOMAS,REPUBLICAN,FALSE,118754,201710,0.588736305
1994,WYOMING,WY,US SENATE,statewide,MIKE SULLIVAN,DEMOCRAT,FALSE,79287,201710,0.393074215
1994,WYOMING,WY,US SENATE,statewide,CRAIG ALAN MCCUNE,LIBERTARIAN,FALSE,3669,201710,0.01818948
1996,ALABAMA,AL,US SENATE,statewide,MARK THORNTON,LIBERTARIAN,FALSE,21550,1499393,0.014372483
1996,ALABAMA,AL,US SENATE,statewide,ROGER BEDFORD,DEMOCRAT,FALSE,681651,1499393,0.454617969
1996,ALABAMA,AL,US SENATE,statewide,CHARLES R. HEBNER,NATURAL LAW,FALSE,9123,1499393,0.006084462
1996,ALABAMA,AL,US SENATE,statewide,JEFF SESSIONS,REPUBLICAN,FALSE,786436,1499393,0.524502916
1996,ALABAMA,AL,US SENATE,statewide,,,TRUE,633,1499393,0.000422171
1996,ALASKA,AK,US SENATE,statewide,THERESA NANGLE OBERMEYER,DEMOCRAT,FALSE,23977,231916,0.103386571
1996,ALASKA,AK,US SENATE,statewide,,,TRUE,1009,231916,0.004350713
1996,ALASKA,AK,US SENATE,statewide,JED WHITTAKER,GREEN,FALSE,29037,231916,0.125204816
1996,ALASKA,AK,US SENATE,statewide,TED STEVENS,REPUBLICAN,FALSE,177893,231916,0.7670579
1996,ARKANSAS,AR,US SENATE,statewide,WINSTON BRYANT,DEMOCRAT,FALSE,400241,846183,0.472995794
1996,ARKANSAS,AR,US SENATE,statewide,Y. TIM HUTCHINSON,REPUBLICAN,FALSE,445942,846183,0.527004206
1996,COLORADO,CO,US SENATE,statewide,RANDY MACKENZIE,NATURAL LAW,FALSE,41620,1459601,0.028514642
1996,COLORADO,CO,US SENATE,statewide,,,TRUE,66,1459601,4.52178E-05
1996,COLORADO,CO,US SENATE,statewide,TOM STRICKLAND,DEMOCRAT,FALSE,667600,1459601,0.457385272
1996,COLORADO,CO,US SENATE,statewide,WAYNE ALLARD,REPUBLICAN,FALSE,750315,1459601,0.514054868
1996,DELAWARE,DE,US SENATE,statewide,JACQUELINE KOSSOFF,NATURAL LAW,FALSE,1698,275591,0.006161304
1996,DELAWARE,DE,US SENATE,statewide,RAYMOND J. CLATWORTHY,REPUBLICAN,FALSE,105088,275591,0.381318693
1996,DELAWARE,DE,US SENATE,statewide,MARK JONES,LIBERTARIAN,FALSE,3340,275591,0.012119409
1996,DELAWARE,DE,US SENATE,statewide,JOSEPH R. BIDEN JR.,DEMOCRAT,FALSE,165465,275591,0.600400594
1996,GEORGIA,GA,US SENATE,statewide,GUY W. MILLNER,REPUBLICAN,FALSE,1073969,2259224,0.475370747
1996,GEORGIA,GA,US SENATE,statewide,MAX CLELAND,DEMOCRAT,FALSE,1103993,2259224,0.488660266
1996,GEORGIA,GA,US SENATE,statewide,JOHN GREGORY CASHIN,LIBERTARIAN,FALSE,81262,2259224,0.035968988
1996,IDAHO,ID,US SENATE,statewide,LARRY E. CRAIG,REPUBLICAN,FALSE,283532,497233,0.570219595
1996,IDAHO,ID,US SENATE,statewide,WALT MINNICK,DEMOCRAT,FALSE,198422,497233,0.399052356
1996,IDAHO,ID,US SENATE,statewide,MARY J. CHARBONNEAU,INDEPENDENT,FALSE,10137,497233,0.020386821
1996,IDAHO,ID,US SENATE,statewide,SUSAN VEGORS,NATURAL LAW,FALSE,5142,497233,0.010341228
1996,ILLINOIS,IL,US SENATE,statewide,AL SALVI,REPUBLICAN,FALSE,1728824,4250722,0.406713024
1996,ILLINOIS,IL,US SENATE,statewide,STEVEN H. PERRY,REFORM,FALSE,61023,4250722,0.014355914
1996,ILLINOIS,IL,US SENATE,statewide,CHAD KOPPIE,U.S. TAXPAYERS,FALSE,17563,4250722,0.004131769
1996,ILLINOIS,IL,US SENATE,statewide,ROBIN J. MILLER,LIBERTARIAN,FALSE,41218,4250722,0.009696706
1996,ILLINOIS,IL,US SENATE,statewide,,,TRUE,4228,4250722,0.000994655
1996,ILLINOIS,IL,US SENATE,statewide,JAMES E. DAVIS,NATURAL LAW,FALSE,13838,4250722,0.003255447
1996,ILLINOIS,IL,US SENATE,statewide,RICHARD J. DURBIN,DEMOCRAT,FALSE,2384028,4250722,0.560852486
1996,IOWA,IA,US SENATE,statewide,TOM HARKIN,DEMOCRAT,FALSE,634166,1224054,0.51808662
1996,IOWA,IA,US SENATE,statewide,SCATTER,,FALSE,280,1224054,0.000228748
1996,IOWA,IA,US SENATE,statewide,SUE ATKINSON,NOMINATED BY PETITION,FALSE,9768,1224054,0.00798004
1996,IOWA,IA,US SENATE,statewide,JIM LIGHTFOOT,REPUBLICAN,FALSE,571807,1224054,0.467141972
1996,IOWA,IA,US SENATE,statewide,JOE SULENTIC,NOMINATED BY PETITION,FALSE,1941,1224054,0.001585714
1996,IOWA,IA,US SENATE,statewide,SHIRLEY E. PENA,SOCIALIST WORKERS,FALSE,1844,1224054,0.001506469
1996,IOWA,IA,US SENATE,statewide,FRED GRATSON,NATURAL LAW,FALSE,4248,1224054,0.003470435
1996,KANSAS,KS,US SENATE,statewide,DONALD R. KLAASSEN,REFORM,FALSE,29351,1064716,0.027566976
1996,KANSAS,KS,US SENATE,statewide,SAM BROWNBACK,REPUBLICAN,FALSE,574021,1064716,0.539130623
1996,KANSAS,KS,US SENATE,statewide,PAT ROBERTS,REPUBLICAN,FALSE,652677,1052300,0.620238525
1996,KANSAS,KS,US SENATE,statewide,JILL DOCKING,DEMOCRAT,FALSE,461344,1064716,0.433302402
1996,KANSAS,KS,US SENATE,statewide,MARK S. MARNEY,REFORM,FALSE,24145,1052300,0.022944978
1996,KANSAS,KS,US SENATE,statewide,SALLY THOMPSON,DEMOCRAT,FALSE,362380,1052300,0.344369476
1996,KANSAS,KS,US SENATE,statewide,STEVEN ROSILE,LIBERTARIAN,FALSE,13098,1052300,0.012447021
1996,KENTUCKY,KY,US SENATE,statewide,MAC MCELROY,U.S. TAXPAYERS,FALSE,5284,1307046,0.004042704
1996,KENTUCKY,KY,US SENATE,statewide,MITCH MCCONNELL,REPUBLICAN,FALSE,724794,1307046,0.554528303
1996,KENTUCKY,KY,US SENATE,statewide,,,TRUE,17,1307046,1.30064E-05
1996,KENTUCKY,KY,US SENATE,statewide,PATRICIA JO METTEN,NATURAL LAW,FALSE,8344,1307046,0.006383861
1996,KENTUCKY,KY,US SENATE,statewide,DENNIS L. LACY,LIBERTARIAN,FALSE,8595,1307046,0.006575897
1996,KENTUCKY,KY,US SENATE,statewide,STEVEN L. BESHEAR,DEMOCRAT,FALSE,560012,1307046,0.428456229
1996,LOUISIANA,LA,US SENATE,statewide,"LOUIS ""WOODY"" JENKINS",REPUBLICAN,FALSE,847157,1700102,0.498297749
1996,LOUISIANA,LA,US SENATE,statewide,MARY L. LANDRIEU,DEMOCRAT,FALSE,852945,1700102,0.501702251
1996,MAINE,ME,US SENATE,statewide,WILLIAM P. CLARKE,U.S. TAXPAYERS,FALSE,18618,606777,0.030683431
1996,MAINE,ME,US SENATE,statewide,JOSEPH E. BRENNAN,DEMOCRAT,FALSE,266226,606777,0.438754271
1996,MAINE,ME,US SENATE,statewide,OTHER,,FALSE,70,606777,0.000115364
1996,MAINE,ME,US SENATE,statewide,JOHN C. RENSENBRINK,INDEPENDENT,FALSE,23441,606777,0.038631985
1996,MAINE,ME,US SENATE,statewide,SUSAN M. COLLINS,REPUBLICAN,FALSE,298422,606777,0.49181495
1996,MASSACHUSETTS,MA,US SENATE,statewide,JOHN F. KERRY,DEMOCRAT,FALSE,1334135,2555942,0.521973895
1996,MASSACHUSETTS,MA,US SENATE,statewide,ROBERT C. STOWE,NATURAL LAW,FALSE,7169,2555942,0.002804837
1996,MASSACHUSETTS,MA,US SENATE,statewide,SUSAN C. GALLAGHER,CONSERVATIVE,FALSE,70007,2555942,0.027389902
1996,MASSACHUSETTS,MA,US SENATE,statewide,WILLIAM F. WELD,REPUBLICAN,FALSE,1143120,2555942,0.447240196
1996,MASSACHUSETTS,MA,US SENATE,statewide,OTHER,,FALSE,1511,2555942,0.000591171
1996,MICHIGAN,MI,US SENATE,statewide,,,TRUE,304,3762575,8.07957E-05
1996,MICHIGAN,MI,US SENATE,statewide,JOSEPH S. MATTINGLY,NATURAL LAW,FALSE,11306,3762575,0.003004857
1996,MICHIGAN,MI,US SENATE,statewide,KENNETH L. PROCTOR,LIBERTARIAN,FALSE,36911,3762575,0.009810037
1996,MICHIGAN,MI,US SENATE,statewide,CARL LEVIN,DEMOCRAT,FALSE,2195738,3762575,0.583573218
1996,MICHIGAN,MI,US SENATE,statewide,WILLIAM ROUNDTREE,WORKERS WORLD,FALSE,12235,3762575,0.003251762
1996,MICHIGAN,MI,US SENATE,statewide,RONNA ROMNEY,REPUBLICAN,FALSE,1500106,3762575,0.398691322
1996,MICHIGAN,MI,US SENATE,statewide,MARTIN P. MCLAUGHLIN,SOCIALIST EQUALITY,FALSE,5975,3762575,0.001588008
1996,MINNESOTA,MN,US SENATE,statewide,TIM DAVIS,GRASSROOTS,FALSE,14139,2182905,0.006477149
1996,MINNESOTA,MN,US SENATE,statewide,THOMAS A. FISKE,SOCIALIST WORKERS,FALSE,1554,2182905,0.000711895
1996,MINNESOTA,MN,US SENATE,statewide,HOWARD B. HANSON,RESOURCE,FALSE,4381,2182905,0.002006959
1996,MINNESOTA,MN,US SENATE,statewide,ROY EZRA CARLTON,LIBERTARIAN,FALSE,5428,2182905,0.002486595
1996,MINNESOTA,MN,US SENATE,statewide,RUDY BOSCHWITZ,REPUBLICAN,FALSE,901194,2182905,0.412841603
1996,MINNESOTA,MN,US SENATE,statewide,STEVE JOHNSON,NATURAL LAW,FALSE,4321,2182905,0.001979472
1996,MINNESOTA,MN,US SENATE,statewide,DEAN BARKLEY,REFORM,FALSE,152328,2182905,0.06978224
1996,MINNESOTA,MN,US SENATE,statewide,,,TRUE,1130,2182905,0.000517659
1996,MINNESOTA,MN,US SENATE,statewide,PAUL WELLSTONE,DEMOCRATIC-FARMER-LABOR,FALSE,1098430,2182905,0.503196429
1996,MISSISSIPPI,MS,US SENATE,statewide,TED C. WEILL,INDEPENDENCE,FALSE,13861,878662,0.015775122
1996,MISSISSIPPI,MS,US SENATE,statewide,THAD COCHRAN,REPUBLICAN,FALSE,624154,878662,0.710345958
1996,MISSISSIPPI,MS,US SENATE,statewide,JAMES W. (BOOTIE) HUNT,DEMOCRAT,FALSE,240647,878662,0.27387892
1996,MONTANA,MT,US SENATE,statewide,DENNIS REHBERG,REPUBLICAN,FALSE,182111,407490,0.446909127
1996,MONTANA,MT,US SENATE,statewide,STEPHEN HEATON,NATURAL LAW,FALSE,4168,407490,0.010228472
1996,MONTANA,MT,US SENATE,statewide,MAX BAUCUS,DEMOCRAT,FALSE,201935,407490,0.495558173
1996,MONTANA,MT,US SENATE,statewide,BECKY SHAW,REFORM,FALSE,19276,407490,0.047304228
1996,NEBRASKA,NE,US SENATE,statewide,BEN NELSON,DEMOCRAT,FALSE,281904,661837,0.425941735
1996,NEBRASKA,NE,US SENATE,statewide,CHUCK HAGEL,REPUBLICAN,FALSE,379933,661837,0.574058265
1996,NEW HAMPSHIRE,NH,US SENATE,statewide,KEN BLEVENS,LIBERTARIAN,FALSE,22261,491873,0.045257617
1996,NEW HAMPSHIRE,NH,US SENATE,statewide,BOB SMITH,REPUBLICAN,FALSE,242257,491873,0.49251941
1996,NEW HAMPSHIRE,NH,US SENATE,statewide,DICK SWETT,DEMOCRAT,FALSE,227355,491873,0.462222972
1996,NEW JERSEY,NJ,US SENATE,statewide,STEVEN J. BAELI,INDEPENDENT,FALSE,7749,2883466,0.002687391
1996,NEW JERSEY,NJ,US SENATE,statewide,WILBURT KORNEGAY,INDEPENDENT,FALSE,11107,2883466,0.003851961
1996,NEW JERSEY,NJ,US SENATE,statewide,MARK WISE,INDEPENDENT,FALSE,13683,2883466,0.004745331
1996,NEW JERSEY,NJ,US SENATE,statewide,OLGA L. RODRIGUEZ,INDEPENDENT,FALSE,14319,2883466,0.004965899
1996,NEW JERSEY,NJ,US SENATE,statewide,DICK ZIMMER,REPUBLICAN,FALSE,1227351,2883466,0.425651282
1996,NEW JERSEY,NJ,US SENATE,statewide,ROBERT G. TORRICELLI,DEMOCRAT,FALSE,1519154,2883466,0.526849978
1996,NEW JERSEY,NJ,US SENATE,statewide,MARY JO CHRISTIAN,INDEPENDENT,FALSE,23949,2883466,0.008305629
1996,NEW JERSEY,NJ,US SENATE,statewide,RICHARD J. PEZZULLO,INDEPENDENT,FALSE,50971,2883466,0.01767699
1996,NEW JERSEY,NJ,US SENATE,statewide,PAUL A. WOOMER,INDEPENDENT,FALSE,15183,2883466,0.005265538
1996,NEW MEXICO,NM,US SENATE,statewide,PETE V. DOMENICI,REPUBLICAN,FALSE,357171,551821,0.647258803
1996,NEW MEXICO,NM,US SENATE,statewide,ART TRUJILLO,DEMOCRAT,FALSE,164356,551821,0.29784296
1996,NEW MEXICO,NM,US SENATE,statewide,ABRAHAM J. GUTMANN,GREEN,FALSE,24230,551821,0.043909166
1996,NEW MEXICO,NM,US SENATE,statewide,BRUCE M. BUSH,LIBERTARIAN,FALSE,6064,551821,0.010989071
1996,NORTH CAROLINA,NC,US SENATE,statewide,,,TRUE,143,2556456,5.59368E-05
1996,NORTH CAROLINA,NC,US SENATE,statewide,JESSE HELMS,REPUBLICAN,FALSE,1345833,2556456,0.526444813
1996,NORTH CAROLINA,NC,US SENATE,statewide,J. VICTOR PARDO,NATURAL LAW,FALSE,11209,2556456,0.004384586
1996,NORTH CAROLINA,NC,US SENATE,statewide,HARVEY B. GANTT,DEMOCRAT,FALSE,1173875,2556456,0.4591806
1996,NORTH CAROLINA,NC,US SENATE,statewide,RAY UBINGER,LIBERTARIAN,FALSE,25396,2556456,0.009934065
1996,OKLAHOMA,OK,US SENATE,statewide,BILL MAGUIRE,INDEPENDENT,FALSE,15092,1183150,0.012755779
1996,OKLAHOMA,OK,US SENATE,statewide,JAMES M. INHOFE,REPUBLICAN,FALSE,670610,1183150,0.56680049
1996,OKLAHOMA,OK,US SENATE,statewide,AGNES MARIE REGIER,LIBERTARIAN,FALSE,14595,1183150,0.012335714
1996,OKLAHOMA,OK,US SENATE,statewide,JIM BOREN,DEMOCRAT,FALSE,474162,1183150,0.400762372
1996,OKLAHOMA,OK,US SENATE,statewide,CHRIS NEDBALEK,INDEPENDENT,FALSE,8691,1183150,0.007345645
1996,OREGON,OR,US SENATE,statewide,TOM BRUGGERE,DEMOCRAT,FALSE,624370,1360230,0.45901796
1996,OREGON,OR,US SENATE,statewide,BRENT THOMPSON,REFORM,FALSE,20381,1360230,0.014983495
1996,OREGON,OR,US SENATE,statewide,GARY KUTCHER,GREEN,FALSE,14193,1360230,0.010434265
1996,OREGON,OR,US SENATE,statewide,PAUL (STORMY) MOHN,LIBERTARIAN,FALSE,12697,1360230,0.009334451
1996,OREGON,OR,US SENATE,statewide,OTHER,,FALSE,1402,1360230,0.001030708
1996,OREGON,OR,US SENATE,statewide,MICHAEL L. HOYES,NATURAL LAW,FALSE,4425,1360230,0.003253126
1996,OREGON,OR,US SENATE,statewide,CHRISTOPHER PHELPS,SOCIALIST,FALSE,5426,1360230,0.003989031
1996,OREGON,OR,US SENATE,statewide,GORDON SMITH,REPUBLICAN,FALSE,677336,1360230,0.497956963
1996,RHODE ISLAND,RI,US SENATE,statewide,DONALD W. LOVEJOY,INDEPENDENT,FALSE,6327,364371,0.01736417
1996,RHODE ISLAND,RI,US SENATE,statewide,JACK REED,DEMOCRAT,FALSE,230676,364371,0.63308002
1996,RHODE ISLAND,RI,US SENATE,statewide,NANCY J. MAYER,REPUBLICAN,FALSE,127368,364371,0.34955581
1996,SOUTH CAROLINA,SC,US SENATE,statewide,STROM THURMOND,REPUBLICAN,FALSE,619859,1161231,0.53379474
1996,SOUTH CAROLINA,SC,US SENATE,statewide,ELLIOT SPRINGS CLOSE,DEMOCRAT,FALSE,510951,1161231,0.44000806
1996,SOUTH CAROLINA,SC,US SENATE,statewide,RICHARD T. QUILLIAN,LIBERTARIAN,FALSE,12988,1161231,0.011184682
1996,SOUTH CAROLINA,SC,US SENATE,statewide,PETER J. ASHY,REFORM,FALSE,9740,1161231,0.008387651
1996,SOUTH CAROLINA,SC,US SENATE,statewide,ANNETTE C. ESTES,NATURAL LAW,FALSE,7693,1161231,0.006624866
1996,SOUTH DAKOTA,SD,US SENATE,statewide,LARRY PRESSLER,REPUBLICAN,FALSE,157954,324487,0.486780672
1996,SOUTH DAKOTA,SD,US SENATE,statewide,TIM JOHNSON,DEMOCRAT,FALSE,166533,324487,0.513219328
1996,TENNESSEE,TN,US SENATE,statewide,GREG SAMPLES,INDEPENDENT,FALSE,4104,1778664,0.00230735
1996,TENNESSEE,TN,US SENATE,statewide,,,TRUE,61,1778664,3.42954E-05
1996,TENNESSEE,TN,US SENATE,statewide,FRED THOMPSON,REPUBLICAN,FALSE,1091554,1778664,0.613693199
1996,TENNESSEE,TN,US SENATE,statewide,BRUCE GOLD,INDEPENDENT,FALSE,5865,1778664,0.003297419
1996,TENNESSEE,TN,US SENATE,statewide,JOHN JAY HOOKER,INDEPENDENT,FALSE,14401,1778664,0.008096526
1996,TENNESSEE,TN,US SENATE,statewide,PHILIP L. KIENLEN,INDEPENDENT,FALSE,2173,1778664,0.001221703
1996,TENNESSEE,TN,US SENATE,statewide,HOUSTON GORDON,DEMOCRAT,FALSE,654937,1778664,0.368218506
1996,TENNESSEE,TN,US SENATE,statewide,ROBERT O. WATSON,INDEPENDENT,FALSE,5569,1778664,0.003131002
1996,TEXAS,TX,US SENATE,statewide,JOHN HUFF,NATURAL LAW,FALSE,19469,5527441,0.003522245
1996,TEXAS,TX,US SENATE,statewide,VICTOR M. MORALES,DEMOCRAT,FALSE,2428776,5527441,0.439403333
1996,TEXAS,TX,US SENATE,statewide,PHIL GRAMM,REPUBLICAN,FALSE,3027680,5527441,0.547754377
1996,TEXAS,TX,US SENATE,statewide,MICHAEL BIRD,LIBERTARIAN,FALSE,51516,5527441,0.009320045
1996,VIRGINIA,VA,US SENATE,statewide,JOHN W. WARNER,REPUBLICAN,FALSE,1235744,2354715,0.52479557
1996,VIRGINIA,VA,US SENATE,statewide,,,TRUE,2989,2354715,0.001269368
1996,VIRGINIA,VA,US SENATE,statewide,MARK R. WARNER,DEMOCRAT,FALSE,1115982,2354715,0.473935062
1996,WEST VIRGINIA,WV,US SENATE,statewide,JOHN D. ROCKEFELLER IV,DEMOCRAT,FALSE,456526,595614,0.766479633
1996,WEST VIRGINIA,WV,US SENATE,statewide,BETTY A. BURKS,REPUBLICAN,FALSE,139088,595614,0.233520367
1996,WYOMING,WY,US SENATE,statewide,MICHAEL B. ENZI,REPUBLICAN,FALSE,114116,211077,0.540636829
1996,WYOMING,WY,US SENATE,statewide,LLOYD MARSDEN,NATURAL LAW,FALSE,2569,211077,0.012170914
1996,WYOMING,WY,US SENATE,statewide,KATHY KARPAN,DEMOCRAT,FALSE,89103,211077,0.42213505
1996,WYOMING,WY,US SENATE,statewide,W. DAVID HERBERT,LIBERTARIAN,FALSE,5289,211077,0.025057207
1998,ALABAMA,AL,US SENATE,statewide,,,TRUE,864,1293405,0.000668004
1998,ALABAMA,AL,US SENATE,statewide,RICHARD C. SHELBY,REPUBLICAN,FALSE,817973,1293405,0.632418307
1998,ALABAMA,AL,US SENATE,statewide,CLAYTON SUDDITH,DEMOCRAT,FALSE,474568,1293405,0.366913689
1998,ALASKA,AK,US SENATE,statewide,FRANK H. MURKOWSKI,REPUBLICAN,FALSE,165227,221807,0.744913371
1998,ALASKA,AK,US SENATE,statewide,SCOTT A. KOHLHAAS,LIBERTARIAN,FALSE,5046,221807,0.022749507
1998,ALASKA,AK,US SENATE,statewide,"JOSEPH A. ""JOE"" SONNEMAN",DEMOCRAT,FALSE,43743,221807,0.197211991
1998,ALASKA,AK,US SENATE,statewide,JEFFREY GOTTLIEB,GREEN,FALSE,7126,221807,0.032127029
1998,ALASKA,AK,US SENATE,statewide,,,TRUE,665,221807,0.002998102
1998,ARIZONA,AZ,US SENATE,statewide,,,TRUE,187,1013280,0.000184549
1998,ARIZONA,AZ,US SENATE,statewide,ED RANGER,DEMOCRAT,FALSE,275224,1013280,0.271616927
1998,ARIZONA,AZ,US SENATE,statewide,JOHN MCCAIN,REPUBLICAN,FALSE,696577,1013280,0.687447695
1998,ARIZONA,AZ,US SENATE,statewide,BOB PARK,REFORM,FALSE,18288,1013280,0.018048318
1998,ARIZONA,AZ,US SENATE,statewide,JOHN C. ZAJAC,LIBERTARIAN,FALSE,23004,1013280,0.022702511
1998,ARKANSAS,AR,US SENATE,statewide,,,TRUE,187,700831,0.000266826
1998,ARKANSAS,AR,US SENATE,statewide,CHARLEY E. HEFFLEY,REFORM,FALSE,18896,700831,0.026962278
1998,ARKANSAS,AR,US SENATE,statewide,FAY BOOZMAN,REPUBLICAN,FALSE,295870,700831,0.422170252
1998,ARKANSAS,AR,US SENATE,statewide,BLANCHE LAMBERT LINCOLN,DEMOCRAT,FALSE,385878,700831,0.550600644
1998,CALIFORNIA,CA,US SENATE,statewide,MATT FONG,REPUBLICAN,FALSE,3575078,8311905,0.430115359
1998,CALIFORNIA,CA,US SENATE,statewide,BARBARA BOXER,DEMOCRAT,FALSE,4410056,8311905,0.53057103
1998,CALIFORNIA,CA,US SENATE,statewide,TIMOTHY R. ERICH,REFORM,FALSE,82918,8311905,0.009975812
1998,CALIFORNIA,CA,US SENATE,statewide,"H. JOSEPH PERRIN, SR.",AMERICAN INDEPENDENT,FALSE,54699,8311905,0.006580802
1998,CALIFORNIA,CA,US SENATE,statewide,OPHIE C. BELTRAN,PEACE AND FREEDOM,FALSE,48685,8311905,0.005857261
1998,CALIFORNIA,CA,US SENATE,statewide,TED BROWN,LIBERTARIAN,FALSE,93926,8311905,0.011300177
1998,CALIFORNIA,CA,US SENATE,statewide,BRIAN M. REES,NATURAL LAW,FALSE,46543,8311905,0.005599559
1998,COLORADO,CO,US SENATE,statewide,GARY SWING,U.S. PACIFIST,FALSE,1981,1327235,0.001492577
1998,COLORADO,CO,US SENATE,statewide,DAVID S. SEGAL,LIBERTARIAN,FALSE,14024,1327235,0.010566328
1998,COLORADO,CO,US SENATE,statewide,BEN NIGHTHORSE CAMPBELL,REPUBLICAN,FALSE,829370,1327235,0.62488557
1998,COLORADO,CO,US SENATE,statewide,DOTTIE LAMM,DEMOCRAT,FALSE,464754,1327235,0.350167077
1998,COLORADO,CO,US SENATE,statewide,KEVIN SWANSON,AMERICAN CONSTITUTION,FALSE,9775,1327235,0.007364935
1998,COLORADO,CO,US SENATE,statewide,JOHN HECKMAN,CONCERNS OF PEOPLE,FALSE,3230,1327235,0.002433631
1998,COLORADO,CO,US SENATE,statewide,JEFFREY PECKMAN,NATURAL LAW,FALSE,4101,1327235,0.003089882
1998,CONNECTICUT,CT,US SENATE,statewide,LOIS A. GRASSO,TERM LIMITS,FALSE,6517,964457,0.00675717
1998,CONNECTICUT,CT,US SENATE,statewide,GARY FRANKS,REPUBLICAN,FALSE,312177,964457,0.323681616
1998,CONNECTICUT,CT,US SENATE,statewide,CHRISTOPHER J. DODD,DEMOCRAT,FALSE,628306,964457,0.651460874
1998,CONNECTICUT,CT,US SENATE,statewide,WILDEY J. MOORE,LIBERTARIAN,FALSE,5196,964457,0.005387487
1998,CONNECTICUT,CT,US SENATE,statewide,WILLIAM KOZAK,CONCERNED CITIZENS,FALSE,12261,964457,0.012712853
1998,FLORIDA,FL,US SENATE,statewide,BOB GRAHAM,DEMOCRAT,FALSE,2436407,3900162,0.624693795
1998,FLORIDA,FL,US SENATE,statewide,CHARLIE CRIST,REPUBLICAN,FALSE,1463755,3900162,0.375306205
1998,GEORGIA,GA,US SENATE,statewide,BERTIL ARMIN LOFTMAN,LIBERTARIAN,FALSE,43467,1753953,0.024782306
1998,GEORGIA,GA,US SENATE,statewide,MICHAEL J. COLES,DEMOCRAT,FALSE,791904,1753953,0.451496705
1998,GEORGIA,GA,US SENATE,statewide,,,TRUE,42,1753953,2.39459E-05
1998,GEORGIA,GA,US SENATE,statewide,PAUL COVERDELL,REPUBLICAN,FALSE,918540,1753953,0.523697043
1998,HAWAII,HI,US SENATE,statewide,LLOYD (JEFF) MALLAN,LIBERTARIAN,FALSE,11908,398124,0.029910279
1998,HAWAII,HI,US SENATE,statewide,DANIEL K. INOUYE,DEMOCRAT,FALSE,315252,398124,0.791843747
1998,HAWAII,HI,US SENATE,statewide,CRYSTAL YOUNG,REPUBLICAN,FALSE,70964,398124,0.178245974
1998,IDAHO,ID,US SENATE,statewide,MIKE CRAPO,REPUBLICAN,FALSE,262966,378174,0.695357164
1998,IDAHO,ID,US SENATE,statewide,BILL MAUK,DEMOCRAT,FALSE,107375,378174,0.283930149
1998,IDAHO,ID,US SENATE,statewide,GEORGE J. MANSFELD,NATURAL LAW,FALSE,7833,378174,0.020712688
1998,ILLINOIS,IL,US SENATE,statewide,DON A. TORGERSEN,REFORM,FALSE,74704,3394521,0.022007229
1998,ILLINOIS,IL,US SENATE,statewide,RAYMOND W. STALKER,U.S. TAXPAYERS,FALSE,280,3394521,8.24859E-05
1998,ILLINOIS,IL,US SENATE,statewide,PETER G. FITZGERALD,REPUBLICAN,FALSE,1709041,3394521,0.503470445
1998,ILLINOIS,IL,US SENATE,statewide,CAROL MOSELEY-BRAUN,DEMOCRAT,FALSE,1610496,3394521,0.47443984
1998,INDIANA,IN,US SENATE,statewide,EVAN BAYH,DEMOCRAT,FALSE,1012244,1588617,0.637185678
1998,INDIANA,IN,US SENATE,statewide,PAUL HELMKE,REPUBLICAN,FALSE,552732,1588617,0.347932825
1998,INDIANA,IN,US SENATE,statewide,REBECCA SINK-BURRIS,LIBERTARIAN,FALSE,23641,1588617,0.014881498
1998,IOWA,IA,US SENATE,statewide,MARGARET TROWE,SOCIALIST WORKERS,FALSE,2542,947907,0.002681698
1998,IOWA,IA,US SENATE,statewide,SUSAN MARCUS,NATURAL LAW,FALSE,7561,947907,0.007976521
1998,IOWA,IA,US SENATE,statewide,BLANK VOTE/SCATTERING,,FALSE,275,947907,0.000290113
1998,IOWA,IA,US SENATE,statewide,CHARLES E. GRASSLEY,REPUBLICAN,FALSE,648480,947907,0.684117746
1998,IOWA,IA,US SENATE,statewide,DAVID OSTERBERG,DEMOCRAT,FALSE,289049,947907,0.304933923
1998,KANSAS,KS,US SENATE,statewide,SAM BROWNBACK,REPUBLICAN,FALSE,474639,727236,0.652661584
1998,KANSAS,KS,US SENATE,statewide,"PAUL FELECIANO, JR.",DEMOCRAT,FALSE,229718,727236,0.315878202
1998,KANSAS,KS,US SENATE,statewide,ALVIN BAUMAN,REFORM,FALSE,11334,727236,0.015585037
1998,KANSAS,KS,US SENATE,statewide,TOM OYLER,LIBERTARIAN,FALSE,11545,727236,0.015875177
1998,KENTUCKY,KY,US SENATE,statewide,CHARLES R. ARBEGUST,REFORM,FALSE,12546,1145414,0.010953245
1998,KENTUCKY,KY,US SENATE,statewide,SCOTTY BAESLER,DEMOCRAT,FALSE,563051,1145414,0.49156986
1998,KENTUCKY,KY,US SENATE,statewide,JIM BUNNING,REPUBLICAN,FALSE,569817,1145414,0.497476895
1998,LOUISIANA,LA,US SENATE,statewide,"SAM HOUSTON MELTON, JR.",DEMOCRAT,FALSE,9893,969165,0.010207756
1998,LOUISIANA,LA,US SENATE,statewide,JEFFREY H. DIKET,OTHER,FALSE,3227,969165,0.00332967
1998,LOUISIANA,LA,US SENATE,statewide,"L. D. ""NOTA"" KNOX, SR.",OTHER,FALSE,6366,969165,0.006568541
1998,LOUISIANA,LA,US SENATE,statewide,MARTIN A. ROSENTHAL,OTHER,FALSE,2394,969165,0.002470168
1998,LOUISIANA,LA,US SENATE,statewide,JOHN B. BREAUX,DEMOCRAT,FALSE,620502,969165,0.640243921
1998,LOUISIANA,LA,US SENATE,statewide,RAYMOND BROWN,OTHER,FALSE,12203,969165,0.012591251
1998,LOUISIANA,LA,US SENATE,statewide,"""JIM"" DONELON",REPUBLICAN,FALSE,306616,969165,0.316371309
1998,LOUISIANA,LA,US SENATE,statewide,DARRYL PAUL WARD,REPUBLICAN,FALSE,7964,969165,0.008217383
1998,MARYLAND,MD,US SENATE,statewide,BARBARA A. MIKULSKI,DEMOCRAT,FALSE,1062810,1507447,0.705039713
1998,MARYLAND,MD,US SENATE,statewide,ROSS Z. PIERPONT,REPUBLICAN,FALSE,444637,1507447,0.294960287
1998,MISSOURI,MO,US SENATE,statewide,TAMARA A. MILLAY,LIBERTARIAN,FALSE,31876,1576857,0.020214896
1998,MISSOURI,MO,US SENATE,statewide,JEREMIAH W. (JAY) NIXON,DEMOCRAT,FALSE,690208,1576857,0.437711219
1998,MISSOURI,MO,US SENATE,statewide,CURT FRAZIER,TAXPAYERS,FALSE,15368,1576857,0.009745969
1998,MISSOURI,MO,US SENATE,statewide,JAMES F. NEWPORT,REFORM,FALSE,8780,1576857,0.005568038
1998,MISSOURI,MO,US SENATE,statewide,CHRISTOPHER S. BOND,REPUBLICAN,FALSE,830625,1576857,0.526759877
1998,NEVADA,NV,US SENATE,statewide,JOHN E. ENSIGN,REPUBLICAN,FALSE,208220,435864,0.47771782
1998,NEVADA,NV,US SENATE,statewide,MICHAEL E. WILLIAMS,NATURAL LAW,FALSE,2781,435864,0.006380431
1998,NEVADA,NV,US SENATE,statewide,HARRY REID,DEMOCRAT,FALSE,208621,435864,0.478637832
1998,NEVADA,NV,US SENATE,statewide,MICHAEL CLOUD,LIBERTARIAN,FALSE,8129,435864,0.018650313
1998,NEVADA,NV,US SENATE,statewide,OTHER,,FALSE,8113,435864,0.018613604
1998,NEW HAMPSHIRE,NH,US SENATE,statewide,BRIAN CHRISTESON,LIBERTARIAN,FALSE,7603,314696,0.024159824
1998,NEW HAMPSHIRE,NH,US SENATE,statewide,GEORGE CONDODEMETRAKY,DEMOCRAT,FALSE,88883,314696,0.282440832
1998,NEW HAMPSHIRE,NH,US SENATE,statewide,JUDD GREGG,REPUBLICAN,FALSE,213477,314696,0.678359433
1998,NEW HAMPSHIRE,NH,US SENATE,statewide,ROY KENDEL,INDEPENDENT,FALSE,4733,314696,0.015039912
1998,NEW YORK,NY,US SENATE,statewide,ALFONSE D'AMATO,RIGHT TO LIFE,FALSE,104565,4989877,0.020955426
1998,NEW YORK,NY,US SENATE,statewide,BLANK VOTE/SCATTERING,,FALSE,319072,4989877,0.063943861
1998,NEW YORK,NY,US SENATE,statewide,CHARLES E. SCHUMER,INDEPENDENCE,FALSE,109027,4989877,0.021849637
1998,NEW YORK,NY,US SENATE,statewide,CHARLES E. SCHUMER,DEMOCRAT,FALSE,2386314,4989877,0.478231027
1998,NEW YORK,NY,US SENATE,statewide,CHARLES E. SCHUMER,LIBERAL,FALSE,55724,4989877,0.01116741
1998,NEW YORK,NY,US SENATE,statewide,ALFONSE D'AMATO,REPUBLICAN,FALSE,1680203,4989877,0.336722328
1998,NEW YORK,NY,US SENATE,statewide,WILLIAM P. MCMILLEN,LIBERTARIAN,FALSE,8223,4989877,0.001647936
1998,NEW YORK,NY,US SENATE,statewide,JOEL KOVEL,GREEN,FALSE,14735,4989877,0.002952979
1998,NEW YORK,NY,US SENATE,statewide,ROSE ANA BERBEO,SOCIALIST WORKERS,FALSE,3513,4989877,0.000704025
1998,NEW YORK,NY,US SENATE,statewide,CORINNE E. KURTZ,MARIJUANA REFORM,FALSE,34281,4989877,0.006870109
1998,NEW YORK,NY,US SENATE,statewide,ALFONSE D'AMATO,CONSERVATIVE,FALSE,274220,4989877,0.054955262
1998,NORTH CAROLINA,NC,US SENATE,statewide,BARBARA HOWE,LIBERTARIAN,FALSE,36963,2012143,0.018369967
1998,NORTH CAROLINA,NC,US SENATE,statewide,LAUCH FAIRCLOTH,REPUBLICAN,FALSE,945943,2012143,0.470117184
1998,NORTH CAROLINA,NC,US SENATE,statewide,JOHN EDWARDS,DEMOCRAT,FALSE,1029237,2012143,0.51151285
1998,NORTH DAKOTA,ND,US SENATE,statewide,HARLEY MCLAIN,REFORM,FALSE,3598,213358,0.016863675
1998,NORTH DAKOTA,ND,US SENATE,statewide,DONNA NALEWAJA,REPUBLICAN,FALSE,75013,213358,0.351582786
1998,NORTH DAKOTA,ND,US SENATE,statewide,BYRON L. DORGAN,DEMOCRAT,FALSE,134747,213358,0.631553539
1998,OHIO,OH,US SENATE,statewide,GEORGE V. VOINOVICH,REPUBLICAN,FALSE,1922087,3404351,0.564597188
1998,OHIO,OH,US SENATE,statewide,,,TRUE,210,3404351,6.16858E-05
1998,OHIO,OH,US SENATE,statewide,MARY O. BOYLE,DEMOCRAT,FALSE,1482054,3404351,0.435341127
1998,OKLAHOMA,OK,US SENATE,statewide,DON NICKLES,REPUBLICAN,FALSE,570682,859713,0.663805247
1998,OKLAHOMA,OK,US SENATE,statewide,"ARGUS W. YANDELL, JR.",INDEPENDENT,FALSE,4617,859713,0.005370397
1998,OKLAHOMA,OK,US SENATE,statewide,DON E. CARROLL,DEMOCRAT,FALSE,268898,859713,0.312776473
1998,OKLAHOMA,OK,US SENATE,statewide,MIKE MORRIS,INDEPENDENT,FALSE,15516,859713,0.018047883
1998,OREGON,OR,US SENATE,statewide,OTHER,,FALSE,1413,1117747,0.00126415
1998,OREGON,OR,US SENATE,statewide,DEAN M. BRAA,SOCIALIST,FALSE,7553,1117747,0.006757343
1998,OREGON,OR,US SENATE,statewide,KARYN MOSKOWITZ,PACIFIC,FALSE,22024,1117747,0.019703922
1998,OREGON,OR,US SENATE,statewide,JOHN LIM,REPUBLICAN,FALSE,377739,1117747,0.33794678
1998,OREGON,OR,US SENATE,statewide,MICHAEL A. CAMPBELL,NATURAL LAW,FALSE,8372,1117747,0.007490067
1998,OREGON,OR,US SENATE,statewide,JIM BREWSTER,LIBERTARIAN,FALSE,18221,1117747,0.016301542
1998,OREGON,OR,US SENATE,statewide,RON WYDEN,DEMOCRAT,FALSE,682425,1117747,0.610536195
1998,PENNSYLVANIA,PA,US SENATE,statewide,DEAN SNYDER,CONSTITUTIONAL,FALSE,68377,2957499,0.023119873
1998,PENNSYLVANIA,PA,US SENATE,statewide,BILL LLOYD,DEMOCRAT,FALSE,1028839,2957499,0.347874674
1998,PENNSYLVANIA,PA,US SENATE,statewide,ARLEN SPECTER,REPUBLICAN,FALSE,1814180,2957499,0.613416945
1998,PENNSYLVANIA,PA,US SENATE,statewide,JACK IANNANTUONO,LIBERTARIAN,FALSE,46103,2957499,0.015588509
1998,SOUTH CAROLINA,SC,US SENATE,statewide,BOB INGLIS,REPUBLICAN,FALSE,488238,1069063,0.456697126
1998,SOUTH CAROLINA,SC,US SENATE,statewide,RICHARD T. QUILLIAN,LIBERTARIAN,FALSE,16991,1069063,0.015893357
1998,SOUTH CAROLINA,SC,US SENATE,statewide,ERNEST F. HOLLINGS,DEMOCRAT,FALSE,563377,1069063,0.526982039
1998,SOUTH CAROLINA,SC,US SENATE,statewide,,,TRUE,457,1069063,0.000427477
1998,SOUTH DAKOTA,SD,US SENATE,statewide,TOM DASCHLE,DEMOCRAT,FALSE,162884,262111,0.621431378
1998,SOUTH DAKOTA,SD,US SENATE,statewide,BYRON DALE,LIBERTARIAN,FALSE,3796,262111,0.014482414
1998,SOUTH DAKOTA,SD,US SENATE,statewide,RON SCHMIDT,REPUBLICAN,FALSE,95431,262111,0.364086208
1998,UTAH,UT,US SENATE,statewide,GARY R. VAN HORN,INDEPENDENT AMERICAN,FALSE,15073,494909,0.030456104
1998,UTAH,UT,US SENATE,statewide,SCOTT LECKMAN,DEMOCRAT,FALSE,163172,494909,0.329701016
1998,UTAH,UT,US SENATE,statewide,ROBERT F. BENNETT,REPUBLICAN,FALSE,316652,494909,0.639818633
1998,UTAH,UT,US SENATE,statewide,,,TRUE,12,494909,2.42469E-05
1998,VERMONT,VT,US SENATE,statewide,HUGH DOUGLAS,LIBERTARIAN,FALSE,4199,214036,0.019618195
1998,VERMONT,VT,US SENATE,statewide,JERRY LEVY,LIBERTY UNION,FALSE,1238,214036,0.005784074
1998,VERMONT,VT,US SENATE,statewide,BARRY M. NELSON,INDEPENDENT,FALSE,2893,214036,0.013516418
1998,VERMONT,VT,US SENATE,statewide,PATRICK J. LEAHY,DEMOCRAT,FALSE,154567,214036,0.722154217
1998,VERMONT,VT,US SENATE,statewide,BOB (DR. BOB) MELAMEDE,VERMONT GRASSROOTS,FALSE,2459,214036,0.011488722
1998,VERMONT,VT,US SENATE,statewide,,,TRUE,629,214036,0.002938758
1998,VERMONT,VT,US SENATE,statewide,FRED H. TUTTLE,REPUBLICAN,FALSE,48051,214036,0.224499617
1998,WASHINGTON,WA,US SENATE,statewide,PATTY MURRAY,DEMOCRAT,FALSE,1103184,1888561,0.584139988
1998,WASHINGTON,WA,US SENATE,statewide,LINDA SMITH,REPUBLICAN,FALSE,785377,1888561,0.415860012
1998,WISCONSIN,WI,US SENATE,statewide,BLANK VOTE/SCATTERING,,FALSE,706,1760836,0.000400946
1998,WISCONSIN,WI,US SENATE,statewide,MARK W. NEUMANN,REPUBLICAN,FALSE,852272,1760836,0.484015547
1998,WISCONSIN,WI,US SENATE,statewide,EUGENE A. HEM,INDEPENDENT,FALSE,4266,1760836,0.002422713
1998,WISCONSIN,WI,US SENATE,statewide,TOM ENDER,LIBERTARIAN,FALSE,5591,1760836,0.003175196
1998,WISCONSIN,WI,US SENATE,statewide,ROBERT R. RAYMOND,U.S. TAXPAYERS,FALSE,7942,1760836,0.004510358
1998,WISCONSIN,WI,US SENATE,statewide,RUSSELL D. FEINGOLD,DEMOCRAT,FALSE,890059,1760836,0.50547524
2000,ARIZONA,AZ,US SENATE,statewide,WILLIAM TOEL,INDEPENDENT,FALSE,109230,1397076,0.078184723
2000,ARIZONA,AZ,US SENATE,statewide,VANCE HANSEN,GREEN,FALSE,108926,1397076,0.077967126
2000,ARIZONA,AZ,US SENATE,statewide,JON KYL,REPUBLICAN,FALSE,1108196,1397076,0.793225279
2000,ARIZONA,AZ,US SENATE,statewide,BARRY J. HESS II,LIBERTARIAN,FALSE,70724,1397076,0.050622872
2000,CALIFORNIA,CA,US SENATE,statewide,"JOSE LUIS ""JOE"" CAMAHORT",REFORM,FALSE,96552,10623608,0.009088438
2000,CALIFORNIA,CA,US SENATE,statewide,MEDEA SUSAN BENJAMIN,GREEN,FALSE,326828,10623608,0.030764313
2000,CALIFORNIA,CA,US SENATE,statewide,TOM CAMPBELL,REPUBLICAN,FALSE,3886853,10623608,0.365869392
2000,CALIFORNIA,CA,US SENATE,statewide,DIANNE FEINSTEIN,DEMOCRAT,FALSE,5932522,10623608,0.558428172
2000,CALIFORNIA,CA,US SENATE,statewide,BRIAN M. REES,NATURAL LAW,FALSE,58537,10623608,0.005510087
2000,CALIFORNIA,CA,US SENATE,statewide,DIANE BEALL TEMPLIN,AMERICAN INDEPENDENT,FALSE,134598,10623608,0.012669707
2000,CALIFORNIA,CA,US SENATE,statewide,GAIL KATHERINE LIGHTFOOT,LIBERTARIAN,FALSE,187718,10623608,0.017669891
2000,CONNECTICUT,CT,US SENATE,statewide,JOSEPH I. LIEBERMAN,DEMOCRAT,FALSE,828902,1311261,0.632141122
2000,CONNECTICUT,CT,US SENATE,statewide,WILLDEY J. MOORE,LIBERTARIAN,FALSE,8773,1311261,0.006690506
2000,CONNECTICUT,CT,US SENATE,statewide,PHIL GIORDANO,REPUBLICAN,FALSE,448077,1311261,0.341714579
2000,CONNECTICUT,CT,US SENATE,statewide,"WILLIAM KOZAK, JR.",CONCERNED CITIZENS,FALSE,25509,1311261,0.019453793
2000,DELAWARE,DE,US SENATE,statewide,THOMAS R. CARPER,DEMOCRAT,FALSE,181566,326993,0.555259593
2000,DELAWARE,DE,US SENATE,statewide,J. BURKE MORRISON,LIBERTARIAN,FALSE,1103,326993,0.003373161
2000,DELAWARE,DE,US SENATE,statewide,MARK E. DANKOF,CONSTITUTION,FALSE,1044,326993,0.003192729
2000,DELAWARE,DE,US SENATE,statewide,"WILLIAM V. ROTH, JR.",REPUBLICAN,FALSE,142891,326993,0.43698489
2000,DELAWARE,DE,US SENATE,statewide,ROBERT MATTSON,NATURAL LAW,FALSE,389,326993,0.001189628
2000,FLORIDA,FL,US SENATE,statewide,DARRELL L. MCCORMICK,INDEPENDENT,FALSE,21664,5856731,0.003698992
2000,FLORIDA,FL,US SENATE,statewide,BILL NELSON,DEMOCRAT,FALSE,2989487,5856731,0.510436112
2000,FLORIDA,FL,US SENATE,statewide,BILL MCCOLLUM,REPUBLICAN,FALSE,2705348,5856731,0.461921164
2000,FLORIDA,FL,US SENATE,statewide,WILLIE LOGAN,INDEPENDENT,FALSE,80830,5856731,0.013801214
2000,FLORIDA,FL,US SENATE,statewide,JOE SIMONETTA,NATURAL LAW,FALSE,26087,5856731,0.004454191
2000,FLORIDA,FL,US SENATE,statewide,,,TRUE,88,5856731,1.50254E-05
2000,FLORIDA,FL,US SENATE,statewide,JOEL DECKARD,REFORM,FALSE,17338,5856731,0.002960355
2000,FLORIDA,FL,US SENATE,statewide,ANDY MARTIN,INDEPENDENT,FALSE,15889,5856731,0.002712947
2000,GEORGIA,GA,US SENATE,statewide,MACK F. MATTINGLY,REPUBLICAN (NOT IDENTIFIED ON BALLOT),FALSE,920478,2415743,0.381033082
2000,GEORGIA,GA,US SENATE,statewide,PAUL ROBERT MACGREGOR,NOT IDENTIFIED,FALSE,25942,2415743,0.010738725
2000,GEORGIA,GA,US SENATE,statewide,BEN BALLENGER,NOT IDENTIFIED,FALSE,22975,2415743,0.009510532
2000,GEORGIA,GA,US SENATE,statewide,JEFF GATES,NOT IDENTIFIED,FALSE,21249,2415743,0.008796052
2000,GEORGIA,GA,US SENATE,statewide,ZELL MILLER,DEMOCRAT (NOT IDENTIFIED ON BALLOT),FALSE,1413224,2415743,0.585005938
2000,GEORGIA,GA,US SENATE,statewide,WINNIE WALSH,NOT IDENTIFIED,FALSE,11875,2415743,0.004915672
2000,HAWAII,HI,US SENATE,statewide,JOHN CARROLL,REPUBLICAN,FALSE,84701,345623,0.245067603
2000,HAWAII,HI,US SENATE,statewide,LLOYD JEFFREY MALLAN,LIBERTARIAN,FALSE,3127,345623,0.00904743
2000,HAWAII,HI,US SENATE,statewide,LAURI A. CLEGG,NATURAL LAW,FALSE,4220,345623,0.012209836
2000,HAWAII,HI,US SENATE,statewide,DAVID PORTER,CONSTITUTION,FALSE,2360,345623,0.006828249
2000,HAWAII,HI,US SENATE,statewide,DANIEL K. AKAKA,DEMOCRAT,FALSE,251215,345623,0.726846882
2000,INDIANA,IN,US SENATE,statewide,PAUL HAGER,LIBERTARIAN,FALSE,33992,2145209,0.015845542
2000,INDIANA,IN,US SENATE,statewide,RICHARD G. LUGAR,REPUBLICAN,FALSE,1427944,2145209,0.665643301
2000,INDIANA,IN,US SENATE,statewide,DAVID L. JOHNSON,DEMOCRAT,FALSE,683273,2145209,0.318511157
2000,MAINE,ME,US SENATE,statewide,MARK W. LAWRENCE,DEMOCRAT,FALSE,197183,634872,0.310587016
2000,MAINE,ME,US SENATE,statewide,OLYMPIA J. SNOWE,REPUBLICAN,FALSE,437689,634872,0.689412984
2000,MARYLAND,MD,US SENATE,statewide,PAUL H. RAPPAPORT,REPUBLICAN,FALSE,715178,1946898,0.367342306
2000,MARYLAND,MD,US SENATE,statewide,CORROGAN R. VAUGHN,,TRUE,113,1946898,5.8041E-05
2000,MARYLAND,MD,US SENATE,statewide,PAUL S. SARBANES,DEMOCRAT,FALSE,1230013,1946898,0.631780915
2000,MARYLAND,MD,US SENATE,statewide,OTHER,,FALSE,1594,1946898,0.000818738
2000,MASSACHUSETTS,MA,US SENATE,statewide,PHILIP F. LAWLER,CONSTITUTION,FALSE,42113,2734048,0.015403168
2000,MASSACHUSETTS,MA,US SENATE,statewide,CARLA A. HOWELL,LIBERTARIAN,FALSE,308860,2734048,0.112968024
2000,MASSACHUSETTS,MA,US SENATE,statewide,PHILIP HYDE III,TIMESIZING NOT DOWNSIZING,FALSE,8452,2734048,0.003091387
2000,MASSACHUSETTS,MA,US SENATE,statewide,BLANK VOTE/SCATTERING,,FALSE,134586,2734048,0.04922591
2000,MASSACHUSETTS,MA,US SENATE,statewide,,,TRUE,42,2734048,1.53618E-05
2000,MASSACHUSETTS,MA,US SENATE,statewide,EDWARD M. KENNEDY,DEMOCRAT,FALSE,1889494,2734048,0.691097596
2000,MASSACHUSETTS,MA,US SENATE,statewide,DALE E. FRIEDGEN,UNENROLLED,FALSE,13687,2734048,0.00500613
2000,MASSACHUSETTS,MA,US SENATE,statewide,OTHER,,FALSE,2473,2734048,0.00090452
2000,MASSACHUSETTS,MA,US SENATE,statewide,JACK E. ROBINSON III,REPUBLICAN,FALSE,334341,2734048,0.122287904
2000,MICHIGAN,MI,US SENATE,statewide,MICHAEL R. CORLISS,LIBERTARIAN,FALSE,29966,4167685,0.007190083
2000,MICHIGAN,MI,US SENATE,statewide,WILLIAM QUARTON,NATURAL LAW,FALSE,5630,4167685,0.00135087
2000,MICHIGAN,MI,US SENATE,statewide,MARK A. FORTON,REFORM,FALSE,26274,4167685,0.006304219
2000,MICHIGAN,MI,US SENATE,statewide,DEBBIE STABENOW,DEMOCRAT,FALSE,2061952,4167685,0.494747564
2000,MICHIGAN,MI,US SENATE,statewide,SPENCER ABRAHAM,REPUBLICAN,FALSE,1994693,4167685,0.478609348
2000,MICHIGAN,MI,US SENATE,statewide,JOHN MANGOPOULOS,U.S. TAXPAYERS,FALSE,11628,4167685,0.002790038
2000,MICHIGAN,MI,US SENATE,statewide,MATTHEW R. ABEL,GREEN,FALSE,37542,4167685,0.009007878
2000,MINNESOTA,MN,US SENATE,statewide,,,TRUE,4,2419520,1.65322E-06
2000,MINNESOTA,MN,US SENATE,statewide,DAVID DANIELS,GRASSROOTS,FALSE,21447,2419520,0.008864155
2000,MINNESOTA,MN,US SENATE,statewide,MARK DAYTON,DEMOCRATIC-FARMER-LABOR,FALSE,1181553,2419520,0.488341903
2000,MINNESOTA,MN,US SENATE,statewide,JAMES (JIM) GIBSON,INDEPENDENCE,FALSE,140583,2419520,0.058103673
2000,MINNESOTA,MN,US SENATE,statewide,DAVID SWAN,CONSTITUTION,FALSE,8915,2419520,0.003684615
2000,MINNESOTA,MN,US SENATE,statewide,REBECCA ELLIS,SOCIALIST WORKERS,FALSE,12956,2419520,0.005354781
2000,MINNESOTA,MN,US SENATE,statewide,ROD GRAMS,REPUBLICAN,FALSE,1047474,2419520,0.432926366
2000,MINNESOTA,MN,US SENATE,statewide,ERIK D. PAKIESER,LIBERTARIAN,FALSE,6588,2419520,0.002722854
2000,MISSISSIPPI,MS,US SENATE,statewide,JIM GILES,INDEPENDENT,FALSE,9344,994144,0.009399041
2000,MISSISSIPPI,MS,US SENATE,statewide,TRENT LOTT,REPUBLICAN,FALSE,654941,994144,0.658798927
2000,MISSISSIPPI,MS,US SENATE,statewide,SHAWN O'HARA,REFORM,FALSE,7315,994144,0.007358089
2000,MISSISSIPPI,MS,US SENATE,statewide,"TROY D. BROWN, SR.",DEMOCRAT,FALSE,314090,994144,0.315940145
2000,MISSISSIPPI,MS,US SENATE,statewide,LEWIS NAPPER,LIBERTARIAN,FALSE,8454,994144,0.008503798
2000,MISSOURI,MO,US SENATE,statewide,HUGH FOLEY,REFORM,FALSE,4166,2361586,0.001764069
2000,MISSOURI,MO,US SENATE,statewide,EVALINE TAYLOR,GREEN,FALSE,10612,2361586,0.00449359
2000,MISSOURI,MO,US SENATE,statewide,CHARLES DOCKINS,NATURAL LAW,FALSE,1933,2361586,0.000818518
2000,MISSOURI,MO,US SENATE,statewide,JOHN ASHCROFT,REPUBLICAN,FALSE,1142852,2361586,0.483934102
2000,MISSOURI,MO,US SENATE,statewide,,,TRUE,13,2361586,5.50478E-06
2000,MISSOURI,MO,US SENATE,statewide,MEL CARNAHAN,DEMOCRAT,FALSE,1191812,2361586,0.504665932
2000,MISSOURI,MO,US SENATE,statewide,GRANT SAMUEL STAUFFER,LIBERTARIAN,FALSE,10198,2361586,0.004318284
2000,MONTANA,MT,US SENATE,statewide,GARY LEE,REFORM,FALSE,9089,411601,0.022082065
2000,MONTANA,MT,US SENATE,statewide,BRIAN SCHWEITZER,DEMOCRAT,FALSE,194430,411601,0.472374946
2000,MONTANA,MT,US SENATE,statewide,CONRAD BURNS,REPUBLICAN,FALSE,208082,411601,0.505542989
2000,NEBRASKA,NE,US SENATE,statewide,DON STENBERG,REPUBLICAN,FALSE,337977,692350,0.488159168
2000,NEBRASKA,NE,US SENATE,statewide,BEN NELSON,DEMOCRAT,FALSE,353093,692350,0.509992056
2000,NEBRASKA,NE,US SENATE,statewide,,,TRUE,1280,692350,0.001848776
2000,NEVADA,NV,US SENATE,statewide,JOHN ENSIGN,REPUBLICAN,FALSE,330687,600776,0.550433107
2000,NEVADA,NV,US SENATE,statewide,BLANK VOTE,,FALSE,457,600776,0.000760683
2000,NEVADA,NV,US SENATE,statewide,J. J. JOHNSON,LIBERTARIAN,FALSE,5395,600776,0.008980052
2000,NEVADA,NV,US SENATE,statewide,ERNIE BERGHOF,INDEPENDENT AMERICAN,FALSE,2540,600776,0.004227865
2000,NEVADA,NV,US SENATE,statewide,NONE OF THESE CANDIDATES,,FALSE,11503,600776,0.019146903
2000,NEVADA,NV,US SENATE,statewide,OVER VOTE,,FALSE,69,600776,0.000114851
2000,NEVADA,NV,US SENATE,statewide,BILL GRUTZMACHER,CITIZENS FIRST,FALSE,1579,600776,0.002628267
2000,NEVADA,NV,US SENATE,statewide,ED BERNSTEIN,DEMOCRAT,FALSE,238260,600776,0.396587081
2000,NEVADA,NV,US SENATE,statewide,KATHRYN RUSCO,GREEN,FALSE,10286,600776,0.01712119
2000,NEW JERSEY,NJ,US SENATE,statewide,J. M. CARTER,INDEPENDENT,FALSE,5657,3015662,0.001875873
2000,NEW JERSEY,NJ,US SENATE,statewide,BOB FRANKS,REPUBLICAN,FALSE,1420267,3015662,0.470963589
2000,NEW JERSEY,NJ,US SENATE,statewide,JON S. CORZINE,DEMOCRAT,FALSE,1511237,3015662,0.501129437
2000,NEW JERSEY,NJ,US SENATE,statewide,GREGORY PASON,INDEPENDENT,FALSE,3365,3015662,0.001115841
2000,NEW JERSEY,NJ,US SENATE,statewide,PAT DINIZIO,INDEPENDENT,FALSE,19312,3015662,0.006403901
2000,NEW JERSEY,NJ,US SENATE,statewide,GEORGE GOSTIGIAN,INDEPENDENT,FALSE,2536,3015662,0.000840943
2000,NEW JERSEY,NJ,US SENATE,statewide,EMERSON ELLETT,INDEPENDENT,FALSE,7241,3015662,0.002401131
2000,NEW JERSEY,NJ,US SENATE,statewide,NANCY ROSENSTOCK,INDEPENDENT,FALSE,3309,3015662,0.001097272
2000,NEW JERSEY,NJ,US SENATE,statewide,BRUCE AFRAN,INDEPENDENT,FALSE,32841,3015662,0.010890146
2000,NEW JERSEY,NJ,US SENATE,statewide,LORRAINE LANEVE,INDEPENDENT,FALSE,3836,3015662,0.001272026
2000,NEW JERSEY,NJ,US SENATE,statewide,DENNIS A. BREEN,INDEPENDENT,FALSE,6061,3015662,0.002009841
2000,NEW MEXICO,NM,US SENATE,statewide,BILL REDMOND,REPUBLICAN,FALSE,225517,589526,0.382539532
2000,NEW MEXICO,NM,US SENATE,statewide,,,TRUE,265,589526,0.000449514
2000,NEW MEXICO,NM,US SENATE,statewide,JEFF BINGAMAN,DEMOCRAT,FALSE,363744,589526,0.617010955
2000,NEW YORK,NY,US SENATE,statewide,BLANK VOTE/SCATTERING,,FALSE,179823,6959662,0.025837893
2000,NEW YORK,NY,US SENATE,statewide,LOUIS P. WEIN,CONSTITUTION,FALSE,3414,6959662,0.000490541
2000,NEW YORK,NY,US SENATE,statewide,HILLARY RODHAM CLINTON,LIBERAL,FALSE,82801,6959662,0.011897273
2000,NEW YORK,NY,US SENATE,statewide,JOHN O. ADEFOPE,RIGHT TO LIFE,FALSE,21439,6959662,0.003080466
2000,NEW YORK,NY,US SENATE,statewide,HILLARY RODHAM CLINTON,WORKING FAMILIES,FALSE,102094,6959662,0.014669391
2000,NEW YORK,NY,US SENATE,statewide,RICK LAZIO,CONSERVATIVE,FALSE,191141,6959662,0.027464121
2000,NEW YORK,NY,US SENATE,statewide,RICK LAZIO,REPUBLICAN,FALSE,2724589,6959662,0.391482948
2000,NEW YORK,NY,US SENATE,statewide,JEFFREY E. GRAHAM,INDEPENDENCE,FALSE,43181,6959662,0.006204468
2000,NEW YORK,NY,US SENATE,statewide,JACOB J. PERASSO,SOCIALIST WORKERS,FALSE,3040,6959662,0.000436803
2000,NEW YORK,NY,US SENATE,statewide,HILLARY RODHAM CLINTON,DEMOCRAT,FALSE,3562415,6959662,0.511866093
2000,NEW YORK,NY,US SENATE,statewide,MARK J. DUNAU,GREEN,FALSE,40991,6959662,0.005889798
2000,NEW YORK,NY,US SENATE,statewide,JOHN CLIFTON,LIBERTARIAN,FALSE,4734,6959662,0.000680205
2000,NORTH DAKOTA,ND,US SENATE,statewide,KENT CONRAD,DEMOCRATIC-NONPARTISAN LEAGUE,FALSE,176470,287539,0.613725442
2000,NORTH DAKOTA,ND,US SENATE,statewide,DUANE SAND,REPUBLICAN,FALSE,111069,287539,0.386274558
2000,OHIO,OH,US SENATE,statewide,,,TRUE,786,4448801,0.000176677
2000,OHIO,OH,US SENATE,statewide,JOHN A. EASTMAN,NATURAL LAW,FALSE,70713,4448801,0.015894844
2000,OHIO,OH,US SENATE,statewide,JOHN R. MCALISTER,LIBERTARIAN,FALSE,116724,4448801,0.026237182
2000,OHIO,OH,US SENATE,statewide,TED CELESTE,DEMOCRAT,FALSE,1595066,4448801,0.358538402
2000,OHIO,OH,US SENATE,statewide,MIKE DEWINE,REPUBLICAN,FALSE,2665512,4448801,0.599152895
2000,PENNSYLVANIA,PA,US SENATE,statewide,RON KLINK,DEMOCRAT,FALSE,2154908,4735116,0.455090857
2000,PENNSYLVANIA,PA,US SENATE,statewide,JOHN J. FEATHERMAN,LIBERTARIAN,FALSE,45775,4735116,0.009667134
2000,PENNSYLVANIA,PA,US SENATE,statewide,ROBERT E. DOMSKE,REFORM,FALSE,24089,4735116,0.005087309
2000,PENNSYLVANIA,PA,US SENATE,statewide,RICK SANTORUM,REPUBLICAN,FALSE,2481962,4735116,0.52416076
2000,PENNSYLVANIA,PA,US SENATE,statewide,LESTER B. SEARER,CONSTITUTION,FALSE,28382,4735116,0.00599394
2000,RHODE ISLAND,RI,US SENATE,statewide,ROBERT A. WEYGAND,DEMOCRAT,FALSE,161023,391353,0.411452065
2000,RHODE ISLAND,RI,US SENATE,statewide,LINCOLN D. CHAFEE,REPUBLICAN,FALSE,222588,391353,0.568765284
2000,RHODE ISLAND,RI,US SENATE,statewide,KENNETH P. PROULX,INDEPENDENT,FALSE,3635,391353,0.00928829
2000,RHODE ISLAND,RI,US SENATE,statewide,CHRISTOPHER YOUNG,REFORM,FALSE,4107,391353,0.010494362
2000,TENNESSEE,TN,US SENATE,statewide,JEFF CLARK,DEMOCRAT,FALSE,621152,1928613,0.322071872
2000,TENNESSEE,TN,US SENATE,statewide,DAVID JARROD OWNBY,INDEPENDENT,FALSE,4388,1928613,0.00227521
2000,TENNESSEE,TN,US SENATE,statewide,,,TRUE,259,1928613,0.000134293
2000,TENNESSEE,TN,US SENATE,statewide,ROBERT WATSON,INDEPENDENT,FALSE,8416,1928613,0.004363758
2000,TENNESSEE,TN,US SENATE,statewide,CHARLES F. JOHNSON,INDEPENDENT,FALSE,10004,1928613,0.005187147
2000,TENNESSEE,TN,US SENATE,statewide,BILL FRIST,REPUBLICAN,FALSE,1255444,1928613,0.650956931
2000,TENNESSEE,TN,US SENATE,statewide,TOM BURRELL,GREEN,FALSE,25815,1928613,0.013385267
2000,TENNESSEE,TN,US SENATE,statewide,JOEL KINSTLE,INDEPENDENT,FALSE,3135,1928613,0.001625521
2000,TEXAS,TX,US SENATE,statewide,GENE KELLY,DEMOCRAT,FALSE,2025024,6267964,0.323075244
2000,TEXAS,TX,US SENATE,statewide,KAY BAILEY HUTCHISON,REPUBLICAN,FALSE,4078954,6267964,0.650762193
2000,TEXAS,TX,US SENATE,statewide,MARY J. RUWART,LIBERTARIAN,FALSE,72657,6267964,0.011591802
2000,TEXAS,TX,US SENATE,statewide,DOUGLAS S. SANDAGE,GREEN,FALSE,91329,6267964,0.01457076
2000,UTAH,UT,US SENATE,statewide,SCOTT N. HOWELL,DEMOCRAT,FALSE,242569,769704,0.315145822
2000,UTAH,UT,US SENATE,statewide,JIM DEXTER,LIBERTARIAN,FALSE,10394,769704,0.013503892
2000,UTAH,UT,US SENATE,statewide,CARLTON EDWARD BOWEN,INDEPENDENT AMERICAN,FALSE,11938,769704,0.015509858
2000,UTAH,UT,US SENATE,statewide,ORRIN G. HATCH,REPUBLICAN,FALSE,504803,769704,0.655840427
2000,VERMONT,VT,US SENATE,statewide,CHARLES W. RUSSELL,CONSTITUTION,FALSE,10079,288500,0.034935875
2000,VERMONT,VT,US SENATE,statewide,RICK HUBBARD,INDEPENDENT,FALSE,5366,288500,0.018599653
2000,VERMONT,VT,US SENATE,statewide,ED FLANAGAN,DEMOCRAT,FALSE,73352,288500,0.254253033
2000,VERMONT,VT,US SENATE,statewide,JERRY LEVY,LIBERTY UNION,FALSE,1477,288500,0.005119584
2000,VERMONT,VT,US SENATE,statewide,HUGH DOUGLAS,LIBERTARIAN,FALSE,3843,288500,0.013320624
2000,VERMONT,VT,US SENATE,statewide,JAMES M. JEFFORDS,REPUBLICAN,FALSE,189133,288500,0.655573657
2000,VERMONT,VT,US SENATE,statewide,BILLY GREER,VERMONT GRASSROOTS,FALSE,4889,288500,0.016946274
2000,VERMONT,VT,US SENATE,statewide,,,TRUE,361,288500,0.0012513
2000,VIRGINIA,VA,US SENATE,statewide,CHARLES S. ROBB,DEMOCRAT,FALSE,1296093,2718301,0.476802606
2000,VIRGINIA,VA,US SENATE,statewide,,,TRUE,1748,2718301,0.000643049
2000,VIRGINIA,VA,US SENATE,statewide,GEORGE F. ALLEN,REPUBLICAN,FALSE,1420460,2718301,0.522554346
2000,WASHINGTON,WA,US SENATE,statewide,SLADE GORTON,REPUBLICAN,FALSE,1197208,2461379,0.486397259
2000,WASHINGTON,WA,US SENATE,statewide,MARIA CANTWELL,DEMOCRAT,FALSE,1199437,2461379,0.487302849
2000,WASHINGTON,WA,US SENATE,statewide,JEFF JARED,LIBERTARIAN,FALSE,64734,2461379,0.026299891
2000,WEST VIRGINIA,WV,US SENATE,statewide,JOE WHELAN,LIBERTARIAN,FALSE,12627,603477,0.020923747
2000,WEST VIRGINIA,WV,US SENATE,statewide,ROBERT C. BYRD,DEMOCRAT,FALSE,469215,603477,0.777519276
2000,WEST VIRGINIA,WV,US SENATE,statewide,DAVID T. GALLAHER,REPUBLICAN,FALSE,121635,603477,0.201556977
2000,WISCONSIN,WI,US SENATE,statewide,HERB KOHL,DEMOCRAT,FALSE,1563238,2540083,0.615427921
2000,WISCONSIN,WI,US SENATE,statewide,EUGENE A. HEM,INDEPENDENT,FALSE,9555,2540083,0.003761688
2000,WISCONSIN,WI,US SENATE,statewide,SCATTER,,FALSE,902,2540083,0.000355107
2000,WISCONSIN,WI,US SENATE,statewide,TIM PETERSON,LIBERTARIAN,FALSE,21348,2540083,0.00840445
2000,WISCONSIN,WI,US SENATE,statewide,JOHN GILLESPIE,REPUBLICAN,FALSE,940744,2540083,0.370359551
2000,WISCONSIN,WI,US SENATE,statewide,ROBERT R. RAYMOND,CONSTITUTION,FALSE,4296,2540083,0.001691283
2000,WYOMING,WY,US SENATE,statewide,CRAIG THOMAS,REPUBLICAN,FALSE,157622,213659,0.737726939
2000,WYOMING,WY,US SENATE,statewide,MARGARET DAWSON,LIBERTARIAN,FALSE,8950,213659,0.041889179
2000,WYOMING,WY,US SENATE,statewide,MEL LOGAN,DEMOCRAT,FALSE,47087,213659,0.220383883
2002,ALABAMA,AL,US SENATE,statewide,JEFF SESSIONS,REPUBLICAN,FALSE,792561,1353023,0.58577053
2002,ALABAMA,AL,US SENATE,statewide,JEFF ALLEN,LIBERTARIAN,FALSE,20234,1353023,0.014954661
2002,ALABAMA,AL,US SENATE,statewide,,,TRUE,1350,1353023,0.000997766
2002,ALABAMA,AL,US SENATE,statewide,SUSAN PARKER,DEMOCRAT,FALSE,538878,1353023,0.398277043
2002,ALASKA,AK,US SENATE,statewide,JIM DORE,ALASKAN INDEPENDENCE,FALSE,6724,229548,0.029292348
2002,ALASKA,AK,US SENATE,statewide,TED STEVENS,REPUBLICAN,FALSE,179438,229548,0.781701431
2002,ALASKA,AK,US SENATE,statewide,,,TRUE,291,229548,0.001267709
2002,ALASKA,AK,US SENATE,statewide,LEONARD KARPINSKI,LIBERTARIAN,FALSE,2354,229548,0.010254936
2002,ALASKA,AK,US SENATE,statewide,JIM SYKES,GREEN,FALSE,16608,229548,0.072350881
2002,ALASKA,AK,US SENATE,statewide,FRANK VONDERSAAR,DEMOCRAT,FALSE,24133,229548,0.105132696
2002,ARKANSAS,AR,US SENATE,statewide,TIM HUTCHINSON,REPUBLICAN,FALSE,370735,804121,0.461043798
2002,ARKANSAS,AR,US SENATE,statewide,MARK PRYOR,DEMOCRAT,FALSE,433386,804121,0.538956202
2002,COLORADO,CO,US SENATE,statewide,"DOULGAS ""DAYHORSE"" CAMPBELL",AMERICAN CONSTITUTION,FALSE,21547,1416082,0.015215927
2002,COLORADO,CO,US SENATE,statewide,,,TRUE,596,1416082,0.00042088
2002,COLORADO,CO,US SENATE,statewide,WAYNE ALLARD,REPUBLICAN,FALSE,717893,1416082,0.506957224
2002,COLORADO,CO,US SENATE,statewide,JOHN HECKMAN,CONCERNS OF PEOPLE,FALSE,7140,1416082,0.005042081
2002,COLORADO,CO,US SENATE,statewide,RICK STANLEY,LIBERTARIAN,FALSE,20776,1416082,0.014671467
2002,COLORADO,CO,US SENATE,statewide,TOM STRICKLAND,DEMOCRAT,FALSE,648130,1416082,0.457692422
2002,DELAWARE,DE,US SENATE,statewide,MAURICE BARROS,INDEPENDENT PARTY OF DELAWARE,FALSE,996,232314,0.004287301
2002,DELAWARE,DE,US SENATE,statewide,RAYMOND T. BURANELLO,LIBERTARIAN,FALSE,922,232314,0.003968766
2002,DELAWARE,DE,US SENATE,statewide,JOSEPH R. BIDEN JR.,DEMOCRAT,FALSE,135253,232314,0.582199093
2002,DELAWARE,DE,US SENATE,statewide,RAYMOND J. CLATWORTHY,REPUBLICAN,FALSE,94793,232314,0.408038259
2002,DELAWARE,DE,US SENATE,statewide,ROBERT E. MATTSON,NATURAL LAW,FALSE,350,232314,0.001506582
2002,GEORGIA,GA,US SENATE,statewide,SAXBY CHAMBLISS,REPUBLICAN,FALSE,1071352,2031604,0.527342927
2002,GEORGIA,GA,US SENATE,statewide,MAX CLELAND,DEMOCRAT,FALSE,932422,2031604,0.458958537
2002,GEORGIA,GA,US SENATE,statewide,"CLAUDE ""SANDY"" THOMAS",LIBERTARIAN,FALSE,27830,2031604,0.013698536
2002,IDAHO,ID,US SENATE,statewide,LARRY E. CRAIG,REPUBLICAN,FALSE,266215,408544,0.65161892
2002,IDAHO,ID,US SENATE,statewide,ALAN BLINKEN,DEMOCRAT,FALSE,132975,408544,0.325485137
2002,IDAHO,ID,US SENATE,statewide,DONOVAN BRAMWELL,LIBERTARIAN,FALSE,9354,408544,0.022895943
2002,ILLINOIS,IL,US SENATE,statewide,JIM DURKIN,REPUBLICAN,FALSE,1325703,3486851,0.380200645
2002,ILLINOIS,IL,US SENATE,statewide,STEVEN BURGAUER,LIBERTARIAN,FALSE,57382,3486851,0.016456683
2002,ILLINOIS,IL,US SENATE,statewide,RICHARD J. DURBIN,DEMOCRAT,FALSE,2103766,3486851,0.603342672
2002,IOWA,IA,US SENATE,statewide,RICHARD J. MOORE,LIBERTARIAN,FALSE,8864,1023075,0.008664076
2002,IOWA,IA,US SENATE,statewide,TIMOTHY A. HARTHAN,GREEN,FALSE,11340,1023075,0.011084231
2002,IOWA,IA,US SENATE,statewide,GREG GANSKE,REPUBLICAN,FALSE,447892,1023075,0.437789996
2002,IOWA,IA,US SENATE,statewide,,,TRUE,701,1023075,0.000685189
2002,IOWA,IA,US SENATE,statewide,TOM HARKIN,DEMOCRAT,FALSE,554278,1023075,0.541776507
2002,KANSAS,KS,US SENATE,statewide,STEVEN A. ROSILE,LIBERTARIAN,FALSE,70725,776850,0.091040741
2002,KANSAS,KS,US SENATE,statewide,GEORGE COOK,REFORM,FALSE,65050,776850,0.083735599
2002,KANSAS,KS,US SENATE,statewide,PAT ROBERTS,REPUBLICAN,FALSE,641075,776850,0.82522366
2002,KENTUCKY,KY,US SENATE,statewide,MITCH MCCONNELL,REPUBLICAN,FALSE,731679,1131313,0.646752048
2002,KENTUCKY,KY,US SENATE,statewide,LOIS COMBS WEINBERG,DEMOCRAT,FALSE,399634,1131313,0.353247952
2002,LOUISIANA,LA,US SENATE,statewide,GARY D. ROBBINS,OTHER,FALSE,2423,2481629,0.000976375
2002,LOUISIANA,LA,US SENATE,statewide,"""TONY"" PERKINS",REPUBLICAN,FALSE,119776,2481629,0.048265071
2002,LOUISIANA,LA,US SENATE,statewide,JOHN COOKSEY,REPUBLICAN,FALSE,171752,2481629,0.069209378
2002,LOUISIANA,LA,US SENATE,statewide,MARY L. LANDRIEU,DEMOCRAT,FALSE,638654,2481629,0.257352731
2002,LOUISIANA,LA,US SENATE,statewide,RAYMOND BROWN,DEMOCRAT,FALSE,23553,2481629,0.009490943
2002,LOUISIANA,LA,US SENATE,statewide,SUZANNE HAIK TERRELL,REPUBLICAN,FALSE,596642,2481629,0.240423528
2002,LOUISIANA,LA,US SENATE,statewide,SUZANNE HAIK TERRELL,REPUBLICAN,FALSE,339506,2481629,0.136807718
2002,LOUISIANA,LA,US SENATE,statewide,"PATRICK E. ""LIVE WIRE"" LANDRY",OTHER,FALSE,10442,2481629,0.00420772
2002,LOUISIANA,LA,US SENATE,statewide,JAMES LEMANN,OTHER,FALSE,3866,2481629,0.001557848
2002,LOUISIANA,LA,US SENATE,statewide,ERNEST EDWARD SKILLMAN JR.,REPUBLICAN,FALSE,1668,2481629,0.000672139
2002,LOUISIANA,LA,US SENATE,statewide,MARY L. LANDRIEU,DEMOCRAT,FALSE,573347,2481629,0.231036549
2002,MAINE,ME,US SENATE,statewide,SUSAN M. COLLINS,REPUBLICAN,FALSE,295041,504899,0.584356475
2002,MAINE,ME,US SENATE,statewide,CHELLIE PINGREE,DEMOCRAT,FALSE,209858,504899,0.415643525
2002,MASSACHUSETTS,MA,US SENATE,statewide,OTHER,,FALSE,6077,2220301,0.002737016
2002,MASSACHUSETTS,MA,US SENATE,statewide,,,TRUE,24898,2220301,0.011213795
2002,MASSACHUSETTS,MA,US SENATE,statewide,MICHAEL E. CLOUD,LIBERTARIAN,FALSE,369807,2220301,0.166557147
2002,MASSACHUSETTS,MA,US SENATE,statewide,BLANK VOTE/SCATTERING,,FALSE,213543,2220301,0.0961775
2002,MASSACHUSETTS,MA,US SENATE,statewide,JOHN F. KERRY,DEMOCRAT,FALSE,1605976,2220301,0.723314542
2002,MICHIGAN,MI,US SENATE,statewide,JOHN S. MANGOPOULOS,REFORM,FALSE,12831,3129287,0.004100295
2002,MICHIGAN,MI,US SENATE,statewide,CARL LEVIN,DEMOCRAT,FALSE,1896614,3129287,0.606085028
2002,MICHIGAN,MI,US SENATE,statewide,ANDREW RACZKOWSKI,REPUBLICAN,FALSE,1185545,3129287,0.378854672
2002,MICHIGAN,MI,US SENATE,statewide,DOUG DERN,NATURAL LAW,FALSE,10366,3129287,0.003312576
2002,MICHIGAN,MI,US SENATE,statewide,ERIC BORREGARD,GREEN,FALSE,23931,3129287,0.007647429
2002,MINNESOTA,MN,US SENATE,statewide,,,TRUE,7,2254636,3.10471E-06
2002,MINNESOTA,MN,US SENATE,statewide,NORM COLEMAN,REPUBLICAN,FALSE,1116697,2254636,0.495289262
2002,MINNESOTA,MN,US SENATE,statewide,,,TRUE,3,2254636,1.33059E-06
2002,MINNESOTA,MN,US SENATE,statewide,,,TRUE,1790,2254636,0.00079392
2002,MINNESOTA,MN,US SENATE,statewide,PAUL WELLSTONE,DEMOCRATIC-FARMER-LABOR,FALSE,11381,2254636,0.005047821
2002,MINNESOTA,MN,US SENATE,statewide,JIM MOORE,INDEPENDENCE,FALSE,45139,2254636,0.020020527
2002,MINNESOTA,MN,US SENATE,statewide,RAY TRICOMO,GREEN,FALSE,10119,2254636,0.004488086
2002,MINNESOTA,MN,US SENATE,statewide,WALTER F. MONDALE,DEMOCRAT,FALSE,1067246,2254636,0.473356231
2002,MINNESOTA,MN,US SENATE,statewide,MIRO DRAGO,CONSTITUTION,FALSE,2254,2254636,0.000999718
2002,MISSISSIPPI,MS,US SENATE,statewide,THAD COCHRAN,REPUBLICAN,FALSE,533269,630495,0.845794178
2002,MISSISSIPPI,MS,US SENATE,statewide,SHAWN O'HARA,REFORM,FALSE,97226,630495,0.154205822
2002,MISSOURI,MO,US SENATE,statewide,JEAN CARNAHAN,DEMOCRAT,FALSE,913778,1877620,0.486668229
2002,MISSOURI,MO,US SENATE,statewide,DANIEL (DIGGER) ROMANO,GREEN,FALSE,10465,1877620,0.005573545
2002,MISSOURI,MO,US SENATE,statewide,JIM TALENT,REPUBLICAN,FALSE,935032,1877620,0.497987878
2002,MISSOURI,MO,US SENATE,statewide,TAMARA A. MILLAY,LIBERTARIAN,FALSE,18345,1877620,0.009770348
2002,MONTANA,MT,US SENATE,statewide,MAX BAUCUS,DEMOCRAT,FALSE,204853,326537,0.62735004
2002,MONTANA,MT,US SENATE,statewide,STAN JONES,LIBERTARIAN,FALSE,10420,326537,0.031910626
2002,MONTANA,MT,US SENATE,statewide,MIKE TAYLOR,REPUBLICAN,FALSE,103611,326537,0.31730248
2002,MONTANA,MT,US SENATE,statewide,BOB KELLEHER,GREEN,FALSE,7653,326537,0.023436854
2002,NEBRASKA,NE,US SENATE,statewide,CHARLIE A. MATULKA,DEMOCRAT,FALSE,70290,480217,0.146371328
2002,NEBRASKA,NE,US SENATE,statewide,PHIL CHASE,INDEPENDENT,FALSE,5066,480217,0.010549397
2002,NEBRASKA,NE,US SENATE,statewide,CHUCK HAGEL,REPUBLICAN,FALSE,397438,480217,0.827621679
2002,NEBRASKA,NE,US SENATE,statewide,JOHN J. GRAZIANO,LIBERTARIAN,FALSE,7423,480217,0.015457595
2002,NEW HAMPSHIRE,NH,US SENATE,statewide,KEN BLEVENS,LIBERTARIAN,FALSE,9835,447135,0.021995594
2002,NEW HAMPSHIRE,NH,US SENATE,statewide,JEANNE SHAHEEN,DEMOCRAT,FALSE,207478,447135,0.46401646
2002,NEW HAMPSHIRE,NH,US SENATE,statewide,SCATTER,,FALSE,197,447135,0.000440583
2002,NEW HAMPSHIRE,NH,US SENATE,statewide,JOHN E. SUNUNU,REPUBLICAN,FALSE,227229,447135,0.508188802
2002,NEW HAMPSHIRE,NH,US SENATE,statewide,,,TRUE,2396,447135,0.005358561
2002,NEW JERSEY,NJ,US SENATE,statewide,GREGORY PASON,SOCIALIST,FALSE,2702,2112604,0.00127899
2002,NEW JERSEY,NJ,US SENATE,statewide,ELIZABETH MACRON,LIBERTARIAN,FALSE,12558,2112604,0.005944323
2002,NEW JERSEY,NJ,US SENATE,statewide,NORMAN E. WAHNER,CONSERVATIVE,FALSE,6404,2112604,0.00303133
2002,NEW JERSEY,NJ,US SENATE,statewide,DOUGLAS R. FORRESTER,REPUBLICAN,FALSE,928439,2112604,0.439476116
2002,NEW JERSEY,NJ,US SENATE,statewide,FRANK R. LAUTENBERG,DEMOCRAT,FALSE,1138193,2112604,0.538763062
2002,NEW JERSEY,NJ,US SENATE,statewide,TED GLICK,GREEN,FALSE,24308,2112604,0.011506179
2002,NEW MEXICO,NM,US SENATE,statewide,GLORIA TRISTANI,DEMOCRAT,FALSE,168863,483056,0.349572306
2002,NEW MEXICO,NM,US SENATE,statewide,PETE V. DOMENICI,REPUBLICAN,FALSE,314193,483056,0.650427694
2002,NORTH CAROLINA,NC,US SENATE,statewide,SEAN HAUGH,LIBERTARIAN,FALSE,33807,2331181,0.014502091
2002,NORTH CAROLINA,NC,US SENATE,statewide,,,TRUE,727,2331181,0.000311859
2002,NORTH CAROLINA,NC,US SENATE,statewide,ERSKINE B. BOWLES,DEMOCRAT,FALSE,1047983,2331181,0.449550249
2002,NORTH CAROLINA,NC,US SENATE,statewide,ELIZABETH H. DOLE,REPUBLICAN,FALSE,1248664,2331181,0.5356358
2002,OKLAHOMA,OK,US SENATE,statewide,JAMES GERMALIC,INDEPENDENT,FALSE,65056,1018424,0.063879092
2002,OKLAHOMA,OK,US SENATE,statewide,JAMES M. INHOFE,REPUBLICAN,FALSE,583579,1018424,0.573021649
2002,OKLAHOMA,OK,US SENATE,statewide,DAVID WALTERS,DEMOCRAT,FALSE,369789,1018424,0.363099259
2002,OREGON,OR,US SENATE,statewide,GORDON SMITH,REPUBLICAN,FALSE,712287,1267221,0.562085856
2002,OREGON,OR,US SENATE,statewide,OTHER,,FALSE,1354,1267221,0.00106848
2002,OREGON,OR,US SENATE,statewide,DAN FITZGERALD,LIBERTARIAN,FALSE,29979,1267221,0.023657278
2002,OREGON,OR,US SENATE,statewide,LON MABON,CONSTITUTION,FALSE,21703,1267221,0.017126452
2002,OREGON,OR,US SENATE,statewide,BILL BRADBURY,DEMOCRAT,FALSE,501898,1267221,0.396061934
2002,RHODE ISLAND,RI,US SENATE,statewide,JACK REED,DEMOCRAT,FALSE,253774,323582,0.784264885
2002,RHODE ISLAND,RI,US SENATE,statewide,ROBERT G. TINGLE,REPUBLICAN,FALSE,69808,323582,0.215735115
2002,SOUTH CAROLINA,SC,US SENATE,statewide,TED ADAMS,CONSTITUTION,FALSE,8228,1102912,0.007460251
2002,SOUTH CAROLINA,SC,US SENATE,statewide,LINDSEY O. GRAHAM,REPUBLICAN,FALSE,600010,1102912,0.544023458
2002,SOUTH CAROLINA,SC,US SENATE,statewide,ALEX SANDERS,DEMOCRAT,FALSE,487359,1102912,0.441883849
2002,SOUTH CAROLINA,SC,US SENATE,statewide,VICTOR KOCHER,LIBERTARIAN,FALSE,6648,1102912,0.006027679
2002,SOUTH CAROLINA,SC,US SENATE,statewide,,,TRUE,667,1102912,0.000604763
2002,SOUTH DAKOTA,SD,US SENATE,statewide,KURT EVANS,LIBERTARIAN,FALSE,3071,337501,0.009099232
2002,SOUTH DAKOTA,SD,US SENATE,statewide,TIM JOHNSON,DEMOCRAT,FALSE,167481,337501,0.49623853
2002,SOUTH DAKOTA,SD,US SENATE,statewide,JOHN THUNE,REPUBLICAN,FALSE,166949,337501,0.494662238
2002,TENNESSEE,TN,US SENATE,statewide,WESLEY M. BAKER,INDEPENDENT,FALSE,6106,1642432,0.003717658
2002,TENNESSEE,TN,US SENATE,statewide,KARL STANLEY DAVIDSON,INDEPENDENT,FALSE,2217,1642432,0.001349828
2002,TENNESSEE,TN,US SENATE,statewide,BOB CLEMENT,DEMOCRAT,FALSE,728232,1642432,0.443386393
2002,TENNESSEE,TN,US SENATE,statewide,,,TRUE,356,1642432,0.000216752
2002,TENNESSEE,TN,US SENATE,statewide,CONNIE GAMMON,INDEPENDENT,FALSE,5349,1642432,0.003256756
2002,TENNESSEE,TN,US SENATE,statewide,BASIL J. MARCEAUX,INDEPENDENT,FALSE,1170,1642432,0.000712358
2002,TENNESSEE,TN,US SENATE,statewide,JOHN JAY HOOKER,INDEPENDENT,FALSE,6401,1642432,0.003897269
2002,TENNESSEE,TN,US SENATE,statewide,LAMAR ALEXANDER,REPUBLICAN,FALSE,891498,1642432,0.542791422
2002,TENNESSEE,TN,US SENATE,statewide,H. GARY KEPLINGER,INDEPENDENT,FALSE,1103,1642432,0.000671565
2002,TEXAS,TX,US SENATE,statewide,,,TRUE,1422,4514012,0.000315019
2002,TEXAS,TX,US SENATE,statewide,ROY H. WILLIAMS,GREEN,FALSE,25051,4514012,0.005549609
2002,TEXAS,TX,US SENATE,statewide,JOHN CORNYN,REPUBLICAN,FALSE,2496243,4514012,0.552998751
2002,TEXAS,TX,US SENATE,statewide,RON KIRK,DEMOCRAT,FALSE,1955758,4514012,0.433263802
2002,TEXAS,TX,US SENATE,statewide,SCOTT LANIER JAMESON,LIBERTARIAN,FALSE,35538,4514012,0.007872819
2002,VIRGINIA,VA,US SENATE,statewide,NANCY B. SPANNAUS,INDEPENDENT,FALSE,145102,1489422,0.097421684
2002,VIRGINIA,VA,US SENATE,statewide,JACOB G. HORNBERGER JR.,INDEPENDENT,FALSE,106055,1489422,0.071205474
2002,VIRGINIA,VA,US SENATE,statewide,JOHN W. WARNER,REPUBLICAN,FALSE,1229894,1489422,0.82575254
2002,VIRGINIA,VA,US SENATE,statewide,,,TRUE,8371,1489422,0.005620301
2002,WEST VIRGINIA,WV,US SENATE,statewide,JAY WOLFE,REPUBLICAN,FALSE,160902,436183,0.368886454
2002,WEST VIRGINIA,WV,US SENATE,statewide,JOHN D. ROCKEFELLER IV,DEMOCRAT,FALSE,275281,436183,0.631113546
2002,WYOMING,WY,US SENATE,statewide,JOYCE JANSA CORCORAN,DEMOCRAT,FALSE,49570,183280,0.270460498
2002,WYOMING,WY,US SENATE,statewide,MICHAEL B. ENZI,REPUBLICAN,FALSE,133710,183280,0.729539502
2004,ALABAMA,AL,US SENATE,statewide,,,TRUE,1848,1839066,0.001004858
2004,ALABAMA,AL,US SENATE,statewide,RICHARD C. SHELBY,REPUBLICAN,FALSE,1242200,1839066,0.675451561
2004,ALABAMA,AL,US SENATE,statewide,WAYNE SOWELL,DEMOCRAT,FALSE,595018,1839066,0.323543581
2004,ALASKA,AK,US SENATE,statewide,JIM SKYES,GREEN,FALSE,3053,308315,0.00990221
2004,ALASKA,AK,US SENATE,statewide,TONY KNOWLES,DEMOCRAT,FALSE,140424,308315,0.45545627
2004,ALASKA,AK,US SENATE,statewide,LISA MURKOWSKI,REPUBLICAN,FALSE,149773,308315,0.485779154
2004,ALASKA,AK,US SENATE,statewide,,,TRUE,423,308315,0.001371973
2004,ALASKA,AK,US SENATE,statewide,SCOTT A. KOHLHAAS,ALASKA LIBERTARIAN,FALSE,1240,308315,0.004021861
2004,ALASKA,AK,US SENATE,statewide,MARC J. MILLICAN,NONPARTISAN,FALSE,8885,308315,0.02881793
2004,ALASKA,AK,US SENATE,statewide,JERRY SANDERS,ALASKAN INDEPENDENCE,FALSE,3785,308315,0.012276406
2004,ALASKA,AK,US SENATE,statewide,"TED ""BIG"" GIANOUTSOS",NONPARTISAN,FALSE,732,308315,0.002374195
2004,ARIZONA,AZ,US SENATE,statewide,ERNEST HANCOCK,LIBERTARIAN,FALSE,51798,1961677,0.026404959
2004,ARIZONA,AZ,US SENATE,statewide,STUART STARKY,DEMOCRAT,FALSE,404507,1961677,0.206204691
2004,ARIZONA,AZ,US SENATE,statewide,JOHN MCCAIN,REPUBLICAN,FALSE,1505372,1961677,0.76739035
2004,ARKANSAS,AR,US SENATE,statewide,GLEN A. SCHWARZ,,TRUE,212,1039349,0.000203974
2004,ARKANSAS,AR,US SENATE,statewide,,,TRUE,128,1039349,0.000123154
2004,ARKANSAS,AR,US SENATE,statewide,BLANCHE L. LINCOLN,DEMOCRAT,FALSE,580973,1039349,0.558977783
2004,ARKANSAS,AR,US SENATE,statewide,JIM HOLT,REPUBLICAN,FALSE,458036,1039349,0.440695089
2004,CALIFORNIA,CA,US SENATE,statewide,BARBARA BOXER,DEMOCRAT,FALSE,6955728,12053295,0.577081039
2004,CALIFORNIA,CA,US SENATE,statewide,DON J. GRUNDMANN,AMERICAN INDEPENDENT,FALSE,81224,12053295,0.006738738
2004,CALIFORNIA,CA,US SENATE,statewide,"JAMES P. ""JIM"" GRAY",LIBERTARIAN,FALSE,216522,12053295,0.017963719
2004,CALIFORNIA,CA,US SENATE,statewide,MARSHA FEINLAND,PEACE AND FREEDOM,FALSE,243846,12053295,0.020230651
2004,CALIFORNIA,CA,US SENATE,statewide,,,TRUE,53,12053295,4.39714E-06
2004,CALIFORNIA,CA,US SENATE,statewide,BILL JONES,REPUBLICAN,FALSE,4555922,12053295,0.377981457
2004,COLORADO,CO,US SENATE,statewide,KEN SALAZAR,DEMOCRAT,FALSE,1081188,2107472,0.513026033
2004,COLORADO,CO,US SENATE,statewide,FINN GOTAAS,UNAFFILIATED,FALSE,1750,2107472,0.000830379
2004,COLORADO,CO,US SENATE,statewide,"DOUGLAS ""DAYHORSE"" CAMPBELL",AMERICAN CONSTITUTION,FALSE,18783,2107472,0.008912574
2004,COLORADO,CO,US SENATE,statewide,RICHARD RANDALL,LIBERTARIAN,FALSE,10160,2107472,0.004820942
2004,COLORADO,CO,US SENATE,statewide,VICTOR GOOD,REFORM,FALSE,6481,2107472,0.003075248
2004,COLORADO,CO,US SENATE,statewide,PETE COORS,REPUBLICAN,FALSE,980668,2107472,0.465329077
2004,COLORADO,CO,US SENATE,statewide,JOHN R. HARRIS,INDEPENDENT,FALSE,8442,2107472,0.004005747
2004,CONNECTICUT,CT,US SENATE,statewide,LEONARD H. RASCH,LIBERTARIAN,FALSE,9188,1424726,0.006448959
2004,CONNECTICUT,CT,US SENATE,statewide,JACK C. ORCHULLI,REPUBLICAN,FALSE,457749,1424726,0.321289146
2004,CONNECTICUT,CT,US SENATE,statewide,CHRISTOPHER J. DODD,DEMOCRAT,FALSE,945347,1424726,0.663528987
2004,CONNECTICUT,CT,US SENATE,statewide,TIMOTHY A. KNIBBS,CONCERNED CITIZENS,FALSE,12442,1424726,0.008732907
2004,FLORIDA,FL,US SENATE,statewide,,,TRUE,16,7429894,2.15346E-06
2004,FLORIDA,FL,US SENATE,statewide,,,TRUE,27,7429894,3.63397E-06
2004,FLORIDA,FL,US SENATE,statewide,,,TRUE,119,7429894,1.60164E-05
2004,FLORIDA,FL,US SENATE,statewide,MEL MARTINEZ,REPUBLICAN,FALSE,3672864,7429894,0.494335989
2004,FLORIDA,FL,US SENATE,statewide,,,TRUE,25,7429894,3.36479E-06
2004,FLORIDA,FL,US SENATE,statewide,BETTY CASTOR,DEMOCRAT,FALSE,3590201,7429894,0.483210258
2004,FLORIDA,FL,US SENATE,statewide,DENNIS F. BRADLEY,VETERANS PARTY OF AMERICA,FALSE,166642,7429894,0.022428584
2004,GEORGIA,GA,US SENATE,statewide,,,TRUE,7,3220981,2.17325E-06
2004,GEORGIA,GA,US SENATE,statewide,JOHNNY ISAKSON,REPUBLICAN,FALSE,1864202,3220981,0.578768394
2004,GEORGIA,GA,US SENATE,statewide,,,TRUE,31,3220981,9.6244E-06
2004,GEORGIA,GA,US SENATE,statewide,DENISE L. MAJETTE,DEMOCRAT,FALSE,1287690,3220981,0.39978193
2004,GEORGIA,GA,US SENATE,statewide,ALLEN BUCKLEY,LIBERTARIAN,FALSE,69051,3220981,0.021437879
2004,HAWAII,HI,US SENATE,statewide,DANIEL K. INOUYE,DEMOCRAT,FALSE,313629,415347,0.755101156
2004,HAWAII,HI,US SENATE,statewide,JIM BREWER,NONPARTISAN,FALSE,9269,415347,0.02231628
2004,HAWAII,HI,US SENATE,statewide,CAM CAVASSO,REPUBLICAN,FALSE,87172,415347,0.209877524
2004,HAWAII,HI,US SENATE,statewide,JEFF MALLAN,LIBERTARIAN,FALSE,5277,415347,0.012705039
2004,IDAHO,ID,US SENATE,statewide,,,TRUE,4136,503932,0.008207457
2004,IDAHO,ID,US SENATE,statewide,MIKE CRAPO,REPUBLICAN,FALSE,499796,503932,0.991792543
2004,ILLINOIS,IL,US SENATE,statewide,JERRY KOHN,LIBERTARIAN,FALSE,69253,5141520,0.013469363
2004,ILLINOIS,IL,US SENATE,statewide,ALAN KEYES,REPUBLICAN,FALSE,1390690,5141520,0.27048227
2004,ILLINOIS,IL,US SENATE,statewide,BARACK OBAMA,DEMOCRAT,FALSE,3597456,5141520,0.699687252
2004,ILLINOIS,IL,US SENATE,statewide,ALBERT J. FRANZEN,INDEPENDENT,FALSE,81164,5141520,0.015785993
2004,ILLINOIS,IL,US SENATE,statewide,,,TRUE,2957,5141520,0.000575122
2004,INDIANA,IN,US SENATE,statewide,ALBERT BARGER,LIBERTARIAN,FALSE,27344,2428233,0.011260863
2004,INDIANA,IN,US SENATE,statewide,MARVIN SCOTT,REPUBLICAN,FALSE,903913,2428233,0.372251345
2004,INDIANA,IN,US SENATE,statewide,EVAN BAYH,DEMOCRAT,FALSE,1496976,2428233,0.616487792
2004,IOWA,IA,US SENATE,statewide,ARTHUR SMALL,DEMOCRAT,FALSE,412365,1479228,0.278770413
2004,IOWA,IA,US SENATE,statewide,,,TRUE,475,1479228,0.000321113
2004,IOWA,IA,US SENATE,statewide,CHRISTY ANN WELTY,LIBERTARIAN,FALSE,15218,1479228,0.010287799
2004,IOWA,IA,US SENATE,statewide,EDWIN FRUIT,SOCIALIST WORKERS,FALSE,1874,1479228,0.001266877
2004,IOWA,IA,US SENATE,statewide,DARYL A. NORTHROP,GREEN,FALSE,11121,1479228,0.007518111
2004,IOWA,IA,US SENATE,statewide,CHARLES E. GRASSLEY,REPUBLICAN,FALSE,1038175,1479228,0.701835687
2004,KANSAS,KS,US SENATE,statewide,GEORGE COOK,REFORM,FALSE,15980,1129022,0.014153843
2004,KANSAS,KS,US SENATE,statewide,LEE JONES,DEMOCRAT,FALSE,310337,1129022,0.274872412
2004,KANSAS,KS,US SENATE,statewide,STEVEN A. ROSILE,LIBERTARIAN,FALSE,21842,1129022,0.019345947
2004,KANSAS,KS,US SENATE,statewide,SAM BROWNBACK,REPUBLICAN,FALSE,780863,1129022,0.691627798
2004,KENTUCKY,KY,US SENATE,statewide,DANIEL MONGIARDO,DEMOCRAT,FALSE,850855,1724362,0.493431774
2004,KENTUCKY,KY,US SENATE,statewide,JIM BUNNING,REPUBLICAN,FALSE,873507,1724362,0.506568226
2004,LOUISIANA,LA,US SENATE,statewide,JOHN KENNEDY,DEMOCRAT,FALSE,275821,1848056,0.149249265
2004,LOUISIANA,LA,US SENATE,statewide,RICHARD M. FONTANESI,OTHER,FALSE,15097,1848056,0.008169125
2004,LOUISIANA,LA,US SENATE,statewide,"SAM HOUSTON MELTON, JR.",DEMOCRAT,FALSE,12289,1848056,0.00664969
2004,LOUISIANA,LA,US SENATE,statewide,CHRISTOPHER JOHN,DEMOCRAT,FALSE,542150,1848056,0.293362322
2004,LOUISIANA,LA,US SENATE,statewide,DAVID VITTER,REPUBLICAN,FALSE,943014,1848056,0.510273498
2004,LOUISIANA,LA,US SENATE,statewide,ARTHUR A. MORRELL,DEMOCRAT,FALSE,47222,1848056,0.025552256
2004,LOUISIANA,LA,US SENATE,statewide,"R. A. ""SKIP"" GALAN",OTHER,FALSE,12463,1848056,0.006743843
2004,MARYLAND,MD,US SENATE,statewide,,,TRUE,47,2321931,2.02418E-05
2004,MARYLAND,MD,US SENATE,statewide,BARBARA A. MIKULSKI,DEMOCRAT,FALSE,1504691,2321931,0.64803433
2004,MARYLAND,MD,US SENATE,statewide,E. J. PIPKIN,REPUBLICAN,FALSE,783055,2321931,0.33724301
2004,MARYLAND,MD,US SENATE,statewide,,,TRUE,204,2321931,8.78579E-05
2004,MARYLAND,MD,US SENATE,statewide,,,TRUE,109,2321931,4.69437E-05
2004,MARYLAND,MD,US SENATE,statewide,THOMAS TRUMP,CONSTITUTION,FALSE,9009,2321931,0.00387996
2004,MARYLAND,MD,US SENATE,statewide,MARIA ALLWINE,GREEN,FALSE,24816,2321931,0.010687656
2004,MISSOURI,MO,US SENATE,statewide,NANCY FARMER,DEMOCRAT,FALSE,1158261,2706402,0.427970789
2004,MISSOURI,MO,US SENATE,statewide,DON GRIFFIN,CONSTITUTION,FALSE,10404,2706402,0.003844218
2004,MISSOURI,MO,US SENATE,statewide,CHRISTOPHER S. BOND,REPUBLICAN,FALSE,1518089,2706402,0.560925169
2004,MISSOURI,MO,US SENATE,statewide,KEVIN TULL,LIBERTARIAN,FALSE,19648,2706402,0.007259823
2004,NEVADA,NV,US SENATE,statewide,RICHARD ZISER,REPUBLICAN,FALSE,284640,810068,0.351377909
2004,NEVADA,NV,US SENATE,statewide,HARRY REID,DEMOCRAT,FALSE,494805,810068,0.610819092
2004,NEVADA,NV,US SENATE,statewide,OTHER,,FALSE,12968,810068,0.016008533
2004,NEVADA,NV,US SENATE,statewide,GARY MARINCH,NATURAL LAW,FALSE,2095,810068,0.002586203
2004,NEVADA,NV,US SENATE,statewide,DAVID K. SCHUMANN,INDEPENDENT AMERICAN,FALSE,6001,810068,0.00740802
2004,NEVADA,NV,US SENATE,statewide,THOMAS L. HURST,LIBERTARIAN,FALSE,9559,810068,0.011800244
2004,NEW HAMPSHIRE,NH,US SENATE,statewide,,,TRUE,102,657086,0.000155231
2004,NEW HAMPSHIRE,NH,US SENATE,statewide,DORIS R. HADDOCK,DEMOCRAT,FALSE,221549,657086,0.337168955
2004,NEW HAMPSHIRE,NH,US SENATE,statewide,BLANK VOTE/SCATTERING,,FALSE,588,657086,0.00089486
2004,NEW HAMPSHIRE,NH,US SENATE,statewide,JUDD GREGG,REPUBLICAN,FALSE,434847,657086,0.661780954
2004,NEW YORK,NY,US SENATE,statewide,DAVID E. MCREYNOLDS,GREEN,FALSE,36942,7447818,0.00496011
2004,NEW YORK,NY,US SENATE,statewide,CHARLES E. SCHUMER,INDEPENDENCE,FALSE,216198,7447818,0.029028368
2004,NEW YORK,NY,US SENATE,statewide,DONALD SILBERGER,LIBERTARIAN,FALSE,19073,7447818,0.002560884
2004,NEW YORK,NY,US SENATE,statewide,BLANK VOTE/SCATTERING,,FALSE,744943,7447818,0.100021644
2004,NEW YORK,NY,US SENATE,statewide,MARILYN F. O'GRADY,CONSERVATIVE,FALSE,220960,7447818,0.02966775
2004,NEW YORK,NY,US SENATE,statewide,CHARLES E. SCHUMER,WORKING FAMILIES,FALSE,168719,7447818,0.022653481
2004,NEW YORK,NY,US SENATE,statewide,ABRAHAM HIRSCHFELD,BUILDERS,FALSE,16196,7447818,0.002174597
2004,NEW YORK,NY,US SENATE,statewide,HOWARD MILLS,REPUBLICAN,FALSE,1625069,7447818,0.218193973
2004,NEW YORK,NY,US SENATE,statewide,CHARLES E. SCHUMER,DEMOCRAT,FALSE,4384907,7447818,0.588750558
2004,NEW YORK,NY,US SENATE,statewide,MARTIN KOPPEL,SOCIALIST WORKERS,FALSE,14811,7447818,0.001988636
2004,NORTH CAROLINA,NC,US SENATE,statewide,ERSKINE BOWLES,DEMOCRAT,FALSE,1632527,3472082,0.470186764
2004,NORTH CAROLINA,NC,US SENATE,statewide,,,TRUE,362,3472082,0.00010426
2004,NORTH CAROLINA,NC,US SENATE,statewide,TOM BAILEY,LIBERTARIAN,FALSE,47743,3472082,0.013750539
2004,NORTH CAROLINA,NC,US SENATE,statewide,RICHARD BURR,REPUBLICAN,FALSE,1791450,3472082,0.515958436
2004,NORTH DAKOTA,ND,US SENATE,statewide,BYRON L. DORGAN,DEMOCRAT,FALSE,212143,310696,0.682799264
2004,NORTH DAKOTA,ND,US SENATE,statewide,MIKE LIFFRIG,REPUBLICAN,FALSE,98553,310696,0.317200736
2004,OHIO,OH,US SENATE,statewide,,,TRUE,296,5425823,5.45539E-05
2004,OHIO,OH,US SENATE,statewide,ERIC D. FINGERHUT,DEMOCRAT,FALSE,1961171,5425823,0.361451341
2004,OHIO,OH,US SENATE,statewide,GEORGE V. VOINOVICH,REPUBLICAN,FALSE,3464356,5425823,0.638494105
2004,OKLAHOMA,OK,US SENATE,statewide,BRAD CARSON,DEMOCRAT,FALSE,596750,1446846,0.412448872
2004,OKLAHOMA,OK,US SENATE,statewide,SHEILA BILYEU,INDEPENDENT,FALSE,86663,1446846,0.059897874
2004,OKLAHOMA,OK,US SENATE,statewide,TOM COBURN,REPUBLICAN,FALSE,763433,1446846,0.527653254
2004,OREGON,OR,US SENATE,statewide,TERESA KEANE,PACIFIC GREEN,FALSE,43053,1780550,0.024179607
2004,OREGON,OR,US SENATE,statewide,DAN FITZGERALD,LIBERTARIAN,FALSE,29582,1780550,0.016613968
2004,OREGON,OR,US SENATE,statewide,OTHER,,FALSE,1536,1780550,0.000862655
2004,OREGON,OR,US SENATE,statewide,AL KING,REPUBLICAN,FALSE,565254,1780550,0.317460335
2004,OREGON,OR,US SENATE,statewide,RON WYDEN,DEMOCRAT,FALSE,1128728,1780550,0.633920979
2004,OREGON,OR,US SENATE,statewide,DAVID BROWNLOW,CONSTITUTION,FALSE,12397,1780550,0.006962455
2004,PENNSYLVANIA,PA,US SENATE,statewide,BETSY SUMMER,LIBERTARIAN,FALSE,79263,5559105,0.01425823
2004,PENNSYLVANIA,PA,US SENATE,statewide,JAMES N. CLYMER,CONSTITUTION,FALSE,220056,5559105,0.039584789
2004,PENNSYLVANIA,PA,US SENATE,statewide,ARLEN SPECTER,REPUBLICAN,FALSE,2925080,5559105,0.526178225
2004,PENNSYLVANIA,PA,US SENATE,statewide,BLANK VOTE/SCATTERING,,FALSE,580,5559105,0.000104333
2004,PENNSYLVANIA,PA,US SENATE,statewide,JOSEPH M. HOEFFEL,DEMOCRAT,FALSE,2334126,5559105,0.419874422
2004,SOUTH CAROLINA,SC,US SENATE,statewide,TEE FERGUSON,UNITED CITIZENS,FALSE,5859,1597221,0.003668246
2004,SOUTH CAROLINA,SC,US SENATE,statewide,,,TRUE,1286,1597221,0.000805148
2004,SOUTH CAROLINA,SC,US SENATE,statewide,PATRICK TYNDALL,CONSTITUTION,FALSE,13464,1597221,0.008429641
2004,SOUTH CAROLINA,SC,US SENATE,statewide,REBEKAH E. SUTHERLAND,LIBERTARIAN,FALSE,10678,1597221,0.006685362
2004,SOUTH CAROLINA,SC,US SENATE,statewide,JIM DEMINT,REPUBLICAN,FALSE,857167,1597221,0.536661489
2004,SOUTH CAROLINA,SC,US SENATE,statewide,INEZ TENENBAUM,DEMOCRAT,FALSE,704384,1597221,0.441005972
2004,SOUTH CAROLINA,SC,US SENATE,statewide,EFIA NWANGAZA,GREEN,FALSE,4245,1597221,0.002657741
2004,SOUTH CAROLINA,SC,US SENATE,statewide,EFIA NWANGAZA,INDEPENDENCE,FALSE,138,1597221,8.64001E-05
2004,SOUTH DAKOTA,SD,US SENATE,statewide,TOM DASCHLE,DEMOCRAT,FALSE,193340,391188,0.494238065
2004,SOUTH DAKOTA,SD,US SENATE,statewide,JOHN THUNE,REPUBLICAN,FALSE,197848,391188,0.505761935
2004,UTAH,UT,US SENATE,statewide,R. PAUL VAN DAM,DEMOCRAT,FALSE,258955,911726,0.284027219
2004,UTAH,UT,US SENATE,statewide,ROBERT F. BENNETT,REPUBLICAN,FALSE,626640,911726,0.687311758
2004,UTAH,UT,US SENATE,statewide,,,TRUE,18,911726,1.97428E-05
2004,UTAH,UT,US SENATE,statewide,,,TRUE,8824,911726,0.009678346
2004,UTAH,UT,US SENATE,statewide,GARY R. VAN HORN,CONSTITUTION,FALSE,17289,911726,0.018962934
2004,VERMONT,VT,US SENATE,statewide,BEN MITCHELL,LIBERTY UNION,FALSE,879,307208,0.002861254
2004,VERMONT,VT,US SENATE,statewide,CRAIG HILL,VERMONT GREEN,FALSE,3999,307208,0.013017239
2004,VERMONT,VT,US SENATE,statewide,KEITH STERN,INDEPENDENT,FALSE,3300,307208,0.010741908
2004,VERMONT,VT,US SENATE,statewide,,,TRUE,174,307208,0.000566392
2004,VERMONT,VT,US SENATE,statewide,JACK MCMULLEN,REPUBLICAN,FALSE,75398,307208,0.245429807
2004,VERMONT,VT,US SENATE,statewide,PATRICK J. LEAHY,DEMOCRAT,FALSE,216972,307208,0.70627067
2004,VERMONT,VT,US SENATE,statewide,CRIS ERICSON,MARIJUANA,FALSE,6486,307208,0.021112731
2004,WASHINGTON,WA,US SENATE,statewide,PATTY MURRAY,DEMOCRAT,FALSE,1549708,2818651,0.549804853
2004,WASHINGTON,WA,US SENATE,statewide,MARK B. WILSON,GREEN,FALSE,30304,2818651,0.010751242
2004,WASHINGTON,WA,US SENATE,statewide,GEORGE R. NETHERCUTT,REPUBLICAN,FALSE,1204584,2818651,0.427361883
2004,WASHINGTON,WA,US SENATE,statewide,J. MILLS,LIBERTARIAN,FALSE,34055,2818651,0.012082021
2004,WISCONSIN,WI,US SENATE,statewide,ARIF KHAN,LIBERTARIAN,FALSE,8367,2949743,0.002836518
2004,WISCONSIN,WI,US SENATE,statewide,BLANK VOTE/SCATTERING,,FALSE,834,2949743,0.000282736
2004,WISCONSIN,WI,US SENATE,statewide,RUSSEL D. FEINGOLD,DEMOCRAT,FALSE,1632697,2949743,0.553504831
2004,WISCONSIN,WI,US SENATE,statewide,TIM MICHELS,REPUBLICAN,FALSE,1301183,2949743,0.441117413
2004,WISCONSIN,WI,US SENATE,statewide,EUGENE A. HEM,INDEPENDENT,FALSE,6662,2949743,0.002258502
2006,ARIZONA,AZ,US SENATE,statewide,JIM PEDERSON,DEMOCRAT,FALSE,664141,1526782,0.434993994
2006,ARIZONA,AZ,US SENATE,statewide,,,TRUE,12,1526782,7.85967E-06
2006,ARIZONA,AZ,US SENATE,statewide,JON KYL,REPUBLICAN,FALSE,814398,1526782,0.533408175
2006,ARIZONA,AZ,US SENATE,statewide,RICHARD MACK,LIBERTARIAN,FALSE,48231,1526782,0.031589972
2006,CALIFORNIA,CA,US SENATE,statewide,MARSHA FEINLAND,PEACE AND FREEDOM,FALSE,117764,8541476,0.013787313
2006,CALIFORNIA,CA,US SENATE,statewide,DON J. GRUNDMANN,INDEPENDENT,FALSE,75350,8541476,0.00882166
2006,CALIFORNIA,CA,US SENATE,statewide,DIANNE FEINSTEIN,DEMOCRAT,FALSE,5076289,8541476,0.594310515
2006,CALIFORNIA,CA,US SENATE,statewide,,,TRUE,326,8541476,3.81667E-05
2006,CALIFORNIA,CA,US SENATE,statewide,TODD CHRETIEN,GREEN,FALSE,147074,8541476,0.017218804
2006,CALIFORNIA,CA,US SENATE,statewide,MICHAEL S. METTI,LIBERTARIAN,FALSE,133851,8541476,0.015670711
2006,CALIFORNIA,CA,US SENATE,statewide,"RICHARD ""DICK"" MOUNTJOY",REPUBLICAN,FALSE,2990822,8541476,0.350152831
2006,CONNECTICUT,CT,US SENATE,statewide,JOSEPH I. LIEBERMAN,CONNECTICUT FOR LIEBERMAN,FALSE,564095,1134777,0.497097668
2006,CONNECTICUT,CT,US SENATE,statewide,TIMOTHY A. KNIBBS,CONCERNED CITIZENS,FALSE,4638,1134777,0.004087147
2006,CONNECTICUT,CT,US SENATE,statewide,ALAN SCHLESINGER,REPUBLICAN,FALSE,109198,1134777,0.096228598
2006,CONNECTICUT,CT,US SENATE,statewide,,,TRUE,80,1134777,7.04984E-05
2006,CONNECTICUT,CT,US SENATE,statewide,NED LAMONT,DEMOCRAT,FALSE,450844,1134777,0.397297443
2006,CONNECTICUT,CT,US SENATE,statewide,RALPH A. FERRUCCI,GREEN,FALSE,5922,1134777,0.005218646
2006,DELAWARE,DE,US SENATE,statewide,JAN TING,REPUBLICAN,FALSE,69734,242972,0.287004264
2006,DELAWARE,DE,US SENATE,statewide,WILLIAM E. MORRIS,LIBERTARIAN,FALSE,2671,242972,0.010993036
2006,DELAWARE,DE,US SENATE,statewide,THOMAS R. CARPER,DEMOCRAT,FALSE,170567,242972,0.7020027
2006,FLORIDA,FL,US SENATE,statewide,BELINDA NOAH,NONE,FALSE,24880,4793534,0.005190325
2006,FLORIDA,FL,US SENATE,statewide,,,TRUE,16,4793534,3.33783E-06
2006,FLORIDA,FL,US SENATE,statewide,FLOYD RAY FRAZIER,NONE,FALSE,16628,4793534,0.003468839
2006,FLORIDA,FL,US SENATE,statewide,BILL NELSON,DEMOCRAT,FALSE,2890548,4793534,0.603009804
2006,FLORIDA,FL,US SENATE,statewide,BRIAN MOORE,NONE,FALSE,19695,4793534,0.00410866
2006,FLORIDA,FL,US SENATE,statewide,,,TRUE,78,4793534,1.62719E-05
2006,FLORIDA,FL,US SENATE,statewide,ROY TANNER,NONE,FALSE,15562,4793534,0.003246457
2006,FLORIDA,FL,US SENATE,statewide,KATHERINE HARRIS,REPUBLICAN,FALSE,1826127,4793534,0.380956305
2006,HAWAII,HI,US SENATE,statewide,LLOYD JEFFREY MALLAN,LIBERTARIAN,FALSE,6415,342842,0.018711243
2006,HAWAII,HI,US SENATE,statewide,CYNTHIA THIELEN,REPUBLICAN,FALSE,126097,342842,0.367799161
2006,HAWAII,HI,US SENATE,statewide,DANIEL K. AKAKA,DEMOCRAT,FALSE,210330,342842,0.613489596
2006,INDIANA,IN,US SENATE,statewide,RICHARD G. LUGAR,REPUBLICAN,FALSE,1171553,1341111,0.873569004
2006,INDIANA,IN,US SENATE,statewide,,,TRUE,294,1341111,0.000219221
2006,INDIANA,IN,US SENATE,statewide,STEVE OSBORN,LIBERTARIAN,FALSE,168820,1341111,0.125880706
2006,INDIANA,IN,US SENATE,statewide,,,TRUE,444,1341111,0.000331069
2006,MAINE,ME,US SENATE,statewide,OTHER,,FALSE,179,545128,0.000328363
2006,MAINE,ME,US SENATE,statewide,OLYMPIA J. SNOWE,REPUBLICAN,FALSE,405596,545128,0.744038097
2006,MAINE,ME,US SENATE,statewide,WILLIAM H. SLAVICK,INDEPENDENT,FALSE,26222,545128,0.048102464
2006,MAINE,ME,US SENATE,statewide,JEAN M. HAY BRIGHT,DEMOCRAT,FALSE,113131,545128,0.207531075
2006,MARYLAND,MD,US SENATE,statewide,,,TRUE,120,1781139,6.73726E-05
2006,MARYLAND,MD,US SENATE,statewide,KEVIN ZEESE,GREEN,FALSE,27564,1781139,0.015475491
2006,MARYLAND,MD,US SENATE,statewide,MICHAEL S. STEELE,REPUBLICAN,FALSE,787182,1781139,0.441954278
2006,MARYLAND,MD,US SENATE,statewide,,,TRUE,796,1781139,0.000446905
2006,MARYLAND,MD,US SENATE,statewide,BENJAMIN L. CARDIN,DEMOCRAT,FALSE,965477,1781139,0.542055954
2006,MASSACHUSETTS,MA,US SENATE,statewide,EDWARD M. KENNEDY,DEMOCRAT,FALSE,1500738,2243835,0.668827253
2006,MASSACHUSETTS,MA,US SENATE,statewide,BLANK VOTE/SCATTERING,,FALSE,78345,2243835,0.034915669
2006,MASSACHUSETTS,MA,US SENATE,statewide,OTHER,,FALSE,3220,2243835,0.001435043
2006,MASSACHUSETTS,MA,US SENATE,statewide,KENNETH G. CHASE,REPUBLICAN,FALSE,661532,2243835,0.294822035
2006,MICHIGAN,MI,US SENATE,statewide,,,TRUE,24,3780142,6.34897E-06
2006,MICHIGAN,MI,US SENATE,statewide,DEBBIE STABENOW,DEMOCRAT,FALSE,2151278,3780142,0.569099785
2006,MICHIGAN,MI,US SENATE,statewide,DAVID SOLE,GREEN,FALSE,23890,3780142,0.006319868
2006,MICHIGAN,MI,US SENATE,statewide,LEONARD SCHWARTZ,LIBERTARIAN,FALSE,27012,3780142,0.007145763
2006,MICHIGAN,MI,US SENATE,statewide,W. DENNIS FITZSIMONS,U.S. TAXPAYERS,FALSE,18341,3780142,0.004851934
2006,MICHIGAN,MI,US SENATE,statewide,MICHAEL BOUCHARD,REPUBLICAN,FALSE,1559597,3780142,0.4125763
2006,MINNESOTA,MN,US SENATE,statewide,BEN POWERS,CONSTITUTION,FALSE,5408,2202772,0.002455088
2006,MINNESOTA,MN,US SENATE,statewide,MARK R. KENNEDY,REPUBLICAN,FALSE,835653,2202772,0.379364274
2006,MINNESOTA,MN,US SENATE,statewide,,,TRUE,954,2202772,0.000433091
2006,MINNESOTA,MN,US SENATE,statewide,MICHAEL JAMES CAVLAN,GREEN,FALSE,10714,2202772,0.004863872
2006,MINNESOTA,MN,US SENATE,statewide,AMY KLOBUCHAR,DEMOCRATIC-FARMER-LABOR,FALSE,1278849,2202772,0.58056349
2006,MINNESOTA,MN,US SENATE,statewide,ROBERT FITZGERALD,INDEPENDENCE,FALSE,71194,2202772,0.032320186
2006,MISSISSIPPI,MS,US SENATE,statewide,HAROLD M. TAYLOR,LIBERTARIAN,FALSE,9522,610921,0.015586303
2006,MISSISSIPPI,MS,US SENATE,statewide,TRENT LOTT,REPUBLICAN,FALSE,388399,610921,0.635759779
2006,MISSISSIPPI,MS,US SENATE,statewide,ERIK R. FLEMING,DEMOCRAT,FALSE,213000,610921,0.348653918
2006,MISSOURI,MO,US SENATE,statewide,FRANK GILMOUR,LIBERTARIAN,FALSE,47792,2128459,0.022453803
2006,MISSOURI,MO,US SENATE,statewide,,,TRUE,88,2128459,4.13445E-05
2006,MISSOURI,MO,US SENATE,statewide,JAMES M. TALENT,REPUBLICAN,FALSE,1006941,2128459,0.473084518
2006,MISSOURI,MO,US SENATE,statewide,LYDIA LEWIS,PROGRESSIVE,FALSE,18383,2128459,0.008636765
2006,MISSOURI,MO,US SENATE,statewide,CLAIRE MCCASKILL,DEMOCRAT,FALSE,1055255,2128459,0.495783569
2006,MONTANA,MT,US SENATE,statewide,CONRAD BURNS,REPUBLICAN,FALSE,196283,406505,0.482855069
2006,MONTANA,MT,US SENATE,statewide,STAN JONES,LIBERTARIAN,FALSE,10377,406505,0.025527361
2006,MONTANA,MT,US SENATE,statewide,JON TESTER,DEMOCRAT,FALSE,199845,406505,0.491617569
2006,NEBRASKA,NE,US SENATE,statewide,PETE RICKETTS,REPUBLICAN,FALSE,213928,592316,0.361172077
2006,NEBRASKA,NE,US SENATE,statewide,E. BENJAMIN NELSON,DEMOCRAT,FALSE,378388,592316,0.638827923
2006,NEVADA,NV,US SENATE,statewide,DAVID K. SCHUMANN,INDEPENDENT,FALSE,7774,582572,0.013344273
2006,NEVADA,NV,US SENATE,statewide,BRENDAN TRAINOR,LIBERTARIAN,FALSE,5269,582572,0.009044376
2006,NEVADA,NV,US SENATE,statewide,OTHER,,FALSE,8232,582572,0.014130442
2006,NEVADA,NV,US SENATE,statewide,JOHN ENSIGN,REPUBLICAN,FALSE,322501,582572,0.55358136
2006,NEVADA,NV,US SENATE,statewide,JACK CARTER,DEMOCRAT,FALSE,238796,582572,0.409899549
2006,NEW JERSEY,NJ,US SENATE,statewide,"THOMAS H. KEAN, JR.",REPUBLICAN,FALSE,997775,2250070,0.44344176
2006,NEW JERSEY,NJ,US SENATE,statewide,ROBERT MENENDEZ,DEMOCRAT,FALSE,1200843,2250070,0.533691396
2006,NEW JERSEY,NJ,US SENATE,statewide,ANGELA L. LARISCY,SOCIALIST WORKERS,FALSE,3433,2250070,0.00152573
2006,NEW JERSEY,NJ,US SENATE,statewide,DARYL MIKELL BROOKS,POOR PEOPLEǐS CAMPAIGN,FALSE,5138,2250070,0.002283485
2006,NEW JERSEY,NJ,US SENATE,statewide,LEN FLYNN,LIBERTARIAN,FALSE,14637,2250070,0.006505131
2006,NEW JERSEY,NJ,US SENATE,statewide,J. M. CARTER,GOD WE TRUST,FALSE,7918,2250070,0.003519002
2006,NEW JERSEY,NJ,US SENATE,statewide,EDWARD FORCHION,LEGALIZE MARIJUANA (G.R.I.P.),FALSE,11593,2250070,0.005152284
2006,NEW JERSEY,NJ,US SENATE,statewide,N. LEONARD SMITH,SOLIDARITY,FALSE,6243,2250070,0.00277458
2006,NEW JERSEY,NJ,US SENATE,statewide,GREGORY PASON,SOCIALIST PARTY USA,FALSE,2490,2250070,0.001106632
2006,NEW MEXICO,NM,US SENATE,statewide,ALLEN W. MCCULLOCH,REPUBLICAN,FALSE,163826,558550,0.293305881
2006,NEW MEXICO,NM,US SENATE,statewide,,,TRUE,359,558550,0.000642736
2006,NEW MEXICO,NM,US SENATE,statewide,JEFF BINGAMAN,DEMOCRAT,FALSE,394365,558550,0.706051383
2006,NEW YORK,NY,US SENATE,statewide,WILLIAM VAN AUKEN,SOCIALIST EQUALITY,FALSE,6004,4700632,0.001277275
2006,NEW YORK,NY,US SENATE,statewide,HILLARY RODHAM CLINTON,INDEPENDENCE,FALSE,160705,4700632,0.034187956
2006,NEW YORK,NY,US SENATE,statewide,JOHN SPENCER,REPUBLICAN,FALSE,1212902,4700632,0.258029559
2006,NEW YORK,NY,US SENATE,statewide,ROGER CALERO,SOCIALIST WORKERS,FALSE,6967,4700632,0.001482141
2006,NEW YORK,NY,US SENATE,statewide,HOWIE HAWKINS,GREEN,FALSE,55469,4700632,0.011800328
2006,NEW YORK,NY,US SENATE,statewide,JOHN SPENCER,CONSERVATIVE,FALSE,179287,4700632,0.038141041
2006,NEW YORK,NY,US SENATE,statewide,JEFFREY T. RUSSELL,LIBERTARIAN,FALSE,20996,4700632,0.004466633
2006,NEW YORK,NY,US SENATE,statewide,HILLARY RODHAM CLINTON,WORKING FAMILIES,FALSE,148792,4700632,0.031653616
2006,NEW YORK,NY,US SENATE,statewide,HILLARY RODHAM CLINTON,DEMOCRAT,FALSE,2698931,4700632,0.574163432
2006,NEW YORK,NY,US SENATE,statewide,BLANK VOTE/SCATTERING,,FALSE,210579,4700632,0.044798019
2006,NORTH DAKOTA,ND,US SENATE,statewide,ROLAND RIEMERS,INDEPENDENT,FALSE,2194,218152,0.010057208
2006,NORTH DAKOTA,ND,US SENATE,statewide,JAMES GERMALIC,INDEPENDENT,FALSE,1395,218152,0.006394624
2006,NORTH DAKOTA,ND,US SENATE,statewide,DWIGHT GROTBERG,REPUBLICAN,FALSE,64417,218152,0.295284939
2006,NORTH DAKOTA,ND,US SENATE,statewide,KENT CONRAD,DEMOCRAT,FALSE,150146,218152,0.688263229
2006,OHIO,OH,US SENATE,statewide,,,TRUE,830,4019236,0.000206507
2006,OHIO,OH,US SENATE,statewide,MIKE DEWINE,REPUBLICAN,FALSE,1761037,4019236,0.438152176
2006,OHIO,OH,US SENATE,statewide,SHERROD BROWN,DEMOCRAT,FALSE,2257369,4019236,0.561641317
2006,PENNSYLVANIA,PA,US SENATE,statewide,"BOB CASEY, JR.",DEMOCRAT,FALSE,2392984,4081043,0.586365789
2006,PENNSYLVANIA,PA,US SENATE,statewide,,,TRUE,3281,4081043,0.000803961
2006,PENNSYLVANIA,PA,US SENATE,statewide,RICK SANTORUM,REPUBLICAN,FALSE,1684778,4081043,0.41283025
2006,RHODE ISLAND,RI,US SENATE,statewide,LINCOLN CHAFEE,REPUBLICAN,FALSE,178950,384993,0.464813646
2006,RHODE ISLAND,RI,US SENATE,statewide,SHELDON WHITEHOUSE,DEMOCRAT,FALSE,206043,384993,0.535186354
2006,TENNESSEE,TN,US SENATE,statewide,DAVID GATCHELL,INDEPENDENT,FALSE,3746,1833695,0.00204287
2006,TENNESSEE,TN,US SENATE,statewide,"HAROLD E. FORD, JR.",DEMOCRAT,FALSE,879976,1833695,0.479892239
2006,TENNESSEE,TN,US SENATE,statewide,EMORY �_Ǌ�_ǊBO�_ǐ�_ǐ HEYWARD,INDEPENDENT,FALSE,3580,1833695,0.001952342
2006,TENNESSEE,TN,US SENATE,statewide,MARY TAYLOR SHELBY,INDEPENDENT,FALSE,1,1833695,5.45347E-07
2006,TENNESSEE,TN,US SENATE,statewide,GARY KEPLINGER,INDEPENDENT,FALSE,3033,1833695,0.001654037
2006,TENNESSEE,TN,US SENATE,statewide,GLORIA D. REAGON PRICE,INDEPENDENT,FALSE,1,1833695,5.45347E-07
2006,TENNESSEE,TN,US SENATE,statewide,CHRISTOPHER JOSEPH LUGO,INDEPENDENT,FALSE,2589,1833695,0.001411903
2006,TENNESSEE,TN,US SENATE,statewide,ED CHOATE,INDEPENDENT,FALSE,10831,1833695,0.005906653
2006,TENNESSEE,TN,US SENATE,statewide,JAMES ANTHONY GRAY,INDEPENDENT,FALSE,14,1833695,7.63486E-06
2006,TENNESSEE,TN,US SENATE,statewide,BOB CORKER,REPUBLICAN,FALSE,929911,1833695,0.50712414
2006,TENNESSEE,TN,US SENATE,statewide,JOHN JAY HOOKER,INDEPENDENT,FALSE,13,1833695,7.08951E-06
2006,TEXAS,TX,US SENATE,statewide,BARBARA ANN RADNOFSKY,DEMOCRAT,FALSE,1555202,4314663,0.360445764
2006,TEXAS,TX,US SENATE,statewide,KAY BAILEY HUTCHISON,REPUBLICAN,FALSE,2661789,4314663,0.616917011
2006,TEXAS,TX,US SENATE,statewide,SCOTT LANIER JAMESON,LIBERTARIAN,FALSE,97672,4314663,0.022637226
2006,UTAH,UT,US SENATE,statewide,ROGER I. PRICE,PERSONAL CHOICE,FALSE,9089,571252,0.015910666
2006,UTAH,UT,US SENATE,statewide,JULIAN HATCH,DESERT GREENS,FALSE,2512,571252,0.004397359
2006,UTAH,UT,US SENATE,statewide,DAVID STARR SEELY,LIBERTARIAN,FALSE,4428,571252,0.007751395
2006,UTAH,UT,US SENATE,statewide,ORRIN G. HATCH,REPUBLICAN,FALSE,356238,571252,0.623609195
2006,UTAH,UT,US SENATE,statewide,PETE ASHDOWN,DEMOCRAT,FALSE,177459,571252,0.310649241
2006,UTAH,UT,US SENATE,statewide,SCOTT N. BRADLEY,CONSTITUTION,FALSE,21526,571252,0.037682144
2006,VERMONT,VT,US SENATE,statewide,,,TRUE,267,262419,0.001017457
2006,VERMONT,VT,US SENATE,statewide,PETE DIAMONDSTONE,LIBERTY UNION,FALSE,801,262419,0.00305237
2006,VERMONT,VT,US SENATE,statewide,RICH TARRANT,REPUBLICAN,FALSE,84924,262419,0.32361986
2006,VERMONT,VT,US SENATE,statewide,PETER MOSS,ANTI-BUSHIST CANDIDATE,FALSE,1518,262419,0.005784642
2006,VERMONT,VT,US SENATE,statewide,BERNARD SANDERS,INDEPENDENT,FALSE,171638,262419,0.654060872
2006,VERMONT,VT,US SENATE,statewide,CRIS ERICSON,INDEPENDENT,FALSE,1735,262419,0.006611564
2006,VERMONT,VT,US SENATE,statewide,CRAIG HILL,GREEN,FALSE,1536,262419,0.005853235
2006,VIRGINIA,VA,US SENATE,statewide,,,TRUE,2460,2370445,0.00103778
2006,VIRGINIA,VA,US SENATE,statewide,"JAMES H. ""JIM"" WEBB, JR.",DEMOCRAT,FALSE,1175606,2370445,0.495943167
2006,VIRGINIA,VA,US SENATE,statewide,GEORGE ALLEN,REPUBLICAN,FALSE,1166277,2370445,0.492007619
2006,VIRGINIA,VA,US SENATE,statewide,GLENDA GAIL PARKER,INDEPENDENT GREEN,FALSE,26102,2370445,0.011011435
2006,WASHINGTON,WA,US SENATE,statewide,ROBIN ADAIR,INDEPENDENT,FALSE,16384,2083734,0.007862808
2006,WASHINGTON,WA,US SENATE,statewide,MIKE MCGAVICK,REPUBLICAN,FALSE,832106,2083734,0.39933408
2006,WASHINGTON,WA,US SENATE,statewide,BRUCE GUTHRIE,LIBERTARIAN,FALSE,29331,2083734,0.014076173
2006,WASHINGTON,WA,US SENATE,statewide,MARIA CANTWELL,DEMOCRAT,FALSE,1184659,2083734,0.568526981
2006,WASHINGTON,WA,US SENATE,statewide,AARON DIXON,GREEN,FALSE,21254,2083734,0.010199958
2006,WEST VIRGINIA,WV,US SENATE,statewide,ROBERT C. BYRD,DEMOCRAT,FALSE,159154,206562,0.770490216
2006,WEST VIRGINIA,WV,US SENATE,statewide,JOHN R. RAESE,REPUBLICAN,FALSE,47408,206562,0.229509784
2006,WISCONSIN,WI,US SENATE,statewide,BEN J. GLATZEL,INDEPENDENT,FALSE,25096,2138297,0.011736443
2006,WISCONSIN,WI,US SENATE,statewide,SCATTER,,FALSE,1254,2138297,0.000586448
2006,WISCONSIN,WI,US SENATE,statewide,HERB KOHL,DEMOCRAT,FALSE,1439214,2138297,0.673065528
2006,WISCONSIN,WI,US SENATE,statewide,ROBERT GERALD LORGE,REPUBLICAN,FALSE,630299,2138297,0.294766817
2006,WISCONSIN,WI,US SENATE,statewide,RAE VOGELER,WISCONSIN GREEN,FALSE,42434,2138297,0.019844764
2006,WYOMING,WY,US SENATE,statewide,BLANK VOTE,,FALSE,3019,196215,0.015386184
2006,WYOMING,WY,US SENATE,statewide,DALE GROUTAGE,DEMOCRAT,FALSE,57671,196215,0.293917387
2006,WYOMING,WY,US SENATE,statewide,OVER VOTE,,FALSE,60,196215,0.000305787
2006,WYOMING,WY,US SENATE,statewide,CRAIG THOMAS,REPUBLICAN,FALSE,135174,196215,0.688907576
2006,WYOMING,WY,US SENATE,statewide,,,TRUE,291,196215,0.001483067
2008,ALABAMA,AL,US SENATE,statewide,VIVIAN DAVIS FIGURES,DEMOCRAT,FALSE,752391,2060191,0.365204488
2008,ALABAMA,AL,US SENATE,statewide,,,TRUE,2417,2060191,0.001173192
2008,ALABAMA,AL,US SENATE,statewide,JEFF SESSIONS,REPUBLICAN,FALSE,1305383,2060191,0.633622319
2008,ALASKA,AK,US SENATE,statewide,TED STEVENS,REPUBLICAN,FALSE,147814,317723,0.465229146
2008,ALASKA,AK,US SENATE,statewide,,,TRUE,1077,317723,0.003389745
2008,ALASKA,AK,US SENATE,statewide,BOB BIRD,ALASKAN INDEPENDENCE,FALSE,13197,317723,0.041536181
2008,ALASKA,AK,US SENATE,statewide,MARK BEGICH,DEMOCRAT,FALSE,151767,317723,0.477670801
2008,ALASKA,AK,US SENATE,statewide,"FREDRICK D. ""DAVID"" HAASE",LIBERTARIAN,FALSE,2483,317723,0.007814983
2008,ALASKA,AK,US SENATE,statewide,TED GIANOUTSOS,NO PARTY AFFILIATION,FALSE,1385,317723,0.004359143
2008,ARKANSAS,AR,US SENATE,statewide,MARK L. PRYOR,DEMOCRAT,FALSE,804678,1011754,0.795329695
2008,ARKANSAS,AR,US SENATE,statewide,REBEKAH KENNEDY,GREEN,FALSE,207076,1011754,0.204670305
2008,COLORADO,CO,US SENATE,statewide,,,TRUE,9,2331621,3.85998E-06
2008,COLORADO,CO,US SENATE,statewide,BOB KINSEY,GREEN,FALSE,50004,2331621,0.021446024
2008,COLORADO,CO,US SENATE,statewide,BOB SCHAFFER,REPUBLICAN,FALSE,990755,2331621,0.424921117
2008,COLORADO,CO,US SENATE,statewide,,,TRUE,116,2331621,4.97508E-05
2008,COLORADO,CO,US SENATE,statewide,"DOUGLAS ""DAYHORSE"" CAMPBELL",AMERICAN CONSTITUTION PARTY,FALSE,59733,2331621,0.025618658
2008,COLORADO,CO,US SENATE,statewide,MARK UDALL,DEMOCRAT,FALSE,1230994,2331621,0.527956302
2008,COLORADO,CO,US SENATE,statewide,,,TRUE,10,2331621,4.28886E-06
2008,DELAWARE,DE,US SENATE,statewide,JOSEPH R. BIDEN JR.,DEMOCRAT,FALSE,257539,398134,0.646865126
2008,DELAWARE,DE,US SENATE,statewide,CHRISTINE O'DONNELL,REPUBLICAN,FALSE,140595,398134,0.353134874
2008,GEORGIA,GA,US SENATE,statewide,ALLEN BUCKLEY,LIBERTARIAN,FALSE,127923,3752485,0.03409021
2008,GEORGIA,GA,US SENATE,statewide,SAXBY CHAMBLISS,REPUBLICAN,FALSE,1228033,2137956,0.574395825
2008,GEORGIA,GA,US SENATE,statewide,JIM MARTIN,DEMOCRAT,FALSE,909923,2137956,0.425604175
2008,GEORGIA,GA,US SENATE,statewide,JIM MARTIN,DEMOCRAT,FALSE,1757393,3752485,0.468327788
2008,GEORGIA,GA,US SENATE,statewide,,,TRUE,29,3752485,7.72821E-06
2008,GEORGIA,GA,US SENATE,statewide,,,TRUE,43,3752485,1.14591E-05
2008,GEORGIA,GA,US SENATE,statewide,SAXBY CHAMBLISS,REPUBLICAN,FALSE,1867097,3752485,0.497562815
2008,IDAHO,ID,US SENATE,statewide,,,TRUE,3,644780,4.65275E-06
2008,IDAHO,ID,US SENATE,statewide,KENT A. MARMON,LIBERTARIAN,FALSE,9958,644780,0.015444027
2008,IDAHO,ID,US SENATE,statewide,JIM RISCH,REPUBLICAN,FALSE,371744,644780,0.576543937
2008,IDAHO,ID,US SENATE,statewide,LARRY LAROCCO,DEMOCRAT,FALSE,219903,644780,0.341051211
2008,IDAHO,ID,US SENATE,statewide,REX RAMMELL,INDEPENDENT,FALSE,34510,644780,0.053522132
2008,IDAHO,ID,US SENATE,statewide,PRO-LIFE,INDEPENDENT,FALSE,8662,644780,0.01343404
2008,ILLINOIS,IL,US SENATE,statewide,STEVE SAUERBERG,REPUBLICAN,FALSE,1520621,5329884,0.285300956
2008,ILLINOIS,IL,US SENATE,statewide,CHAD N. KOPPIE,CONSTITUTION,FALSE,24059,5329884,0.004513982
2008,ILLINOIS,IL,US SENATE,statewide,KATHY CUMMINGS,GREEN,FALSE,119135,5329884,0.022352269
2008,ILLINOIS,IL,US SENATE,statewide,,,TRUE,1,5329884,1.87621E-07
2008,ILLINOIS,IL,US SENATE,statewide,LARRY A. STAFFORD,LIBERTARIAN,FALSE,50224,5329884,0.009423094
2008,ILLINOIS,IL,US SENATE,statewide,RICHARD J. DURBIN,DEMOCRAT,FALSE,3615844,5329884,0.678409511
2008,IOWA,IA,US SENATE,statewide,TOM HARKIN,DEMOCRAT,FALSE,941665,1502918,0.626557803
2008,IOWA,IA,US SENATE,statewide,,,TRUE,1247,1502918,0.000829719
2008,IOWA,IA,US SENATE,statewide,CHRISTOPHER REED,REPUBLICAN,FALSE,560006,1502918,0.372612478
2008,KANSAS,KS,US SENATE,statewide,RANDALL L. HODGKINSON,LIBERTARIAN,FALSE,25727,1210690,0.021249866
2008,KANSAS,KS,US SENATE,statewide,PAT ROBERTS,REPUBLICAN,FALSE,727121,1210690,0.600583965
2008,KANSAS,KS,US SENATE,statewide,JIM SLATTERY,DEMOCRAT,FALSE,441399,1210690,0.364584658
2008,KANSAS,KS,US SENATE,statewide,JOSEPH L. MARTIN,REFORM,FALSE,16443,1210690,0.013581511
2008,KENTUCKY,KY,US SENATE,statewide,MITCH MCCONNELL,REPUBLICAN,FALSE,953816,1800821,0.529656196
2008,KENTUCKY,KY,US SENATE,statewide,BRUCE LUNSFORD,DEMOCRAT,FALSE,847005,1800821,0.470343804
2008,LOUISIANA,LA,US SENATE,statewide,"""JAY"" PATEL",NO PARTY AFFILIATION,FALSE,13729,1896574,0.007238842
2008,LOUISIANA,LA,US SENATE,statewide,RICHARD FONTANESI,LIBERTARIAN,FALSE,18590,1896574,0.009801885
2008,LOUISIANA,LA,US SENATE,statewide,MARY L. LANDRIEU,DEMOCRAT,FALSE,988298,1896574,0.521096461
2008,LOUISIANA,LA,US SENATE,statewide,JOHN KENNEDY,REPUBLICAN,FALSE,867177,1896574,0.457233411
2008,LOUISIANA,LA,US SENATE,statewide,ROBERT STEWART,OTHER,FALSE,8780,1896574,0.0046294
2008,MAINE,ME,US SENATE,statewide,SUSAN M. COLLINS,REPUBLICAN,FALSE,444300,724430,0.613309775
2008,MAINE,ME,US SENATE,statewide,OTHER,,FALSE,620,724430,0.000855845
2008,MAINE,ME,US SENATE,statewide,THOMAS H. ALLEN,DEMOCRAT,FALSE,279510,724430,0.38583438
2008,MASSACHUSETTS,MA,US SENATE,statewide,BLANK VOTE/SCATTERING,,FALSE,108748,3102995,0.035046141
2008,MASSACHUSETTS,MA,US SENATE,statewide,JOHN F. KERRY,DEMOCRAT,FALSE,1971974,3102995,0.635506664
2008,MASSACHUSETTS,MA,US SENATE,statewide,OTHER,,FALSE,2516,3102995,0.00081083
2008,MASSACHUSETTS,MA,US SENATE,statewide,ROBERT J. UNDERWOOD,LIBERTARIAN,FALSE,93713,3102995,0.030200822
2008,MASSACHUSETTS,MA,US SENATE,statewide,JEFFREY K. BEATTY,REPUBLICAN,FALSE,926044,3102995,0.298435544
2008,MICHIGAN,MI,US SENATE,statewide,JACK HOOGENDYK,REPUBLICAN,FALSE,1641070,4848620,0.338461253
2008,MICHIGAN,MI,US SENATE,statewide,HARLEY G. MIKKELSON,GREEN,FALSE,43440,4848620,0.00895925
2008,MICHIGAN,MI,US SENATE,statewide,CARL LEVIN,DEMOCRAT,FALSE,3038386,4848620,0.626649645
2008,MICHIGAN,MI,US SENATE,statewide,DOUG DERN,NATURAL LAW,FALSE,18550,4848620,0.003825831
2008,MICHIGAN,MI,US SENATE,statewide,SCOTTY BOMAN,LIBERTARIAN,FALSE,76347,4848620,0.01574613
2008,MICHIGAN,MI,US SENATE,statewide,MICHAEL N. NIKITIN,U.S. TAXPAYERS,FALSE,30827,4848620,0.006357892
2008,MINNESOTA,MN,US SENATE,statewide,,,TRUE,12,2887646,4.15563E-06
2008,MINNESOTA,MN,US SENATE,statewide,NORM COLEMAN,REPUBLICAN,FALSE,1212317,2887646,0.419828816
2008,MINNESOTA,MN,US SENATE,statewide,,,TRUE,2340,2887646,0.000810349
2008,MINNESOTA,MN,US SENATE,statewide,DEAN BARKLEY,INDEPENDENCE,FALSE,437505,2887646,0.151509222
2008,MINNESOTA,MN,US SENATE,statewide,CHARLES ALDRICH,LIBERTARIAN,FALSE,13923,2887646,0.004821574
2008,MINNESOTA,MN,US SENATE,statewide,AL FRANKEN,DEMOCRAT,FALSE,1212629,2887646,0.419936862
2008,MINNESOTA,MN,US SENATE,statewide,JAMES NIEMACKL,CONSTITUTION,FALSE,8907,2887646,0.003084519
2008,MINNESOTA,MN,US SENATE,statewide,,,TRUE,13,2887646,4.50194E-06
2008,MISSISSIPPI,MS,US SENATE,statewide,RONNIE MUSGROVE,NO PARTY AFFILIATION,FALSE,560064,1243473,0.450403024
2008,MISSISSIPPI,MS,US SENATE,statewide,ROGER F. WICKER,REPUBLICAN,FALSE,683409,1243473,0.549596976
2008,MISSISSIPPI,MS,US SENATE,statewide,THAD COCHRAN,REPUBLICAN,FALSE,766111,1247026,0.614350463
2008,MISSISSIPPI,MS,US SENATE,statewide,ERIK FLEMING,DEMOCRAT,FALSE,480915,1247026,0.385649537
2008,MONTANA,MT,US SENATE,statewide,BOB KELLEHER,REPUBLICAN,FALSE,129369,477658,0.270840225
2008,MONTANA,MT,US SENATE,statewide,MAX BAUCUS,DEMOCRAT,FALSE,348289,477658,0.729159775
2008,NEBRASKA,NE,US SENATE,statewide,KELLY RENEE ROSBERG,NEBRASKA PARTY,FALSE,11438,792511,0.014432607
2008,NEBRASKA,NE,US SENATE,statewide,STEVEN R. LARRICK,GREEN,FALSE,7763,792511,0.009795448
2008,NEBRASKA,NE,US SENATE,statewide,SCOTT KLEEB,DEMOCRAT,FALSE,317456,792511,0.400569834
2008,NEBRASKA,NE,US SENATE,statewide,MIKE JOHANNS,REPUBLICAN,FALSE,455854,792511,0.575202111
2008,NEW HAMPSHIRE,NH,US SENATE,statewide,JOHN E. SUNUNU,REPUBLICAN,FALSE,314403,694787,0.452517102
2008,NEW HAMPSHIRE,NH,US SENATE,statewide,JEANNE SHAHEEN,DEMOCRAT,FALSE,358438,694787,0.515896239
2008,NEW HAMPSHIRE,NH,US SENATE,statewide,,,TRUE,430,694787,0.000618895
2008,NEW HAMPSHIRE,NH,US SENATE,statewide,"""KEN"" BLEVENS",LIBERTARIAN,FALSE,21516,694787,0.030967764
2008,NEW JERSEY,NJ,US SENATE,statewide,J. M. CARTER,GOD WE TRUST,FALSE,15935,3482445,0.004575808
2008,NEW JERSEY,NJ,US SENATE,statewide,FRANK R. LAUTENBERG,DEMOCRAT,FALSE,1951218,3482445,0.560301168
2008,NEW JERSEY,NJ,US SENATE,statewide,JASON SCHEURER,LIBERTARIAN,FALSE,18810,3482445,0.005401377
2008,NEW JERSEY,NJ,US SENATE,statewide,JEFFREY BOSS,BOSS FOR SENATE,FALSE,10345,3482445,0.002970614
2008,NEW JERSEY,NJ,US SENATE,statewide,SARA J. LOBMAN,SOCIALIST WORKERS,FALSE,9187,3482445,0.002638089
2008,NEW JERSEY,NJ,US SENATE,statewide,DICK ZIMMER,REPUBLICAN,FALSE,1461025,3482445,0.419540007
2008,NEW JERSEY,NJ,US SENATE,statewide,DARYL MIKELL BROOKS,POOR PEOPLE'S CAMPAIGN,FALSE,15925,3482445,0.004572937
2008,NEW MEXICO,NM,US SENATE,statewide,TOM UDALL,DEMOCRAT,FALSE,505128,823650,0.613279913
2008,NEW MEXICO,NM,US SENATE,statewide,STEVE PEARCE,REPUBLICAN,FALSE,318522,823650,0.386720087
2008,NORTH CAROLINA,NC,US SENATE,statewide,,,TRUE,1719,4271970,0.00040239
2008,NORTH CAROLINA,NC,US SENATE,statewide,KAY HAGAN,DEMOCRAT,FALSE,2249311,4271970,0.526527808
2008,NORTH CAROLINA,NC,US SENATE,statewide,CHRISTOPHER COLE,LIBERTARIAN,FALSE,133430,4271970,0.031233834
2008,NORTH CAROLINA,NC,US SENATE,statewide,ELIZABETH DOLE,REPUBLICAN,FALSE,1887510,4271970,0.441835968
2008,OKLAHOMA,OK,US SENATE,statewide,JAMES M. INHOFE,REPUBLICAN,FALSE,763375,1346819,0.566798508
2008,OKLAHOMA,OK,US SENATE,statewide,STEPHEN P. WALLACE,INDEPENDENT,FALSE,55708,1346819,0.041362648
2008,OKLAHOMA,OK,US SENATE,statewide,ANDREW RICE,DEMOCRAT,FALSE,527736,1346819,0.391838844
2008,OREGON,OR,US SENATE,statewide,JEFF MERKLEY,DEMOCRAT,FALSE,864392,1767504,0.489046701
2008,OREGON,OR,US SENATE,statewide,DAVID BROWNLOW,CONSTITUTION,FALSE,92565,1767504,0.052370461
2008,OREGON,OR,US SENATE,statewide,GORDON H. SMITH,REPUBLICAN,FALSE,805159,1767504,0.455534471
2008,OREGON,OR,US SENATE,statewide,OTHER,,FALSE,5388,1767504,0.003048367
2008,RHODE ISLAND,RI,US SENATE,statewide,JACK REED,DEMOCRAT,FALSE,320644,438812,0.730709279
2008,RHODE ISLAND,RI,US SENATE,statewide,,,TRUE,1994,438812,0.004544087
2008,RHODE ISLAND,RI,US SENATE,statewide,ROBERT G. TINGLE,REPUBLICAN,FALSE,116174,438812,0.264746634
2008,SOUTH CAROLINA,SC,US SENATE,statewide,BOB CONLEY,DEMOCRAT,FALSE,790621,1871431,0.422468688
2008,SOUTH CAROLINA,SC,US SENATE,statewide,LINDSEY GRAHAM,REPUBLICAN,FALSE,1076534,1871431,0.575246429
2008,SOUTH CAROLINA,SC,US SENATE,statewide,,,TRUE,4276,1871431,0.002284883
2008,SOUTH DAKOTA,SD,US SENATE,statewide,JOEL DYKSTRA,REPUBLICAN,FALSE,142784,380673,0.375083077
2008,SOUTH DAKOTA,SD,US SENATE,statewide,TIM JOHNSON,DEMOCRAT,FALSE,237889,380673,0.624916923
2008,TENNESSEE,TN,US SENATE,statewide,CHRISTOPHER G. FENNER,INDEPENDENT,FALSE,11073,2424585,0.004566967
2008,TENNESSEE,TN,US SENATE,statewide,DANIEL TOWERS LEWIS,INDEPENDENT,FALSE,9367,2424585,0.003863342
2008,TENNESSEE,TN,US SENATE,statewide,EDWARD L. BUCK,INDEPENDENT,FALSE,31631,2424585,0.013045944
2008,TENNESSEE,TN,US SENATE,statewide,ED LAWHORN,INDEPENDENT,FALSE,8986,2424585,0.003706201
2008,TENNESSEE,TN,US SENATE,statewide,LAMAR ALEXANDER,REPUBLICAN,FALSE,1579477,2424585,0.651442206
2008,TENNESSEE,TN,US SENATE,statewide,ROBERT D. TUKE,DEMOCRAT,FALSE,767236,2424585,0.316440133
2008,TENNESSEE,TN,US SENATE,statewide,CHRIS LUGO,INDEPENDENT,FALSE,9170,2424585,0.003782091
2008,TENNESSEE,TN,US SENATE,statewide,DAVID GATCHELL,INDEPENDENT,FALSE,7645,2424585,0.003153117
2008,TEXAS,TX,US SENATE,statewide,JOHN CORNYN,REPUBLICAN,FALSE,4337469,7912075,0.548208782
2008,TEXAS,TX,US SENATE,statewide,YVONNE ADAMS SCHICK,LIBERTARIAN,FALSE,185241,7912075,0.023412442
2008,TEXAS,TX,US SENATE,statewide,"RICHARD J. ""RICK"" NORIEGA",DEMOCRAT,FALSE,3389365,7912075,0.428378775
2008,VIRGINIA,VA,US SENATE,statewide,,,TRUE,3178,3643294,0.000872288
2008,VIRGINIA,VA,US SENATE,statewide,WILLIAM B. REDPATH,LIBERTARIAN,FALSE,20269,3643294,0.005563372
2008,VIRGINIA,VA,US SENATE,statewide,"JAMES S. ""JIM"" GILMORE III",REPUBLICAN,FALSE,1228830,3643294,0.337285435
2008,VIRGINIA,VA,US SENATE,statewide,MARK R. WARNER,DEMOCRAT,FALSE,2369327,3643294,0.650325502
2008,VIRGINIA,VA,US SENATE,statewide,GLENDA GAIL PARKER,INDEPENDENT GREEN,FALSE,21690,3643294,0.005953404
2008,WEST VIRGINIA,WV,US SENATE,statewide,,,TRUE,36,702308,5.12596E-05
2008,WEST VIRGINIA,WV,US SENATE,statewide,JAY WOLFE,REPUBLICAN,FALSE,254629,702308,0.362560301
2008,WEST VIRGINIA,WV,US SENATE,statewide,,,TRUE,83,702308,0.000118182
2008,WEST VIRGINIA,WV,US SENATE,statewide,JOHN D. ROCKEFELLER IV,DEMOCRAT,FALSE,447560,702308,0.637270257
2008,WYOMING,WY,US SENATE,statewide,OVER VOTE,,FALSE,61,249619,0.000244372
2008,WYOMING,WY,US SENATE,statewide,CHRIS ROTHFUSS,DEMOCRAT,FALSE,60631,250007,0.24251721
2008,WYOMING,WY,US SENATE,statewide,JOHN BARRASSO,REPUBLICAN,FALSE,183063,249619,0.733369655
2008,WYOMING,WY,US SENATE,statewide,OVER VOTE,,FALSE,61,250007,0.000243993
2008,WYOMING,WY,US SENATE,statewide,MICHAEL B. ENZI,REPUBLICAN,FALSE,189046,250007,0.756162827
2008,WYOMING,WY,US SENATE,statewide,,,TRUE,293,249619,0.001173789
2008,WYOMING,WY,US SENATE,statewide,,,TRUE,269,250007,0.00107597
2008,WYOMING,WY,US SENATE,statewide,NICK CARTER,DEMOCRAT,FALSE,66202,249619,0.265212183
2010,ALABAMA,AL,US SENATE,statewide,WILLIAM G. BARNES,DEMOCRAT,FALSE,515619,1485499,0.347101546
2010,ALABAMA,AL,US SENATE,statewide,,,TRUE,1699,1485499,0.001143723
2010,ALABAMA,AL,US SENATE,statewide,RICHARD C. SHELBY,REPUBLICAN,FALSE,968181,1485499,0.65175473
2010,ALASKA,AK,US SENATE,statewide,TIM CARTER,NONAFFILIATED,FALSE,927,255503,0.003628137
2010,ALASKA,AK,US SENATE,statewide,TED GIANOUTSOS,NONAFFILIATED,FALSE,458,255503,0.001792543
2010,ALASKA,AK,US SENATE,statewide,,,TRUE,61,255503,0.000238745
2010,ALASKA,AK,US SENATE,statewide,,,TRUE,21,255503,8.21908E-05
2010,ALASKA,AK,US SENATE,statewide,LISA MURKOWSKI,,TRUE,101091,255503,0.395654846
2010,ALASKA,AK,US SENATE,statewide,OTHER,,FALSE,602,255503,0.002356137
2010,ALASKA,AK,US SENATE,statewide,JOE MILLER,REPUBLICAN,FALSE,90839,255503,0.355530072
2010,ALASKA,AK,US SENATE,statewide,"FREDRICK ""DAVID"" HAASE",LIBERTARIAN,FALSE,1459,255503,0.005710305
2010,ALASKA,AK,US SENATE,statewide,SCOTT T. MCADAMS,DEMOCRAT,FALSE,60045,255503,0.235007025
2010,ARIZONA,AZ,US SENATE,statewide,JERRY JOSLYN,GREEN,FALSE,24603,1708484,0.014400486
2010,ARIZONA,AZ,US SENATE,statewide,JOHN MCCAIN,REPUBLICAN,FALSE,1005615,1708484,0.588600771
2010,ARIZONA,AZ,US SENATE,statewide,,,TRUE,7,1708484,4.0972E-06
2010,ARIZONA,AZ,US SENATE,statewide,,,TRUE,39,1708484,2.28273E-05
2010,ARIZONA,AZ,US SENATE,statewide,,,TRUE,14,1708484,8.1944E-06
2010,ARIZONA,AZ,US SENATE,statewide,,,TRUE,5938,1708484,0.003475596
2010,ARIZONA,AZ,US SENATE,statewide,DAVID F. NOLAN,LIBERTARIAN,FALSE,80097,1708484,0.046881914
2010,ARIZONA,AZ,US SENATE,statewide,RODNEY GLASSMAN,DEMOCRAT,FALSE,592011,1708484,0.346512464
2010,ARIZONA,AZ,US SENATE,statewide,,,TRUE,160,1708484,9.36503E-05
2010,ARKANSAS,AR,US SENATE,statewide,TREVOR DROWN,INDEPENDENT,FALSE,25234,779957,0.032353066
2010,ARKANSAS,AR,US SENATE,statewide,JOHN BOOZMAN,REPUBLICAN,FALSE,451618,779957,0.579029357
2010,ARKANSAS,AR,US SENATE,statewide,JOHN LANEY GRAY III,GREEN,FALSE,14430,779957,0.01850102
2010,ARKANSAS,AR,US SENATE,statewide,"STEPHAN ""TROUBLEMAKER"" HERCHER",,TRUE,143,779957,0.000183343
2010,ARKANSAS,AR,US SENATE,statewide,,,TRUE,376,779957,0.000482078
2010,ARKANSAS,AR,US SENATE,statewide,BLANCHE L. LINCOLN,DEMOCRAT,FALSE,288156,779957,0.369451136
2010,CALIFORNIA,CA,US SENATE,statewide,GAIL K. LIGHTFOOT,LIBERTARIAN,FALSE,175242,10000160,0.01752392
2010,CALIFORNIA,CA,US SENATE,statewide,BARBARA BOXER,DEMOCRAT,FALSE,5218441,10000160,0.521835751
2010,CALIFORNIA,CA,US SENATE,statewide,EDWARD C. NOONAN,AMERICAN INDEPENDENT,FALSE,125441,10000160,0.012543899
2010,CALIFORNIA,CA,US SENATE,statewide,,,TRUE,10,10000160,9.99984E-07
2010,CALIFORNIA,CA,US SENATE,statewide,,,TRUE,5,10000160,4.99992E-07
2010,CALIFORNIA,CA,US SENATE,statewide,DUANE ROBERTS,GREEN,FALSE,128510,10000160,0.012850794
2010,CALIFORNIA,CA,US SENATE,statewide,MARSHA FEINLAND,PEACE AND FREEDOM,FALSE,135093,10000160,0.013509084
2010,CALIFORNIA,CA,US SENATE,statewide,,,TRUE,41,10000160,4.09993E-06
2010,CALIFORNIA,CA,US SENATE,statewide,CARLY FIORINA,REPUBLICAN,FALSE,4217366,10000160,0.421729852
2010,CALIFORNIA,CA,US SENATE,statewide,,,TRUE,11,10000160,1.09998E-06
2010,COLORADO,CO,US SENATE,statewide,,,TRUE,67,1772286,3.78043E-05
2010,COLORADO,CO,US SENATE,statewide,JASON NAPOLITANO,INDEPENDENT REFORM,FALSE,19415,1772286,0.010954778
2010,COLORADO,CO,US SENATE,statewide,,,TRUE,19,1772286,1.07206E-05
2010,COLORADO,CO,US SENATE,statewide,CHARLEY MILLER,UNAFFILIATED,FALSE,11330,1772286,0.006392873
2010,COLORADO,CO,US SENATE,statewide,"MACLYN ""MAC"" STRINGER",LIBERTARIAN,FALSE,22589,1772286,0.012745686
2010,COLORADO,CO,US SENATE,statewide,BOB KINSEY,GREEN,FALSE,38768,1772286,0.021874573
2010,COLORADO,CO,US SENATE,statewide,KEN BUCK,REPUBLICAN,FALSE,822731,1772286,0.464220222
2010,COLORADO,CO,US SENATE,statewide,MICHAEL F. BENNET,DEMOCRAT,FALSE,851590,1772286,0.480503711
2010,COLORADO,CO,US SENATE,statewide,,,TRUE,10,1772286,5.64243E-06
2010,COLORADO,CO,US SENATE,statewide,J. MOROMISATO,UNAFFILIATED,FALSE,5767,1772286,0.003253989
2010,CONNECTICUT,CT,US SENATE,statewide,JEFF RUSSELL,,TRUE,45,1153115,3.90247E-05
2010,CONNECTICUT,CT,US SENATE,statewide,MATTHEW COLEMAN,,TRUE,7,1153115,6.07051E-06
2010,CONNECTICUT,CT,US SENATE,statewide,,,TRUE,17,1153115,1.47427E-05
2010,CONNECTICUT,CT,US SENATE,statewide,,,TRUE,45,1153115,3.90247E-05
2010,CONNECTICUT,CT,US SENATE,statewide,,,TRUE,31,1153115,2.68837E-05
2010,CONNECTICUT,CT,US SENATE,statewide,,,TRUE,5,1153115,4.33608E-06
2010,CONNECTICUT,CT,US SENATE,statewide,,,TRUE,15,1153115,1.30082E-05
2010,CONNECTICUT,CT,US SENATE,statewide,RICHARD BLUMENTHAL,DEMOCRAT,FALSE,605204,1153115,0.524842709
2010,CONNECTICUT,CT,US SENATE,statewide,JOHN MERTENS,CONNECTICUT FOR LIEBERMAN,FALSE,6735,1153115,0.005840701
2010,CONNECTICUT,CT,US SENATE,statewide,RICHARD BLUMENTHAL,WORKING FAMILIES,FALSE,30836,1153115,0.026741479
2010,CONNECTICUT,CT,US SENATE,statewide,WARREN B. MOSLER,INDEPENDENT,FALSE,11275,1153115,0.009777863
2010,CONNECTICUT,CT,US SENATE,statewide,LINDA E. MCMAHON,REPUBLICAN,FALSE,498341,1153115,0.432169385
2010,CONNECTICUT,CT,US SENATE,statewide,,,TRUE,559,1153115,0.000484774
2010,DELAWARE,DE,US SENATE,statewide,,,TRUE,25,307402,8.13267E-05
2010,DELAWARE,DE,US SENATE,statewide,GLENN A. MILLER,INDEPENDENT PARTY OF DELAWARE,FALSE,8201,307402,0.026678421
2010,DELAWARE,DE,US SENATE,statewide,CHRISTINE O'DONNELL,REPUBLICAN,FALSE,123053,307402,0.400299933
2010,DELAWARE,DE,US SENATE,statewide,,,TRUE,10,307402,3.25307E-05
2010,DELAWARE,DE,US SENATE,statewide,CHRISTOPHER A. COONS,DEMOCRAT,FALSE,174012,307402,0.56607309
2010,DELAWARE,DE,US SENATE,statewide,JAMES W. RASH,LIBERTARIAN,FALSE,2101,307402,0.006834699
2010,FLORIDA,FL,US SENATE,statewide,,,TRUE,13,5411106,2.40247E-06
2010,FLORIDA,FL,US SENATE,statewide,BRUCE RAY RIGGS,NO PARTY AFFILIATION,FALSE,3647,5411106,0.000673984
2010,FLORIDA,FL,US SENATE,statewide,BERNIE DECASTRO,CONSTITUTION PARTY OF FLORIDA,FALSE,4792,5411106,0.000885586
2010,FLORIDA,FL,US SENATE,statewide,BOBBIE BEAN,NO PARTY AFFILIATION,FALSE,4301,5411106,0.000794847
2010,FLORIDA,FL,US SENATE,statewide,SUE ASKELAND,NO PARTY AFFILIATION,FALSE,15340,5411106,0.00283491
2010,FLORIDA,FL,US SENATE,statewide,,,TRUE,18,5411106,3.32649E-06
2010,FLORIDA,FL,US SENATE,statewide,,,TRUE,2,5411106,3.6961E-07
2010,FLORIDA,FL,US SENATE,statewide,LEWIS JEROME ARMSTRONG,NO PARTY AFFILIATION,FALSE,4443,5411106,0.000821089
2010,FLORIDA,FL,US SENATE,statewide,ALEXANDER ANDREW SNITKER,LIBERTARIAN,FALSE,24850,5411106,0.004592407
2010,FLORIDA,FL,US SENATE,statewide,,,TRUE,6,5411106,1.10883E-06
2010,FLORIDA,FL,US SENATE,statewide,RICK TYLER,NO PARTY AFFILIATION,FALSE,7397,5411106,0.001367003
2010,FLORIDA,FL,US SENATE,statewide,,,TRUE,47,5411106,8.68584E-06
2010,FLORIDA,FL,US SENATE,statewide,,,TRUE,4,5411106,7.3922E-07
2010,FLORIDA,FL,US SENATE,statewide,MA,,TRUE,18,5411106,3.32649E-06
2010,FLORIDA,FL,US SENATE,statewide,CHARLIE CRIST,NO PARTY AFFILIATION,FALSE,1607549,5411106,0.297083258
2010,FLORIDA,FL,US SENATE,statewide,MARCO RUBIO,REPUBLICAN,FALSE,2645743,5411106,0.488946807
2010,FLORIDA,FL,US SENATE,statewide,KENDRICK B. MEEK,DEMOCRAT,FALSE,1092936,5411106,0.20198015
2010,GEORGIA,GA,US SENATE,statewide,,,TRUE,24,2555258,9.3924E-06
2010,GEORGIA,GA,US SENATE,statewide,"MICHAEL ""MIKE"" THURMOND",DEMOCRAT,FALSE,996516,2555258,0.389986451
2010,GEORGIA,GA,US SENATE,statewide,,,TRUE,52,2555258,2.03502E-05
2010,GEORGIA,GA,US SENATE,statewide,CHUCK DONOVAN,LIBERTARIAN,FALSE,68750,2555258,0.026905307
2010,GEORGIA,GA,US SENATE,statewide,,,TRUE,12,2555258,4.6962E-06
2010,GEORGIA,GA,US SENATE,statewide,JOHNNY ISAKSON,REPUBLICAN,FALSE,1489904,2555258,0.583073803
2010,HAWAII,HI,US SENATE,statewide,CAM CAVASSO,REPUBLICAN,FALSE,79939,370583,0.21571146
2010,HAWAII,HI,US SENATE,statewide,JIM BREWER,GREEN,FALSE,7762,370583,0.020945375
2010,HAWAII,HI,US SENATE,statewide,LLOYD JEFFREY MALLAN,LIBERTARIAN,FALSE,2957,370583,0.007979319
2010,HAWAII,HI,US SENATE,statewide,DANIEL K. INOUYE,DEMOCRAT,FALSE,277228,370583,0.748086124
2010,HAWAII,HI,US SENATE,statewide,JEFF FARRETT,NONPARTISAN,FALSE,2697,370583,0.007277722
2010,IDAHO,ID,US SENATE,statewide,P. TOM SULLIVAN,DEMOCRAT,FALSE,112057,449530,0.24927591
2010,IDAHO,ID,US SENATE,statewide,RANDY LYNN BERGQUIST,CONSTITUTION,FALSE,17429,449530,0.038771606
2010,IDAHO,ID,US SENATE,statewide,MIKE CRAPO,REPUBLICAN,FALSE,319953,449530,0.71175005
2010,IDAHO,ID,US SENATE,statewide,,,TRUE,91,449530,0.000202434
2010,ILLINOIS,IL,US SENATE,statewide,,,TRUE,561,3704473,0.000151439
2010,ILLINOIS,IL,US SENATE,statewide,,,TRUE,468,3704473,0.000126334
2010,ILLINOIS,IL,US SENATE,statewide,,,TRUE,12,3704473,3.23933E-06
2010,ILLINOIS,IL,US SENATE,statewide,,,TRUE,3,3704473,8.09832E-07
2010,ILLINOIS,IL,US SENATE,statewide,MIKE LABNO,LIBERTARIAN,FALSE,87247,3704473,0.023551798
2010,ILLINOIS,IL,US SENATE,statewide,,,TRUE,15,3704473,4.04916E-06
2010,ILLINOIS,IL,US SENATE,statewide,LEALAN M. JONES,GREEN,FALSE,117914,3704473,0.031830169
2010,ILLINOIS,IL,US SENATE,statewide,,,TRUE,9,3704473,2.4295E-06
2010,ILLINOIS,IL,US SENATE,statewide,,,TRUE,19,3704473,5.12893E-06
2010,ILLINOIS,IL,US SENATE,statewide,,,TRUE,16,3704473,4.3191E-06
2010,ILLINOIS,IL,US SENATE,statewide,"ALEXANDER ""ALEXI"" GIANNOULIAS",DEMOCRAT,FALSE,1719478,3704473,0.464162649
2010,ILLINOIS,IL,US SENATE,statewide,MARK STEVEN KIRK,REPUBLICAN,FALSE,1778698,3704473,0.480148728
2010,ILLINOIS,IL,US SENATE,statewide,COREY DABNEY,,TRUE,33,3704473,8.90815E-06
2010,INDIANA,IN,US SENATE,statewide,BRAD ELLSWORTH,DEMOCRAT,FALSE,697775,1744481,0.399990026
2010,INDIANA,IN,US SENATE,statewide,,,TRUE,161,1744481,9.22911E-05
2010,INDIANA,IN,US SENATE,statewide,REBECCA SINK-BURRIS,LIBERTARIAN,FALSE,94330,1744481,0.054073389
2010,INDIANA,IN,US SENATE,statewide,DAN COATS,REPUBLICAN,FALSE,952116,1744481,0.545787544
2010,INDIANA,IN,US SENATE,statewide,,,TRUE,99,1744481,5.67504E-05
2010,IOWA,IA,US SENATE,statewide,ROXANNE CONLIN,DEMOCRAT,FALSE,371686,1116063,0.333033171
2010,IOWA,IA,US SENATE,statewide,CHUCK GRASSLEY,REPUBLICAN,FALSE,718215,1116063,0.6435255
2010,IOWA,IA,US SENATE,statewide,,,TRUE,872,1116063,0.000781318
2010,IOWA,IA,US SENATE,statewide,JOHN HEIDERSCHEIT,LIBERTARIAN,FALSE,25290,1116063,0.022660011
2010,KANSAS,KS,US SENATE,statewide,MICHAEL WM. DANN,LIBERTARIAN,FALSE,17922,837692,0.021394498
2010,KANSAS,KS,US SENATE,statewide,LISA JOHNSTON,DEMOCRAT,FALSE,220971,837692,0.263785496
2010,KANSAS,KS,US SENATE,statewide,JERRY MORAN,REPUBLICAN,FALSE,587175,837692,0.700943784
2010,KANSAS,KS,US SENATE,statewide,"JOSEPH ""JOE"" K. BELLIS",REFORM,FALSE,11624,837692,0.013876222
2010,KENTUCKY,KY,US SENATE,statewide,JACK CONWAY,DEMOCRAT,FALSE,600052,1356096,0.442484898
2010,KENTUCKY,KY,US SENATE,statewide,RAND PAUL,REPUBLICAN,FALSE,755706,1356096,0.557265857
2010,KENTUCKY,KY,US SENATE,statewide,,,TRUE,338,1356096,0.000249245
2010,LOUISIANA,LA,US SENATE,statewide,DAVID VITTER,REPUBLICAN,FALSE,715415,1264994,0.565548137
2010,LOUISIANA,LA,US SENATE,statewide,"MICHAEL LANE ""MIKE"" SPEARS",OTHER,FALSE,9190,1264994,0.007264857
2010,LOUISIANA,LA,US SENATE,statewide,"THOMAS G. ""TOMMY"" LAFARGUE",OTHER,FALSE,4043,1264994,0.003196063
2010,LOUISIANA,LA,US SENATE,statewide,RANDALL TODD HAYES,LIBERTARIAN,FALSE,13957,1264994,0.011033254
2010,LOUISIANA,LA,US SENATE,statewide,MILTON GORDON,NO PARTY,FALSE,4810,1264994,0.00380239
2010,LOUISIANA,LA,US SENATE,statewide,"R. A. ""SKIP"" GALAN",NO PARTY,FALSE,7474,1264994,0.005908328
2010,LOUISIANA,LA,US SENATE,statewide,WILLIAM R. MCSHAN,REFORM,FALSE,5879,1264994,0.004647453
2010,LOUISIANA,LA,US SENATE,statewide,"WILLIAM ROBERT ""BOB"" LAND, JR.",OTHER,FALSE,5734,1264994,0.004532828
2010,LOUISIANA,LA,US SENATE,statewide,MICHAEL KARLTON BROWN,NO PARTY,FALSE,9973,1264994,0.007883832
2010,LOUISIANA,LA,US SENATE,statewide,ERNEST D. WOOLON,OTHER,FALSE,8167,1264994,0.006456157
2010,LOUISIANA,LA,US SENATE,statewide,SAM HOUSTON MELTON,NO PARTY,FALSE,3780,1264994,0.002988156
2010,LOUISIANA,LA,US SENATE,statewide,"""CHARLIE"" MELANCON",DEMOCRAT,FALSE,476572,1264994,0.376738546
2010,MARYLAND,MD,US SENATE,statewide,ERIC WARGOTZ,REPUBLICAN,FALSE,655666,1833858,0.35753368
2010,MARYLAND,MD,US SENATE,statewide,,,TRUE,80,1833858,4.36239E-05
2010,MARYLAND,MD,US SENATE,statewide,KENNISS HENRY,GREEN,FALSE,20717,1833858,0.011296949
2010,MARYLAND,MD,US SENATE,statewide,RICHARD SHAWVER,CONSTITUTION,FALSE,14746,1833858,0.008040972
2010,MARYLAND,MD,US SENATE,statewide,,,TRUE,6,1833858,3.27179E-06
2010,MARYLAND,MD,US SENATE,statewide,"JAMES T. LYNCH, JR.",DEMOCRAT,TRUE,84,1833858,4.58051E-05
2010,MARYLAND,MD,US SENATE,statewide,,,TRUE,14,1833858,7.63418E-06
2010,MARYLAND,MD,US SENATE,statewide,,,TRUE,1644,1833858,0.000896471
2010,MARYLAND,MD,US SENATE,statewide,,,TRUE,110,1833858,5.99828E-05
2010,MARYLAND,MD,US SENATE,statewide,BARBARA MIKULSKI,DEMOCRAT,FALSE,1140531,1833858,0.621929833
2010,MARYLAND,MD,US SENATE,statewide,,,TRUE,204,1833858,0.000111241
2010,MARYLAND,MD,US SENATE,statewide,,,TRUE,56,1833858,3.05367E-05
2010,MISSOURI,MO,US SENATE,statewide,,,TRUE,1,1943899,5.1443E-07
2010,MISSOURI,MO,US SENATE,statewide,ROBIN CARNAHAN,DEMOCRAT,FALSE,789736,1943899,0.406263906
2010,MISSOURI,MO,US SENATE,statewide,,,TRUE,7,1943899,3.60101E-06
2010,MISSOURI,MO,US SENATE,statewide,,,TRUE,3,1943899,1.54329E-06
2010,MISSOURI,MO,US SENATE,statewide,JERRY BECK,CONSTITUTION,FALSE,41309,1943899,0.02125059
2010,MISSOURI,MO,US SENATE,statewide,JEFF WIRICK,,TRUE,4,1943899,2.05772E-06
2010,MISSOURI,MO,US SENATE,statewide,JONATHAN DINE,LIBERTARIAN,FALSE,58663,1943899,0.030178008
2010,MISSOURI,MO,US SENATE,statewide,,,TRUE,2,1943899,1.02886E-06
2010,MISSOURI,MO,US SENATE,statewide,ROY BLUNT,REPUBLICAN,FALSE,1054160,1943899,0.542291549
2010,MISSOURI,MO,US SENATE,statewide,,,TRUE,14,1943899,7.20202E-06
2010,NEVADA,NV,US SENATE,statewide,JESSE HOLLAND,INDEPENDENT,FALSE,3175,721404,0.00440114
2010,NEVADA,NV,US SENATE,statewide,JEFFREY C. REEVES,INDEPENDENT,FALSE,2510,721404,0.003479326
2010,NEVADA,NV,US SENATE,statewide,HARRY REID,DEMOCRAT,FALSE,362785,721404,0.502887425
2010,NEVADA,NV,US SENATE,statewide,MICHAEL L. HAINES,INDEPENDENT,FALSE,4261,721404,0.005906538
2010,NEVADA,NV,US SENATE,statewide,OTHER CANDIDATES,,FALSE,16197,721404,0.022452052
2010,NEVADA,NV,US SENATE,statewide,SCOTT ASHJIAN,TEA PARTY OF NEVADA,FALSE,5811,721404,0.008055126
2010,NEVADA,NV,US SENATE,statewide,SHARRON ANGLE,REPUBLICAN,FALSE,321361,721404,0.445466063
2010,NEVADA,NV,US SENATE,statewide,TIM FASANO,INDEPENDENT AMERICAN,FALSE,3185,721404,0.004415002
2010,NEVADA,NV,US SENATE,statewide,WIL STAND,INDEPENDENT,FALSE,2119,721404,0.002937328
2010,NEW HAMPSHIRE,NH,US SENATE,statewide,KEN BLEEVENS,LIBERTARIAN,FALSE,4753,454710,0.010452816
2010,NEW HAMPSHIRE,NH,US SENATE,statewide,KELLY AYOTTE,REPUBLICAN,FALSE,273218,454710,0.600862088
2010,NEW HAMPSHIRE,NH,US SENATE,statewide,PAUL W. HODES,DEMOCRAT,FALSE,167545,454710,0.368465615
2010,NEW HAMPSHIRE,NH,US SENATE,statewide,CHRIS BOOTH,INDEPENDENT,FALSE,9194,454710,0.020219481
2010,NEW YORK,NY,US SENATE,statewide,KIRSTEN E. GILLIBRAND,DEMOCRAT,FALSE,2837684,4757635,0.596448445
2010,NEW YORK,NY,US SENATE,statewide,JAY TOWNSEND,REPUBLICAN,FALSE,1239605,4763899,0.260208077
2010,NEW YORK,NY,US SENATE,statewide,JOSEPH HUFF,RENT IS 2 DAMN HIGH,FALSE,17019,4757635,0.003577197
2010,NEW YORK,NY,US SENATE,statewide,JOHN CLIFTON,LIBERTARIAN,FALSE,18414,4757635,0.00387041
2010,NEW YORK,NY,US SENATE,statewide,JOSEPH J. DIOGUARDI,CONSERVATIVE,FALSE,244385,4757635,0.051366908
2010,NEW YORK,NY,US SENATE,statewide,BRUCE BLAKEMAN,TAX REVOLT,FALSE,4516,4757635,0.000949211
2010,NEW YORK,NY,US SENATE,statewide,RANDY A. CREDICO,LIBERTARIAN,FALSE,24871,4763899,0.005220724
2010,NEW YORK,NY,US SENATE,statewide,JOSEPH J. DIOGUARDI,REPUBLICAN,FALSE,1338308,4757635,0.281296905
2010,NEW YORK,NY,US SENATE,statewide,JAY TOWNSEND,CONSERVATIVE,FALSE,240818,4763899,0.05055061
2010,NEW YORK,NY,US SENATE,statewide,COLIA CLARK,GREEN,FALSE,42341,4763899,0.008887888
2010,NEW YORK,NY,US SENATE,statewide,CHARLES E. SCHUMER,DEMOCRAT,FALSE,3047880,4763899,0.639786864
2010,NEW YORK,NY,US SENATE,statewide,BLANK VOTE/SCATTERING,,FALSE,250033,4757635,0.052554053
2010,NEW YORK,NY,US SENATE,statewide,CECILE A. LAWRENCE,GREEN,FALSE,35489,4757635,0.007459378
2010,NEW YORK,NY,US SENATE,statewide,BLANK VOTE/SCATTERING,,FALSE,168384,4763899,0.035345838
2010,NEW YORK,NY,US SENATE,statewide,VIVIA MORGAN,ANTI-PROHIBITION,FALSE,11787,4757635,0.002477491
2010,NORTH CAROLINA,NC,US SENATE,statewide,ELAINE MARSHALL,DEMOCRAT,FALSE,1145074,2660079,0.430466163
2010,NORTH CAROLINA,NC,US SENATE,statewide,,,TRUE,1272,2660079,0.000478181
2010,NORTH CAROLINA,NC,US SENATE,statewide,MICHAEL BEITLER,LIBERTARIAN,FALSE,55687,2660079,0.020934341
2010,NORTH CAROLINA,NC,US SENATE,statewide,RICHARD BURR,REPUBLICAN,FALSE,1458046,2660079,0.548121315
2010,NORTH DAKOTA,ND,US SENATE,statewide,KEITH J. HANSON,LIBERTARIAN,FALSE,3890,238534,0.016307948
2010,NORTH DAKOTA,ND,US SENATE,statewide,TRACY POTTER,DEMOCRATIC-NONPARTISAN LEAGUE,FALSE,52955,238534,0.222001895
2010,NORTH DAKOTA,ND,US SENATE,statewide,JOHN HOEVEN,REPUBLICAN,FALSE,181689,238534,0.761690157
2010,OHIO,OH,US SENATE,statewide,LEE FISHER,DEMOCRAT,FALSE,1503297,3815098,0.394038895
2010,OHIO,OH,US SENATE,statewide,,,TRUE,648,3815098,0.000169851
2010,OHIO,OH,US SENATE,statewide,ROB PORTMAN,REPUBLICAN,FALSE,2168742,3815098,0.568462986
2010,OHIO,OH,US SENATE,statewide,MICHAEL L. PRYCE,INDEPENDENT,FALSE,50101,3815098,0.013132297
2010,OHIO,OH,US SENATE,statewide,DANIEL H. LABOTZ,SOCIALIST,FALSE,26454,3815098,0.006934029
2010,OHIO,OH,US SENATE,statewide,ERIC W. DEATON,CONSTITUTION,FALSE,65856,3815098,0.017261942
2010,OKLAHOMA,OK,US SENATE,statewide,STEPHEN P. WALLACE,INDEPENDENT,FALSE,25048,1017151,0.024625646
2010,OKLAHOMA,OK,US SENATE,statewide,THOMAS A. COBURN,REPUBLICAN,FALSE,718482,1017151,0.706367098
2010,OKLAHOMA,OK,US SENATE,statewide,JIM ROGERS,DEMOCRAT,FALSE,265814,1017151,0.261331897
2010,OKLAHOMA,OK,US SENATE,statewide,RONALD F. DWYER,INDEPENDENT,FALSE,7807,1017151,0.00767536
2010,OREGON,OR,US SENATE,statewide,BRUCE CRONK,WORKING FAMILIES,FALSE,18940,1442588,0.013129182
2010,OREGON,OR,US SENATE,statewide,JIM HUFFMAN,REPUBLICAN,FALSE,566199,1442588,0.392488361
2010,OREGON,OR,US SENATE,statewide,RON WYDEN,DEMOCRAT,FALSE,825507,1442588,0.572240307
2010,OREGON,OR,US SENATE,statewide,MARC DELPHINE,LIBERTARIAN,FALSE,16028,1442588,0.011110587
2010,OREGON,OR,US SENATE,statewide,OTHER,,FALSE,1448,1442588,0.001003752
2010,OREGON,OR,US SENATE,statewide,RICK STAGGENBORG,PROGRESSIVE,FALSE,14466,1442588,0.010027811
2010,PENNSYLVANIA,PA,US SENATE,statewide,PAT TOOMEY,REPUBLICAN,FALSE,2028945,3977661,0.510084947
2010,PENNSYLVANIA,PA,US SENATE,statewide,JOE SESTAK,DEMOCRAT,FALSE,1948716,3977661,0.489915053
2010,SOUTH CAROLINA,SC,US SENATE,statewide,,,TRUE,21953,1318794,0.016646269
2010,SOUTH CAROLINA,SC,US SENATE,statewide,TOM CLEMENTS,GREEN,FALSE,121472,1318794,0.092108396
2010,SOUTH CAROLINA,SC,US SENATE,statewide,ALVIN M. GREENE,DEMOCRAT,FALSE,364598,1318794,0.276463193
2010,SOUTH CAROLINA,SC,US SENATE,statewide,JIM DEMINT,REPUBLICAN,FALSE,810771,1318794,0.614782142
2010,SOUTH DAKOTA,SD,US SENATE,statewide,JOHN THUNE,REPUBLICAN,FALSE,227947,227947,1
2010,UTAH,UT,US SENATE,statewide,SCOTT N. BRADLEY,CONSTITUTION,FALSE,33095,585230,0.056550416
2010,UTAH,UT,US SENATE,statewide,MIKE LEE,REPUBLICAN,FALSE,360403,585230,0.615831383
2010,UTAH,UT,US SENATE,statewide,SAM F. GRANATO,DEMOCRAT,FALSE,191732,585230,0.327618201
2010,VERMONT,VT,US SENATE,statewide,STEPHEN J. CAIN,INDEPENDENT,FALSE,2356,235178,0.010017944
2010,VERMONT,VT,US SENATE,statewide,LEN BRITTON,REPUBLICAN,FALSE,72699,235178,0.309123302
2010,VERMONT,VT,US SENATE,statewide,DANIEL FREILICH,INDEPENDENT,FALSE,3544,235178,0.015069437
2010,VERMONT,VT,US SENATE,statewide,JOHENRY NUNES,INDEPENDENT,FALSE,1021,235178,0.004341392
2010,VERMONT,VT,US SENATE,statewide,PATRICK J. LEAHY,DEMOCRAT,FALSE,151281,235178,0.6432617
2010,VERMONT,VT,US SENATE,statewide,,,TRUE,113,235178,0.000480487
2010,VERMONT,VT,US SENATE,statewide,PETER DIAMONDSTONE,SOCIALIST,FALSE,1433,235178,0.006093257
2010,VERMONT,VT,US SENATE,statewide,CRIS ERICSON,UNITED STATES MARIJUANA,FALSE,2731,235178,0.011612481
2010,WASHINGTON,WA,US SENATE,statewide,PATTY MURRAY,DEMOCRAT,FALSE,1314930,2511094,0.523648258
2010,WASHINGTON,WA,US SENATE,statewide,DINO ROSSI,REPUBLICAN,FALSE,1196164,2511094,0.476351742
2010,WEST VIRGINIA,WV,US SENATE,statewide,JEFF BECKER,CONSTITUTION,FALSE,6425,529948,0.012123831
2010,WEST VIRGINIA,WV,US SENATE,statewide,JESSE JOHNSON,MOUNTAIN PARTY,FALSE,10152,529948,0.019156596
2010,WEST VIRGINIA,WV,US SENATE,statewide,JOE MANCHIN III,DEMOCRAT,FALSE,283358,529948,0.534690196
2010,WEST VIRGINIA,WV,US SENATE,statewide,JOHN R. RAESE,REPUBLICAN,FALSE,230013,529948,0.434029376
2010,WISCONSIN,WI,US SENATE,statewide,ROB TAYLOR,CONSTITUTION PARTY OF WISCONSIN,FALSE,23473,2171331,0.01081042
2010,WISCONSIN,WI,US SENATE,statewide,RUSSELL D. FEINGOLD,DEMOCRAT,FALSE,1020958,2171331,0.470199154
2010,WISCONSIN,WI,US SENATE,statewide,"ERNEST J. PAGELS, JR.",REPUBLICAN,FALSE,134,2171331,6.17133E-05
2010,WISCONSIN,WI,US SENATE,statewide,BLANK VOTE/SCATTERING,,FALSE,638,2171331,0.000293829
2010,WISCONSIN,WI,US SENATE,statewide,RON JOHNSON,REPUBLICAN,FALSE,1125999,2171331,0.518575473
2010,WISCONSIN,WI,US SENATE,statewide,MICHAEL D. LAFOREST,INDEPENDENT,FALSE,129,2171331,5.94106E-05
2012,ARIZONA,AZ,US SENATE,statewide,MARC VICTOR,LIBERTARIAN,FALSE,102109,2243422,0.045514843
2012,ARIZONA,AZ,US SENATE,statewide,JEFF FLAKE,REPUBLICAN,FALSE,1104457,2243422,0.492309071
2012,ARIZONA,AZ,US SENATE,statewide,,,TRUE,290,2243422,0.000129267
2012,ARIZONA,AZ,US SENATE,statewide,,,TRUE,24,2243422,1.06979E-05
2012,ARIZONA,AZ,US SENATE,statewide,RICHARD CARMONA,DEMOCRAT,FALSE,1036542,2243422,0.462036122
2012,CALIFORNIA,CA,US SENATE,statewide,DIANNE FEINSTEIN,DEMOCRAT,FALSE,7864624,12578511,0.625242845
2012,CALIFORNIA,CA,US SENATE,statewide,ELIZABETH EMKEN,REPUBLICAN,FALSE,4713887,12578511,0.374757155
2012,CONNECTICUT,CT,US SENATE,statewide,PAUL PASSARELLI,LIBERTARIAN,FALSE,25045,1511764,0.016566739
2012,CONNECTICUT,CT,US SENATE,statewide,,,TRUE,19,1511764,1.25681E-05
2012,CONNECTICUT,CT,US SENATE,statewide,,,TRUE,8,1511764,5.29183E-06
2012,CONNECTICUT,CT,US SENATE,statewide,,,TRUE,6414,1511764,0.004242726
2012,CONNECTICUT,CT,US SENATE,statewide,,,TRUE,40,1511764,2.64592E-05
2012,CONNECTICUT,CT,US SENATE,statewide,,,TRUE,388,1511764,0.000256654
2012,CONNECTICUT,CT,US SENATE,statewide,CHRISTOPHER S. MURPHY,DEMOCRAT,FALSE,792983,1511764,0.524541529
2012,CONNECTICUT,CT,US SENATE,statewide,CHRISTOPHER S. MURPHY,WORKING FAMILIES,FALSE,35778,1511764,0.023666392
2012,CONNECTICUT,CT,US SENATE,statewide,LINDA E. MCMAHON,INDEPENDENT,FALSE,46520,1511764,0.030771999
2012,CONNECTICUT,CT,US SENATE,statewide,LINDA E. MCMAHON,REPUBLICAN,FALSE,604569,1511764,0.399909642
2012,DELAWARE,DE,US SENATE,statewide,THOMAS R. CARPER,DEMOCRAT,FALSE,265415,399606,0.664191729
2012,DELAWARE,DE,US SENATE,statewide,ANDREW RICHARD GROFF,GREEN,FALSE,3191,399606,0.007985366
2012,DELAWARE,DE,US SENATE,statewide,ALEXANDER PIRES,INDEPENDENT,FALSE,15300,399606,0.038287713
2012,DELAWARE,DE,US SENATE,statewide,KEVIN WADE,REPUBLICAN,FALSE,115700,399606,0.289535192
2012,FLORIDA,FL,US SENATE,statewide,BILL NELSON,DEMOCRAT,FALSE,4523451,8189946,0.552317561
2012,FLORIDA,FL,US SENATE,statewide,NAOMI CRAINE,,TRUE,19,8189946,2.31992E-06
2012,FLORIDA,FL,US SENATE,statewide,,,TRUE,12,8189946,1.46521E-06
2012,FLORIDA,FL,US SENATE,statewide,BILL GAYLOR,NONE,FALSE,126079,8189946,0.015394363
2012,FLORIDA,FL,US SENATE,statewide,CHRIS BORGIA,NONE,FALSE,82089,8189946,0.010023143
2012,FLORIDA,FL,US SENATE,statewide,,,TRUE,2,8189946,2.44202E-07
2012,FLORIDA,FL,US SENATE,statewide,,,TRUE,9,8189946,1.09891E-06
2012,FLORIDA,FL,US SENATE,statewide,CONNIE MACK,REPUBLICAN,FALSE,3458267,8189946,0.422257607
2012,FLORIDA,FL,US SENATE,statewide,,,TRUE,18,8189946,2.19782E-06
2012,HAWAII,HI,US SENATE,statewide,OVER VOTE,,FALSE,77,437159,0.000176137
2012,HAWAII,HI,US SENATE,statewide,LINDA LINGLE,REPUBLICAN,FALSE,160994,437159,0.368273328
2012,HAWAII,HI,US SENATE,statewide,BLANK VOTE,,FALSE,6599,437159,0.015095194
2012,HAWAII,HI,US SENATE,statewide,MAZIE K. HIRONO,DEMOCRAT,FALSE,269489,437159,0.61645534
2012,INDIANA,IN,US SENATE,statewide,RICHARD E. MOURDOCK,REPUBLICAN,FALSE,1133621,2560102,0.44280306
2012,INDIANA,IN,US SENATE,statewide,JOE DONNELLY,DEMOCRAT,FALSE,1281181,2560102,0.500441389
2012,INDIANA,IN,US SENATE,statewide,ANDREW ??ANDY?? HORNING,LIBERTARIAN,FALSE,145282,2560102,0.05674852
2012,INDIANA,IN,US SENATE,statewide,,,TRUE,15,2560102,5.85914E-06
2012,INDIANA,IN,US SENATE,statewide,,,TRUE,3,2560102,1.17183E-06
2012,MAINE,ME,US SENATE,statewide,DANNY FRANCIS DALTON,,FALSE,5807,724720,0.00801275
2012,MAINE,ME,US SENATE,statewide,STEPHEN M. WOODS,,FALSE,10289,724720,0.014197207
2012,MAINE,ME,US SENATE,statewide,ANGUS KING,INDEPENDENT FOR MAINE,FALSE,370580,724720,0.511342312
2012,MAINE,ME,US SENATE,statewide,BLANK VOTE,,FALSE,24121,724720,0.033283199
2012,MAINE,ME,US SENATE,statewide,CYNTHIA ANN DILL,DEMOCRAT,FALSE,92900,724720,0.128187438
2012,MAINE,ME,US SENATE,statewide,"CHARLES E. SUMMERS, JR.",REPUBLICAN,FALSE,215399,724720,0.297216856
2012,MAINE,ME,US SENATE,statewide,ANDREW IAN DODGE,INDEPENDENT FOR LIBERTY,FALSE,5624,724720,0.007760238
2012,MARYLAND,MD,US SENATE,statewide,BENJAMIN L. CARDIN,DEMOCRAT,FALSE,1474028,2633234,0.559778584
2012,MARYLAND,MD,US SENATE,statewide,,,TRUE,151,2633234,5.73439E-05
2012,MARYLAND,MD,US SENATE,statewide,,,TRUE,2346,2633234,0.00089092
2012,MARYLAND,MD,US SENATE,statewide,DANIEL JOHN BONGINO,REPUBLICAN,FALSE,693291,2633234,0.263284995
2012,MARYLAND,MD,US SENATE,statewide,S. ROB SOBHANI,NONE,FALSE,430934,2633234,0.163651996
2012,MARYLAND,MD,US SENATE,statewide,,,TRUE,163,2633234,6.19011E-05
2012,MARYLAND,MD,US SENATE,statewide,,,TRUE,48,2633234,1.82285E-05
2012,MARYLAND,MD,US SENATE,statewide,,,TRUE,21,2633234,7.97498E-06
2012,MARYLAND,MD,US SENATE,statewide,DEAN AHMAD,LIBERTARIAN,FALSE,32252,2633234,0.012248057
2012,MASSACHUSETTS,MA,US SENATE,statewide,BLANK VOTE/SCATTERING,,FALSE,27643,3184196,0.008681312
2012,MASSACHUSETTS,MA,US SENATE,statewide,SCOTT P. BROWN,REPUBLICAN,FALSE,1458048,3184196,0.457901461
2012,MASSACHUSETTS,MA,US SENATE,statewide,ELIZABETH A. WARREN,DEMOCRAT,FALSE,1696346,3184196,0.532739191
2012,MASSACHUSETTS,MA,US SENATE,statewide,OTHER,,FALSE,2159,3184196,0.000678036
2012,MICHIGAN,MI,US SENATE,statewide,,,TRUE,10,4652918,2.14919E-06
2012,MICHIGAN,MI,US SENATE,statewide,DEBBIE STABENOW,DEMOCRAT,FALSE,2735826,4652918,0.587980704
2012,MICHIGAN,MI,US SENATE,statewide,,,TRUE,7,4652918,1.50443E-06
2012,MICHIGAN,MI,US SENATE,statewide,HARLEY MIKKELSON,GREEN,FALSE,27890,4652918,0.005994088
2012,MICHIGAN,MI,US SENATE,statewide,RICHARD A. MATKIN,U.S. TAXPAYERS,FALSE,26038,4652918,0.005596058
2012,MICHIGAN,MI,US SENATE,statewide,JOHN D. LITLE,NATURAL LAW,FALSE,11229,4652918,0.002413324
2012,MICHIGAN,MI,US SENATE,statewide,PETE HOEKSTRA,REPUBLICAN,FALSE,1767386,4652918,0.379844648
2012,MICHIGAN,MI,US SENATE,statewide,,,TRUE,48,4652918,1.03161E-05
2012,MICHIGAN,MI,US SENATE,statewide,,,TRUE,4,4652918,8.59676E-07
2012,MICHIGAN,MI,US SENATE,statewide,SCOTTY BOMAN,LIBERTARIAN,FALSE,84480,4652918,0.018156348
2012,MINNESOTA,MN,US SENATE,statewide,,,TRUE,2582,2843207,0.000908129
2012,MINNESOTA,MN,US SENATE,statewide,TIM DAVIS,GRASSROOTS PARTY,FALSE,30531,2843207,0.010738226
2012,MINNESOTA,MN,US SENATE,statewide,MICHAEL CAVLAN,MINNESOTA OPEN PROGRESSIVES,FALSE,13986,2843207,0.004919093
2012,MINNESOTA,MN,US SENATE,statewide,KURT BILLS,REPUBLICAN,FALSE,867974,2843207,0.305279918
2012,MINNESOTA,MN,US SENATE,statewide,AMY KLOBUCHAR,DEMOCRAT,FALSE,1854595,2843207,0.652289826
2012,MINNESOTA,MN,US SENATE,statewide,STEPHEN WILLIAMS,INDEPENDENCE,FALSE,73539,2843207,0.025864807
2012,MISSISSIPPI,MS,US SENATE,statewide,"ALBERT N. GORE, JR.",DEMOCRAT,FALSE,503467,1241568,0.405509002
2012,MISSISSIPPI,MS,US SENATE,statewide,SHAWN O'HARA,REFORM,FALSE,13194,1241568,0.010626885
2012,MISSISSIPPI,MS,US SENATE,statewide,ROGER F. WICKER,REPUBLICAN,FALSE,709626,1241568,0.57155629
2012,MISSISSIPPI,MS,US SENATE,statewide,THOMAS CRAMER,CONSTITUTION,FALSE,15281,1241568,0.012307824
2012,MISSOURI,MO,US SENATE,statewide,,,TRUE,4,2725793,1.46746E-06
2012,MISSOURI,MO,US SENATE,statewide,,,TRUE,5,2725793,1.83433E-06
2012,MISSOURI,MO,US SENATE,statewide,,,TRUE,6,2725793,2.20119E-06
2012,MISSOURI,MO,US SENATE,statewide,W. TODD AKIN,REPUBLICAN,FALSE,1066159,2725793,0.391137185
2012,MISSOURI,MO,US SENATE,statewide,CLAIRE MCCASKILL,DEMOCRAT,FALSE,1494125,2725793,0.548143238
2012,MISSOURI,MO,US SENATE,statewide,,,TRUE,2,2725793,7.33731E-07
2012,MISSOURI,MO,US SENATE,statewide,,,TRUE,9,2725793,3.30179E-06
2012,MISSOURI,MO,US SENATE,statewide,,,TRUE,15,2725793,5.50299E-06
2012,MISSOURI,MO,US SENATE,statewide,JONATHAN DINE,LIBERTARIAN,FALSE,165468,2725793,0.060704536
2012,MONTANA,MT,US SENATE,statewide,DAN COX,LIBERTARIAN,FALSE,31892,486066,0.065612489
2012,MONTANA,MT,US SENATE,statewide,JON TESTER,DEMOCRAT,FALSE,236123,486066,0.485783824
2012,MONTANA,MT,US SENATE,statewide,DENNY REHBERG,REPUBLICAN,FALSE,218051,486066,0.448603688
2012,NEBRASKA,NE,US SENATE,statewide,BOB KERREY,DEMOCRAT,FALSE,332979,788572,0.422255672
2012,NEBRASKA,NE,US SENATE,statewide,DEB FISCHER,REPUBLICAN,FALSE,455593,788572,0.577744328
2012,NEVADA,NV,US SENATE,statewide,DAVID LORY VANDERBEEK,INDEPENDENT AMERICAN,FALSE,48792,997805,0.048899334
2012,NEVADA,NV,US SENATE,statewide,DEAN HELLER,REPUBLICAN,FALSE,457656,997805,0.458662765
2012,NEVADA,NV,US SENATE,statewide,SHELLEY BERKLEY,DEMOCRAT,FALSE,446080,997805,0.4470613
2012,NEVADA,NV,US SENATE,statewide,OTHER,,FALSE,45277,997805,0.045376602
2012,NEW JERSEY,NJ,US SENATE,statewide,KEN WOLSKI,GREEN,FALSE,15801,3376649,0.004679491
2012,NEW JERSEY,NJ,US SENATE,statewide,ROBERT ??TURK?? TURKAVAGE,RESPONSIBILITY FAIRNESS INTEGRITY,FALSE,3532,3376649,0.001046007
2012,NEW JERSEY,NJ,US SENATE,statewide,GREGORY PASON,SOCIALIST PARTY USA,FALSE,2249,3376649,0.000666045
2012,NEW JERSEY,NJ,US SENATE,statewide,ROBERT MENENDEZ,DEMOCRAT,FALSE,1987680,3376649,0.58865461
2012,NEW JERSEY,NJ,US SENATE,statewide,JOE KYRILLOS,REPUBLICAN,FALSE,1329534,3376649,0.39374362
2012,NEW JERSEY,NJ,US SENATE,statewide,INDER ??ANDY?? SONI,AMERICA FIRST,FALSE,3593,3376649,0.001064073
2012,NEW JERSEY,NJ,US SENATE,statewide,GWEN DIAKOS,JERSEY STRONG INDEPENDENTS,FALSE,9359,3376649,0.002771683
2012,NEW JERSEY,NJ,US SENATE,statewide,KENNETH R. KAPLAN,LIBERTARIAN,FALSE,16803,3376649,0.004976235
2012,NEW JERSEY,NJ,US SENATE,statewide,J. DAVID DRANIKOFF,TOTALLY INDEPENDENT CANDIDATE,FALSE,3834,3376649,0.001135445
2012,NEW JERSEY,NJ,US SENATE,statewide,EUGENE MARTIN LAVERGNE,NO SLOGAN,FALSE,2198,3376649,0.000650941
2012,NEW JERSEY,NJ,US SENATE,statewide,DARYL MIKELL BROOKS,REFORM NATION,FALSE,2066,3376649,0.000611849
2012,NEW MEXICO,NM,US SENATE,statewide,MARTIN HEINRICH,DEMOCRAT,FALSE,395717,775793,0.510080653
2012,NEW MEXICO,NM,US SENATE,statewide,JON R. BARRIE,INDEPENDENT AMERICAN,FALSE,28199,775793,0.036348614
2012,NEW MEXICO,NM,US SENATE,statewide,HEATHER A. WILSON,REPUBLICAN,FALSE,351260,775793,0.452775418
2012,NEW MEXICO,NM,US SENATE,statewide,,,TRUE,617,775793,0.000795315
2012,NEW YORK,NY,US SENATE,statewide,WENDY LONG,REPUBLICAN,FALSE,1514647,7116628,0.212832117
2012,NEW YORK,NY,US SENATE,statewide,CHRIS EDES,LIBERTARIAN,FALSE,31894,7116628,0.004481617
2012,NEW YORK,NY,US SENATE,statewide,KIRSTEN E. GILLIBRAND,WORKING FAMILIES,FALSE,250580,7116628,0.035210496
2012,NEW YORK,NY,US SENATE,statewide,COLIA CLARK,GREEN,FALSE,42442,7116628,0.005963779
2012,NEW YORK,NY,US SENATE,statewide,JOHN MANGELLI,COMMON SENSE,FALSE,21985,7116628,0.003089244
2012,NEW YORK,NY,US SENATE,statewide,WENDY LONG,CONSERVATIVE,FALSE,240819,7116628,0.033838919
2012,NEW YORK,NY,US SENATE,statewide,KIRSTEN E. GILLIBRAND,INDEPENDENCE,FALSE,138255,7116628,0.019427038
2012,NEW YORK,NY,US SENATE,statewide,BLANK VOTE/VOID VOTE/SCATTERING,,FALSE,455963,7116628,0.06407009
2012,NEW YORK,NY,US SENATE,statewide,KIRSTEN E. GILLIBRAND,DEMOCRAT,FALSE,4420043,7116628,0.6210867
2012,NORTH DAKOTA,ND,US SENATE,statewide,RICK BERG,REPUBLICAN,FALSE,158401,321144,0.493239793
2012,NORTH DAKOTA,ND,US SENATE,statewide,,,TRUE,1406,321144,0.004378098
2012,NORTH DAKOTA,ND,US SENATE,statewide,HEIDI HEITKAMP,DEMOCRAT,FALSE,161337,321144,0.502382109
2012,OHIO,OH,US SENATE,statewide,JOSH MANDEL,REPUBLICAN,FALSE,2435712,5449018,0.447000175
2012,OHIO,OH,US SENATE,statewide,SCOTT A. RUPERT,INDEPENDENT,FALSE,250616,5449018,0.045992874
2012,OHIO,OH,US SENATE,statewide,SHERROD BROWN,DEMOCRAT,FALSE,2762690,5449018,0.507006951
2012,PENNSYLVANIA,PA,US SENATE,statewide,RAYBURN DOUGLAS SMITH,LIBERTARIAN,FALSE,96926,5627422,0.017223873
2012,PENNSYLVANIA,PA,US SENATE,statewide,TOM SMITH,REPUBLICAN,FALSE,2509132,5627422,0.445875927
2012,PENNSYLVANIA,PA,US SENATE,statewide,"ROBERT P. CASEY, JR.",DEMOCRAT,FALSE,3021364,5627422,0.5369002
2012,RHODE ISLAND,RI,US SENATE,statewide,,,TRUE,933,418189,0.002231049
2012,RHODE ISLAND,RI,US SENATE,statewide,SHELDON WHITEHOUSE,DEMOCRAT,FALSE,271034,418189,0.648113652
2012,RHODE ISLAND,RI,US SENATE,statewide,BENJAMIN BARRETT HINCKLEY III,REPUBLICAN,FALSE,146222,418189,0.349655299
2012,TENNESSEE,TN,US SENATE,statewide,DAVID GATCHELL,INDEPENDENT,FALSE,6523,2321477,0.002809849
2012,TENNESSEE,TN,US SENATE,statewide,,,TRUE,409,2321477,0.000176181
2012,TENNESSEE,TN,US SENATE,statewide,,,TRUE,18,2321477,7.75368E-06
2012,TENNESSEE,TN,US SENATE,statewide,,,TRUE,2,2321477,8.6152E-07
2012,TENNESSEE,TN,US SENATE,statewide,SHAUN E. CROWELL,INDEPENDENT,FALSE,20936,2321477,0.009018396
2012,TENNESSEE,TN,US SENATE,statewide,,,TRUE,117,2321477,5.03989E-05
2012,TENNESSEE,TN,US SENATE,statewide,BOB CORKER,REPUBLICAN,FALSE,1506443,2321477,0.648915755
2012,TENNESSEE,TN,US SENATE,statewide,MICHEL JOSEPH LONG,INDEPENDENT,FALSE,8080,2321477,0.003480543
2012,TENNESSEE,TN,US SENATE,statewide,TROY STEPHEN SCOGGIN,INDEPENDENT,FALSE,7148,2321477,0.003079074
2012,TENNESSEE,TN,US SENATE,statewide,,,TRUE,5,2321477,2.1538E-06
2012,TENNESSEE,TN,US SENATE,statewide,MARK E. CLAYTON,DEMOCRAT,FALSE,705882,2321477,0.304065903
2012,TENNESSEE,TN,US SENATE,statewide,,,TRUE,12,2321477,5.16912E-06
2012,TENNESSEE,TN,US SENATE,statewide,KERMIT STECK,CONSTITUTION,FALSE,18620,2321477,0.008020756
2012,TENNESSEE,TN,US SENATE,statewide,JAMES HIGDON,INDEPENDENT,FALSE,8085,2321477,0.003482697
2012,TENNESSEE,TN,US SENATE,statewide,MARTIN PLEASANT,GREEN,FALSE,38472,2321477,0.016572208
2012,TENNESSEE,TN,US SENATE,statewide,,,TRUE,14,2321477,6.03064E-06
2012,TENNESSEE,TN,US SENATE,statewide,,,TRUE,470,2321477,0.000202457
2012,TENNESSEE,TN,US SENATE,statewide,,,TRUE,23,2321477,9.90749E-06
2012,TENNESSEE,TN,US SENATE,statewide,,,TRUE,218,2321477,9.39057E-05
2012,TEXAS,TX,US SENATE,statewide,JOHN JAY MYERS,LIBERTARIAN,FALSE,162354,7864822,0.020643061
2012,TEXAS,TX,US SENATE,statewide,TED CRUZ,REPUBLICAN,FALSE,4440137,7864822,0.564556579
2012,TEXAS,TX,US SENATE,statewide,PAUL SADLER,DEMOCRAT,FALSE,3194927,7864822,0.406230046
2012,TEXAS,TX,US SENATE,statewide,DAVID B. COLLINS,GREEN,FALSE,67404,7864822,0.008570315
2012,UTAH,UT,US SENATE,statewide,,,TRUE,1,1006901,9.93146E-07
2012,UTAH,UT,US SENATE,statewide,BILL BARRON,NONE,FALSE,7172,1006901,0.007122845
2012,UTAH,UT,US SENATE,statewide,ORRIN G. HATCH,REPUBLICAN,FALSE,657608,1006901,0.65310095
2012,UTAH,UT,US SENATE,statewide,SHAUN LYNN MCCAUSLAND,CONSTITUTION,FALSE,31905,1006901,0.031686333
2012,UTAH,UT,US SENATE,statewide,SCOTT HOWELL,DEMOCRAT,FALSE,301873,1006901,0.299804052
2012,UTAH,UT,US SENATE,statewide,DANIEL GEERY,JUSTICE,FALSE,8342,1006901,0.008284826
2012,VERMONT,VT,US SENATE,statewide,PETE DIAMONDSTONE,LIBERTY UNION,FALSE,2511,292762,0.008576933
2012,VERMONT,VT,US SENATE,statewide,LAUREL LAFRAMBOISE,VOTEKISS,FALSE,877,292762,0.002995607
2012,VERMONT,VT,US SENATE,statewide,,,TRUE,252,292762,0.000860767
2012,VERMONT,VT,US SENATE,statewide,CHRIS ERICSON,UNITED STATES MARIJUANA,FALSE,5924,292762,0.020234867
2012,VERMONT,VT,US SENATE,statewide,JOHN MACGOVERN,REPUBLICAN,FALSE,72898,292762,0.249000895
2012,VERMONT,VT,US SENATE,statewide,PETER MOSS,PEACE AND PROSPERITY,FALSE,2452,292762,0.008375404
2012,VERMONT,VT,US SENATE,statewide,BERNARD SANDERS,INDEPENDENT,FALSE,207848,292762,0.709955527
2012,VIRGINIA,VA,US SENATE,statewide,GEORGE F. ALLEN,REPUBLICAN,FALSE,1785542,3802196,0.46960809
2012,VIRGINIA,VA,US SENATE,statewide,,,TRUE,6587,3802196,0.00173242
2012,VIRGINIA,VA,US SENATE,statewide,TIMOTHY M. KAINE,DEMOCRAT,FALSE,2010067,3802196,0.52865949
2012,WASHINGTON,WA,US SENATE,statewide,MARIA CANTWELL,DEMOCRAT,FALSE,1855493,3069417,0.604509912
2012,WASHINGTON,WA,US SENATE,statewide,MICHAEL BAUMGARTNER,REPUBLICAN,FALSE,1213924,3069417,0.395490088
2012,WEST VIRGINIA,WV,US SENATE,statewide,JOE MANCHIN III,DEMOCRAT,FALSE,399898,660202,0.605720673
2012,WEST VIRGINIA,WV,US SENATE,statewide,BOB HENRY BABER,MOUNTAIN PARTY,FALSE,19517,660202,0.029562164
2012,WEST VIRGINIA,WV,US SENATE,statewide,JOHN R. RAESE,REPUBLICAN,FALSE,240787,660202,0.364717162
2012,WISCONSIN,WI,US SENATE,statewide,,,TRUE,43,3009411,1.42885E-05
2012,WISCONSIN,WI,US SENATE,statewide,SCATTER,,FALSE,3373,3009411,0.001120817
2012,WISCONSIN,WI,US SENATE,statewide,,,TRUE,70,3009411,2.32604E-05
2012,WISCONSIN,WI,US SENATE,statewide,TAMMY BALDWIN,DEMOCRAT,FALSE,1547104,3009411,0.514088637
2012,WISCONSIN,WI,US SENATE,statewide,TOMMY G. THOMPSON,REPUBLICAN,FALSE,1380126,3009411,0.458603361
2012,WISCONSIN,WI,US SENATE,statewide,JOSEPH KEXEL,LIBERTARIAN,FALSE,62240,3009411,0.020681788
2012,WISCONSIN,WI,US SENATE,statewide,NIMROD Y. U. ALLEN III,I.D.E.A.,FALSE,16455,3009411,0.005467847
2012,WYOMING,WY,US SENATE,statewide,,,TRUE,417,250700,0.001663343
2012,WYOMING,WY,US SENATE,statewide,JOEL OTTO,COUNTRY PARTY,FALSE,6176,250700,0.024635022
2012,WYOMING,WY,US SENATE,statewide,JOHN BARRASSO,REPUBLICAN,FALSE,185250,250700,0.738930993
2012,WYOMING,WY,US SENATE,statewide,TIM CHESNUT,DEMOCRAT,FALSE,53019,250700,0.211483845
2012,WYOMING,WY,US SENATE,statewide,OVER VOTE,,FALSE,91,250700,0.000362984
2012,WYOMING,WY,US SENATE,statewide,BLANK VOTE,,FALSE,5747,250700,0.022923813
2014,ALABAMA,AL,US SENATE,statewide,,,TRUE,22484,818090,0.027483529
2014,ALABAMA,AL,US SENATE,statewide,JEFF SESSIONS,REPUBLICAN,FALSE,795606,818090,0.972516471
2014,ALASKA,AK,US SENATE,statewide,,,TRUE,1376,282400,0.004872521
2014,ALASKA,AK,US SENATE,statewide,MARK BEGICH,DEMOCRAT,FALSE,129431,282400,0.458325071
2014,ALASKA,AK,US SENATE,statewide,MARK S. FISH,LIBERTARIAN,FALSE,10512,282400,0.037223796
2014,ALASKA,AK,US SENATE,statewide,TED GIANOUTSOS,NONAFFILIATED,FALSE,5636,282400,0.019957507
2014,ALASKA,AK,US SENATE,statewide,DAN SULLIVAN,REPUBLICAN,FALSE,135445,282400,0.479621105
2014,ARKANSAS,AR,US SENATE,statewide,TOM COTTON,REPUBLICAN,FALSE,478819,847505,0.564974838
2014,ARKANSAS,AR,US SENATE,statewide,MARK L. PRYOR,DEMOCRAT,FALSE,334174,847505,0.394303278
2014,ARKANSAS,AR,US SENATE,statewide,MARK H. SWANEY,GREEN,FALSE,16797,847505,0.019819352
2014,ARKANSAS,AR,US SENATE,statewide,NATHAN LAFRANCE,LIBERTARIAN,FALSE,17210,847505,0.020306665
2014,ARKANSAS,AR,US SENATE,statewide,,,TRUE,505,847505,0.000595867
2014,COLORADO,CO,US SENATE,statewide,RA_L ACOSTA,UNAFFILIATED,FALSE,24151,2041058,0.011832589
2014,COLORADO,CO,US SENATE,statewide,,,TRUE,21,2041058,1.02888E-05
2014,COLORADO,CO,US SENATE,statewide,CORY GARDNER,REPUBLICAN,FALSE,983891,2041058,0.482049506
2014,COLORADO,CO,US SENATE,statewide,GAYLON KENT,LIBERTARIAN,FALSE,52876,2041058,0.025906172
2014,COLORADO,CO,US SENATE,statewide,,,TRUE,17,2041058,8.32901E-06
2014,COLORADO,CO,US SENATE,statewide,BILL HAMMONS,UNITY PARTY OF COLORADO,FALSE,6427,2041058,0.003148857
2014,COLORADO,CO,US SENATE,statewide,STEVE SHOGAN,UNAFFILIATED,FALSE,29472,2041058,0.01443957
2014,COLORADO,CO,US SENATE,statewide,MARK UDALL,DEMOCRAT,FALSE,944203,2041058,0.462604688
2014,DELAWARE,DE,US SENATE,statewide,KEVIN WADE,REPUBLICAN,FALSE,98823,234038,0.422251942
2014,DELAWARE,DE,US SENATE,statewide,CHRISTOPHER A. COONS,DEMOCRAT,FALSE,130655,234038,0.558264043
2014,DELAWARE,DE,US SENATE,statewide,ANDREW GROFF,GREEN,FALSE,4560,234038,0.019484015
2014,GEORGIA,GA,US SENATE,statewide,DAVID A. PERDUE,REPUBLICAN,FALSE,1358088,2567805,0.528890628
2014,GEORGIA,GA,US SENATE,statewide,,,TRUE,14,2567805,5.45213E-06
2014,GEORGIA,GA,US SENATE,statewide,M. MICHELLE NUNN,DEMOCRAT,FALSE,1160811,2567805,0.452063533
2014,GEORGIA,GA,US SENATE,statewide,,,TRUE,9,2567805,3.50494E-06
2014,GEORGIA,GA,US SENATE,statewide,AMANDA C. SWAFFORD,LIBERTARIAN,FALSE,48862,2567805,0.019028704
2014,GEORGIA,GA,US SENATE,statewide,,,TRUE,21,2567805,8.17819E-06
2014,HAWAII,HI,US SENATE,statewide,BLANK VOTE,,FALSE,15777,369703,0.042674796
2014,HAWAII,HI,US SENATE,statewide,CAM CAVASSO,REPUBLICAN,FALSE,98006,369703,0.265093873
2014,HAWAII,HI,US SENATE,statewide,MICHAEL KOKOSKI,LIBERTARIAN,FALSE,8941,369703,0.024184278
2014,HAWAII,HI,US SENATE,statewide,BRIAN SCHATZ,DEMOCRAT,FALSE,246827,369703,0.667635913
2014,HAWAII,HI,US SENATE,statewide,OVER VOTE,,FALSE,152,369703,0.000411141
2014,IDAHO,ID,US SENATE,statewide,NELS MITCHELL,DEMOCRAT,FALSE,151574,437170,0.34671638
2014,IDAHO,ID,US SENATE,statewide,JAMES E. RISCH,REPUBLICAN,FALSE,285596,437170,0.65328362
2014,ILLINOIS,IL,US SENATE,statewide,RICHARD J. DURBIN,DEMOCRAT,FALSE,1929637,3603519,0.535486839
2014,ILLINOIS,IL,US SENATE,statewide,SHARON HANSEN,LIBERTARIAN,FALSE,135316,3603519,0.037551072
2014,ILLINOIS,IL,US SENATE,statewide,"JAMES D. ""JIM"" OBERWEIS",REPUBLICAN,FALSE,1538522,3603519,0.426949879
2014,ILLINOIS,IL,US SENATE,statewide,,,TRUE,12,3603519,3.33008E-06
2014,ILLINOIS,IL,US SENATE,statewide,,,TRUE,1,3603519,2.77507E-07
2014,ILLINOIS,IL,US SENATE,statewide,,,TRUE,31,3603519,8.6027E-06
2014,IOWA,IA,US SENATE,statewide,DOUGLAS BUTZIER,LIBERTARIAN,FALSE,8232,1129700,0.00728689
2014,IOWA,IA,US SENATE,statewide,RICK STEWART,INDEPENDENT,FALSE,26815,1129700,0.02373639
2014,IOWA,IA,US SENATE,statewide,,,TRUE,1111,1129700,0.000983447
2014,IOWA,IA,US SENATE,statewide,BOB QUAST,BOB QUAST FOR TERM LIMITS,FALSE,5873,1129700,0.005198725
2014,IOWA,IA,US SENATE,statewide,RUTH SMITH,NOMINATED BY PETITION,FALSE,4724,1129700,0.004181641
2014,IOWA,IA,US SENATE,statewide,JONI ERNST,REPUBLICAN,FALSE,588575,1129700,0.521001151
2014,IOWA,IA,US SENATE,statewide,BRUCE BRALEY,DEMOCRAT,FALSE,494370,1129700,0.437611755
2014,KANSAS,KS,US SENATE,statewide,GREG ORMAN,INDEPENDENT,FALSE,368372,866191,0.425278028
2014,KANSAS,KS,US SENATE,statewide,PAT ROBERTS,REPUBLICAN,FALSE,460350,866191,0.531464769
2014,KANSAS,KS,US SENATE,statewide,RANDALL BATSON,LIBERTARIAN,FALSE,37469,866191,0.043257203
2014,KENTUCKY,KY,US SENATE,statewide,,,TRUE,17,1435868,1.18395E-05
2014,KENTUCKY,KY,US SENATE,statewide,DAVID M. PATTERSON,LIBERTARIAN,FALSE,44240,1435868,0.030810632
2014,KENTUCKY,KY,US SENATE,statewide,,,TRUE,53,1435868,3.69115E-05
2014,KENTUCKY,KY,US SENATE,statewide,ALISON LUNDERGAN GRIMES,DEMOCRAT,FALSE,584698,1435868,0.407208741
2014,KENTUCKY,KY,US SENATE,statewide,MICH MCCONNELL,REPUBLICAN,FALSE,806787,1435868,0.561881036
2014,KENTUCKY,KY,US SENATE,statewide,,,TRUE,9,1435868,6.26799E-06
2014,KENTUCKY,KY,US SENATE,statewide,GREGORY D. WELCH,,TRUE,64,1435868,4.45723E-05
2014,LOUISIANA,LA,US SENATE,statewide,BRANNON LEE MCMORRIS,LIBERTARIAN,FALSE,13034,3523183,0.003699496
2014,LOUISIANA,LA,US SENATE,statewide,WAYNE ABLES,DEMOCRAT,FALSE,11323,3523183,0.003213855
2014,LOUISIANA,LA,US SENATE,statewide,VALLIAN SENEGAL,DEMOCRAT,FALSE,3835,3523183,0.001088504
2014,LOUISIANA,LA,US SENATE,statewide,WILLIAM P. WAYMIRE JR.,DEMOCRAT,FALSE,4673,3523183,0.001326357
2014,LOUISIANA,LA,US SENATE,statewide,BILL CASSIDY,REPUBLICAN,FALSE,1712379,3523183,0.486031807
2014,LOUISIANA,LA,US SENATE,statewide,MARY L. LANDRIEU,DEMOCRAT,FALSE,1561210,3523183,0.443124867
2014,LOUISIANA,LA,US SENATE,statewide,THOMAS CLEMENTS,REPUBLICAN,FALSE,14173,3523183,0.004022783
2014,LOUISIANA,LA,US SENATE,statewide,"""ROB"" MANESS",REPUBLICAN,FALSE,202556,3523183,0.05749233
2014,MAINE,ME,US SENATE,statewide,OTHER,,FALSE,269,616996,0.000435983
2014,MAINE,ME,US SENATE,statewide,BLANK VOTE,,FALSE,12968,616996,0.021017964
2014,MAINE,ME,US SENATE,statewide,SUSAN M. COLLINS,REPUBLICAN,FALSE,413505,616996,0.670190731
2014,MAINE,ME,US SENATE,statewide,SHENNA BELLOWS,DEMOCRAT,FALSE,190254,616996,0.308355322
2014,MASSACHUSETTS,MA,US SENATE,statewide,BRIAN J. HERR,REPUBLICAN,FALSE,791950,2186789,0.362151995
2014,MASSACHUSETTS,MA,US SENATE,statewide,BLANK VOTE,,FALSE,101817,2186789,0.046560048
2014,MASSACHUSETTS,MA,US SENATE,statewide,OTHER,,FALSE,3072,2186789,0.001404799
2014,MASSACHUSETTS,MA,US SENATE,statewide,,,TRUE,6,2186789,2.74375E-06
2014,MASSACHUSETTS,MA,US SENATE,statewide,EDWARD J. MARKEY,DEMOCRAT,FALSE,1289944,2186789,0.589880414
2014,MICHIGAN,MI,US SENATE,statewide,,,TRUE,67,3121771,2.14622E-05
2014,MICHIGAN,MI,US SENATE,statewide,RICHARD A. MATKIN,U.S. TAXPAYERS,FALSE,37529,3121771,0.012021702
2014,MICHIGAN,MI,US SENATE,statewide,TERRI LYNN LAND,REPUBLICAN,FALSE,1290199,3121771,0.413290725
2014,MICHIGAN,MI,US SENATE,statewide,JIM FULNER,LIBERTARIAN,FALSE,62897,3121771,0.020147858
2014,MICHIGAN,MI,US SENATE,statewide,GARY C. PETERS,DEMOCRAT,FALSE,1704936,3121771,0.54614384
2014,MICHIGAN,MI,US SENATE,statewide,CHRIS WAHMHOFF,GREEN,FALSE,26137,3121771,0.008372491
2014,MICHIGAN,MI,US SENATE,statewide,,,TRUE,6,3121771,1.92199E-06
2014,MINNESOTA,MN,US SENATE,statewide,HEATHER JOHNSON,LIBERTARIAN,FALSE,29685,1981528,0.014980863
2014,MINNESOTA,MN,US SENATE,statewide,STEVE CARLSON,INDEPENDENCE,FALSE,47530,1981528,0.02398654
2014,MINNESOTA,MN,US SENATE,statewide,MIKE MCFADDEN,REPUBLICAN,FALSE,850227,1981528,0.42907645
2014,MINNESOTA,MN,US SENATE,statewide,,,TRUE,881,1981528,0.000444606
2014,MINNESOTA,MN,US SENATE,statewide,AL FRANKEN,DEMOCRAT,FALSE,1053205,1981528,0.531511541
2014,MISSISSIPPI,MS,US SENATE,statewide,TRAVIS W. CHILDERS,DEMOCRAT,FALSE,239439,631858,0.37894432
2014,MISSISSIPPI,MS,US SENATE,statewide,SHAWN O'HARA,REFORM,FALSE,13938,631858,0.022058754
2014,MISSISSIPPI,MS,US SENATE,statewide,THAD COCHRAN,REPUBLICAN,FALSE,378481,631858,0.598996927
2014,MONTANA,MT,US SENATE,statewide,STEVE DAINES,REPUBLICAN,FALSE,213709,369826,0.577863644
2014,MONTANA,MT,US SENATE,statewide,ROGER ROOTS,LIBERTARIAN,FALSE,7933,369826,0.021450628
2014,MONTANA,MT,US SENATE,statewide,AMANDA CURTIS,DEMOCRAT,FALSE,148184,369826,0.400685728
2014,NEBRASKA,NE,US SENATE,statewide,DAVE DOMINA,DEMOCRAT,FALSE,170127,540337,0.314853508
2014,NEBRASKA,NE,US SENATE,statewide,TODD F. WATSON,BY PETITION,FALSE,6260,540337,0.011585362
2014,NEBRASKA,NE,US SENATE,statewide,JIM JENKINS,BY PETITION,FALSE,15868,540337,0.029366858
2014,NEBRASKA,NE,US SENATE,statewide,BEN SASSE,REPUBLICAN,FALSE,347636,540337,0.643368861
2014,NEBRASKA,NE,US SENATE,statewide,SCATTER,,TRUE,446,540337,0.000825411
2014,NEW HAMPSHIRE,NH,US SENATE,statewide,JEANNE SHAHEEN,DEMOCRAT,FALSE,251184,488159,0.51455366
2014,NEW HAMPSHIRE,NH,US SENATE,statewide,SCOTT P. BROWN,REPUBLICAN,FALSE,235347,488159,0.482111361
2014,NEW HAMPSHIRE,NH,US SENATE,statewide,SCATTER,,FALSE,1628,488159,0.003334979
2014,NEW JERSEY,NJ,US SENATE,statewide,JOSEPH BARATELLI,LIBERTARIAN,FALSE,16721,1869535,0.008943935
2014,NEW JERSEY,NJ,US SENATE,statewide,CORY A. BOOKER,DEMOCRAT,FALSE,1043866,1869535,0.558355955
2014,NEW JERSEY,NJ,US SENATE,statewide,ANTONIO N. SABAS,INDEPENDENT,FALSE,3544,1869535,0.001895659
2014,NEW JERSEY,NJ,US SENATE,statewide,JEFF BELL,REPUBLICAN,FALSE,791297,1869535,0.423258725
2014,NEW JERSEY,NJ,US SENATE,statewide,EUGENE MARTIN LAVERGNE,D-R PARTY,FALSE,3890,1869535,0.002080731
2014,NEW JERSEY,NJ,US SENATE,statewide,JEFF BOSS,INDEPENDENT,FALSE,4513,1869535,0.002413969
2014,NEW JERSEY,NJ,US SENATE,statewide,HANK SCHROEDER,ECONOMIC GROWTH,FALSE,5704,1869535,0.003051026
2014,NEW MEXICO,NM,US SENATE,statewide,ALLEN E. WEH,REPUBLICAN,FALSE,229097,515506,0.444411898
2014,NEW MEXICO,NM,US SENATE,statewide,TOM UDALL,DEMOCRAT,FALSE,286409,515506,0.555588102
2014,NORTH CAROLINA,NC,US SENATE,statewide,KAY R. HAGAN,DEMOCRAT,FALSE,1377651,2915281,0.472561993
2014,NORTH CAROLINA,NC,US SENATE,statewide,,,TRUE,201,2915281,6.8947E-05
2014,NORTH CAROLINA,NC,US SENATE,statewide,THOM TILLIS,REPUBLICAN,FALSE,1423259,2915281,0.488206454
2014,NORTH CAROLINA,NC,US SENATE,statewide,,,TRUE,142,2915281,4.87089E-05
2014,NORTH CAROLINA,NC,US SENATE,statewide,SEAN HAUGH,LIBERTARIAN,FALSE,109100,2915281,0.037423494
2014,NORTH CAROLINA,NC,US SENATE,statewide,JOHN RHODES,,TRUE,621,2915281,0.000213015
2014,NORTH CAROLINA,NC,US SENATE,statewide,,,TRUE,4307,2915281,0.001477388
2014,OKLAHOMA,OK,US SENATE,statewide,JOAN FARR,INDEPENDENT,FALSE,10554,820733,0.012859237
2014,OKLAHOMA,OK,US SENATE,statewide,CONNIE JOHNSON,DEMOCRAT,FALSE,237923,820890,0.289835423
2014,OKLAHOMA,OK,US SENATE,statewide,MATT SILVERSTEIN,DEMOCRAT,FALSE,234307,820733,0.285485048
2014,OKLAHOMA,OK,US SENATE,statewide,MARK T. BEARD,INDEPENDENT,FALSE,25965,820890,0.031630304
2014,OKLAHOMA,OK,US SENATE,statewide,JAMES M. INHOFE,REPUBLICAN,FALSE,558166,820733,0.680082317
2014,OKLAHOMA,OK,US SENATE,statewide,RAY WOODS,INDEPENDENT,FALSE,9913,820733,0.012078228
2014,OKLAHOMA,OK,US SENATE,statewide,JAMES LANKFORD,REPUBLICAN,FALSE,557002,820890,0.678534274
2014,OKLAHOMA,OK,US SENATE,statewide,AARON DELOZIER,INDEPENDENT,FALSE,7793,820733,0.009495171
2014,OREGON,OR,US SENATE,statewide,MIKE MONTCHALIN,LIBERTARIAN,FALSE,44916,1461618,0.030730328
2014,OREGON,OR,US SENATE,statewide,CHRISTINA JEAN LUGO,GREEN,FALSE,32434,1461618,0.022190477
2014,OREGON,OR,US SENATE,statewide,JEFF MERKLEY,DEMOCRAT,FALSE,814537,1461618,0.557284461
2014,OREGON,OR,US SENATE,statewide,MONICA WEHBY,REPUBLICAN,FALSE,538847,1461618,0.368664726
2014,OREGON,OR,US SENATE,statewide,JAMES E. LEUENBERGER,CONSTITUTION,FALSE,24212,1461618,0.016565204
2014,OREGON,OR,US SENATE,statewide,OTHER,,FALSE,6672,1461618,0.004564804
2014,RHODE ISLAND,RI,US SENATE,statewide,JACK REED,DEMOCRAT,FALSE,223675,316898,0.70582648
2014,RHODE ISLAND,RI,US SENATE,statewide,MARK S. ZACCARIA,REPUBLICAN,FALSE,92684,316898,0.292472657
2014,RHODE ISLAND,RI,US SENATE,statewide,,,TRUE,539,316898,0.001700863
2014,SOUTH CAROLINA,SC,US SENATE,statewide,BRAD HUTTO,WORKING FAMILIES,FALSE,24207,1240075,0.019520594
2014,SOUTH CAROLINA,SC,US SENATE,statewide,BRAD HUTTO,DEMOCRAT,FALSE,456726,1240075,0.368305143
2014,SOUTH CAROLINA,SC,US SENATE,statewide,JILL BOSSI,AMERICAN,FALSE,21652,1238982,0.017475637
2014,SOUTH CAROLINA,SC,US SENATE,statewide,LINDSEY GRAHAM,REPUBLICAN,FALSE,672941,1240075,0.542661533
2014,SOUTH CAROLINA,SC,US SENATE,statewide,JOYCE DICKERSON,DEMOCRAT,FALSE,459583,1238982,0.370935978
2014,SOUTH CAROLINA,SC,US SENATE,statewide,,,TRUE,4774,1240075,0.003849767
2014,SOUTH CAROLINA,SC,US SENATE,statewide,TIM SCOTT,REPUBLICAN,FALSE,757215,1238982,0.611159
2014,SOUTH CAROLINA,SC,US SENATE,statewide,,,TRUE,532,1238982,0.000429385
2014,SOUTH CAROLINA,SC,US SENATE,statewide,THOMAS RAVENEL,PETITION,FALSE,47588,1240075,0.038375098
2014,SOUTH CAROLINA,SC,US SENATE,statewide,VICTOR KOCHER,LIBERTARIAN,FALSE,33839,1240075,0.027287866
2014,SOUTH DAKOTA,SD,US SENATE,statewide,MIKE ROUNDS,REPUBLICAN,FALSE,140741,279412,0.503704207
2014,SOUTH DAKOTA,SD,US SENATE,statewide,GORDON HOWIE,INDEPENDENT,FALSE,8474,279412,0.030327974
2014,SOUTH DAKOTA,SD,US SENATE,statewide,LARRY PRESSLER,INDEPENDENT,FALSE,47741,279412,0.170862382
2014,SOUTH DAKOTA,SD,US SENATE,statewide,RICK WEILAND,DEMOCRAT,FALSE,82456,279412,0.295105436
2014,TENNESSEE,TN,US SENATE,statewide,MARTIN PLEASANT,GREEN,FALSE,12570,1374065,0.009148039
2014,TENNESSEE,TN,US SENATE,statewide,TOM EMERSON JR.,INDEPENDENT,FALSE,11157,1374065,0.008119703
2014,TENNESSEE,TN,US SENATE,statewide,GORDON BALL,DEMOCRAT,FALSE,437848,1374065,0.318651592
2014,TENNESSEE,TN,US SENATE,statewide,C. SALEKIN,INDEPENDENT,FALSE,787,1374065,0.000572753
2014,TENNESSEE,TN,US SENATE,statewide,LAMAR ALEXANDER,REPUBLICAN,FALSE,850087,1374065,0.618665784
2014,TENNESSEE,TN,US SENATE,statewide,BARTHOLOMEW J. PHILLIPS,INDEPENDENT,FALSE,2386,1374065,0.001736454
2014,TENNESSEE,TN,US SENATE,statewide,DANNY PAGE,INDEPENDENT,FALSE,7713,1374065,0.005613272
2014,TENNESSEE,TN,US SENATE,statewide,EDMUND L. GAUTHIER,INDEPENDENT,FALSE,2314,1374065,0.001684054
2014,TENNESSEE,TN,US SENATE,statewide,RICK TYLER,INDEPENDENT,FALSE,5759,1374065,0.004191214
2014,TENNESSEE,TN,US SENATE,statewide,JOE WILMOTH,CONSTITUTION,FALSE,36088,1374065,0.026263677
2014,TENNESSEE,TN,US SENATE,statewide,ERIC SCHECHTER,INDEPENDENT,FALSE,1673,1374065,0.001217555
2014,TENNESSEE,TN,US SENATE,statewide,,,TRUE,5,1374065,3.63884E-06
2014,TENNESSEE,TN,US SENATE,statewide,JOSHUA JAMES,INDEPENDENT,FALSE,5678,1374065,0.004132264
2014,TEXAS,TX,US SENATE,statewide,,,TRUE,988,4648358,0.000212548
2014,TEXAS,TX,US SENATE,statewide,REBECCA PADDOCK,LIBERTARIAN,FALSE,133751,4648358,0.028773816
2014,TEXAS,TX,US SENATE,statewide,"EMILY ""SPICYBROWN"" SANCHEZ",GREEN,FALSE,54701,4648358,0.011767811
2014,TEXAS,TX,US SENATE,statewide,JOHN CORNYN,REPUBLICAN,FALSE,2861531,4648358,0.615600391
2014,TEXAS,TX,US SENATE,statewide,DAVID M. ALAMEEL,DEMOCRAT,FALSE,1597387,4648358,0.343645434
2014,VIRGINIA,VA,US SENATE,statewide,ED. W. GILLESPIE,REPUBLICAN,FALSE,1055940,2184473,0.483384322
2014,VIRGINIA,VA,US SENATE,statewide,MARK R. WARNER,DEMOCRAT,FALSE,1073667,2184473,0.491499323
2014,VIRGINIA,VA,US SENATE,statewide,ROBERT C. SARVIS,LIBERTARIAN,FALSE,53102,2184473,0.024308838
2014,VIRGINIA,VA,US SENATE,statewide,,,TRUE,1764,2184473,0.000807517
2014,WEST VIRGINIA,WV,US SENATE,statewide,PHIL HUDOK,CONSTITUTION,FALSE,2566,453689,0.005655857
2014,WEST VIRGINIA,WV,US SENATE,statewide,,,TRUE,5,453689,1.10208E-05
2014,WEST VIRGINIA,WV,US SENATE,statewide,NATALIE TENNANT,DEMOCRAT,FALSE,156360,453689,0.344641373
2014,WEST VIRGINIA,WV,US SENATE,statewide,SHELLEY MOORE CAPITO,REPUBLICAN,FALSE,281820,453689,0.621174417
2014,WEST VIRGINIA,WV,US SENATE,statewide,JOHN S. BUCKLEY,LIBERTARIAN,FALSE,7409,453689,0.01633057
2014,WEST VIRGINIA,WV,US SENATE,statewide,BOB HENRY BABER,MOUNTAIN,FALSE,5504,453689,0.012131658
2014,WEST VIRGINIA,WV,US SENATE,statewide,,,TRUE,10,453689,2.20415E-05
2014,WEST VIRGINIA,WV,US SENATE,statewide,,,TRUE,7,453689,1.54291E-05
2014,WEST VIRGINIA,WV,US SENATE,statewide,,,TRUE,8,453689,1.76332E-05
2014,WYOMING,WY,US SENATE,statewide,CURT GOTTSHALL,INDEPENDENT,FALSE,13311,171153,0.077772519
2014,WYOMING,WY,US SENATE,statewide,OVER VOTE,,FALSE,130,171153,0.000759554
2014,WYOMING,WY,US SENATE,statewide,JOSEPH S. PORAMBO,LIBERTARIAN,FALSE,3677,171153,0.021483702
2014,WYOMING,WY,US SENATE,statewide,BLANK VOTE,,FALSE,2633,171153,0.015383896
2014,WYOMING,WY,US SENATE,statewide,,,TRUE,471,171153,0.002751924
2014,WYOMING,WY,US SENATE,statewide,MICHAEL B. ENZI,REPUBLICAN,FALSE,121554,171153,0.710206657
2014,WYOMING,WY,US SENATE,statewide,CHARLIE HARDY,DEMOCRAT,FALSE,29377,171153,0.171641747
2016,ALABAMA,AL,US SENATE,statewide,RON CRUMPTON,DEMOCRAT,FALSE,748709,2087444,0.358672616
2016,ALABAMA,AL,US SENATE,statewide,RICHARD C. SHELBY,REPUBLICAN,FALSE,1335104,2087444,0.639587936
2016,ALABAMA,AL,US SENATE,statewide,,,TRUE,3631,2087444,0.001739448
2016,ALASKA,AK,US SENATE,statewide,JOE MILLER,LIBERTARIAN,FALSE,90825,311441,0.29162827
2016,ALASKA,AK,US SENATE,statewide,TED GIANOUTSOS,INDEPENDENT,FALSE,1758,311441,0.005644729
2016,ALASKA,AK,US SENATE,statewide,RAY METCALFE,DEMOCRAT,FALSE,36200,311441,0.116233893
2016,ALASKA,AK,US SENATE,statewide,MARGARET STOCK,INDEPENDENT,FALSE,41194,311441,0.132269033
2016,ALASKA,AK,US SENATE,statewide,BRECK A. CRAIG,INDEPENDENT,FALSE,2609,311441,0.008377189
2016,ALASKA,AK,US SENATE,statewide,LISA MURKOWSKI,REPUBLICAN,FALSE,138149,311441,0.443580004
2016,ALASKA,AK,US SENATE,statewide,,,TRUE,706,311441,0.002266882
2016,ARIZONA,AZ,US SENATE,statewide,ANTHONY CAMBONI,NONE,TRUE,45,2530730,1.77814E-05
2016,ARIZONA,AZ,US SENATE,statewide,ANN KIRKPATRICK,DEMOCRAT,FALSE,1031245,2530730,0.407489143
2016,ARIZONA,AZ,US SENATE,statewide,,,TRUE,4,2530730,1.58057E-06
2016,ARIZONA,AZ,US SENATE,statewide,,,TRUE,694,2530730,0.000274229
2016,ARIZONA,AZ,US SENATE,statewide,LEONARD CLARK,INDEPENDENT,TRUE,83,2530730,3.27969E-05
2016,ARIZONA,AZ,US SENATE,statewide,SYDNEY DUDIKOFF,REPUBLICAN,TRUE,494,2530730,0.000195201
2016,ARIZONA,AZ,US SENATE,statewide,,,TRUE,34,2530730,1.34349E-05
2016,ARIZONA,AZ,US SENATE,statewide,JOHN MCCAIN,REPUBLICAN,FALSE,1359267,2530730,0.537104709
2016,ARIZONA,AZ,US SENATE,statewide,,,TRUE,223,2530730,8.81169E-05
2016,ARIZONA,AZ,US SENATE,statewide,,,TRUE,7,2530730,2.766E-06
2016,ARIZONA,AZ,US SENATE,statewide,GARY SWING,GREEN,FALSE,138634,2530730,0.054780241
2016,ARKANSAS,AR,US SENATE,statewide,JOHN BOOZMAN,REPUBLICAN,FALSE,661984,1107522,0.597716343
2016,ARKANSAS,AR,US SENATE,statewide,,,TRUE,1070,1107522,0.000966121
2016,ARKANSAS,AR,US SENATE,statewide,CONNER ELDRIDGE,DEMOCRAT,FALSE,400602,1107522,0.361710196
2016,ARKANSAS,AR,US SENATE,statewide,FRANK GILBERT,LIBERTARIAN,FALSE,43866,1107522,0.03960734
2016,CALIFORNIA,CA,US SENATE,statewide,LORETTA SANCHEZ,DEMOCRAT,FALSE,4701417,12244170,0.383971882
2016,CALIFORNIA,CA,US SENATE,statewide,KAMALA D. HARRIS,DEMOCRAT,FALSE,7542753,12244170,0.616028118
2016,COLORADO,CO,US SENATE,statewide,PAUL NOEL FIORINO,NONE,FALSE,3216,2743023,0.001172429
2016,COLORADO,CO,US SENATE,statewide,DAN CHAPIN,NONE,FALSE,8361,2743023,0.003048097
2016,COLORADO,CO,US SENATE,statewide,MICHAEL F. BENNET,DEMOCRAT,FALSE,1370710,2743023,0.499707804
2016,COLORADO,CO,US SENATE,statewide,LILY TANG WILLIAMS,LIBERTARIAN,FALSE,99277,2743023,0.036192551
2016,COLORADO,CO,US SENATE,statewide,BILL HAMMONS,UNITY PARTY OF COLORADO,FALSE,9336,2743023,0.003403544
2016,COLORADO,CO,US SENATE,statewide,DARRYL GLENN,REPUBLICAN,FALSE,1215318,2743023,0.443057896
2016,COLORADO,CO,US SENATE,statewide,ARN MENCONI,GREEN,FALSE,36805,2743023,0.013417678
2016,CONNECTICUT,CT,US SENATE,statewide,RICHARD BLUMENTHAL,DEMOCRAT,FALSE,920766,1596276,0.576821302
2016,CONNECTICUT,CT,US SENATE,statewide,RICHARD BLUMENTHAL,WORKING FAMILIES,FALSE,87948,1596276,0.055095735
2016,CONNECTICUT,CT,US SENATE,statewide,,,TRUE,26,1596276,1.62879E-05
2016,CONNECTICUT,CT,US SENATE,statewide,DAN CARTER,REPUBLICAN,FALSE,552621,1596276,0.346193891
2016,CONNECTICUT,CT,US SENATE,statewide,,,TRUE,12,1596276,7.5175E-06
2016,CONNECTICUT,CT,US SENATE,statewide,RICHARD LION,LIBERTARIAN,FALSE,18190,1596276,0.011395272
2016,CONNECTICUT,CT,US SENATE,statewide,JEFFERY RUSSELL,GREEN,FALSE,16713,1596276,0.010469994
2016,FLORIDA,FL,US SENATE,statewide,CHARLES FREDERICK TOLBERT,,TRUE,56,9301820,6.02033E-06
2016,FLORIDA,FL,US SENATE,statewide,STEVEN MACHAT,NONE,FALSE,26918,9301820,0.002893842
2016,FLORIDA,FL,US SENATE,statewide,,,TRUE,7,9301820,7.52541E-07
2016,FLORIDA,FL,US SENATE,statewide,PATRICK MURPHY,DEMOCRAT,FALSE,4122088,9301820,0.443148545
2016,FLORIDA,FL,US SENATE,statewide,PAUL STANTON,LIBERTARIAN,FALSE,196956,9301820,0.021173921
2016,FLORIDA,FL,US SENATE,statewide,BASIL E. DALACK,NONE,FALSE,22236,9301820,0.0023905
2016,FLORIDA,FL,US SENATE,statewide,,,TRUE,50,9301820,5.37529E-06
2016,FLORIDA,FL,US SENATE,statewide,,,TRUE,10,9301820,1.07506E-06
2016,FLORIDA,FL,US SENATE,statewide,,,TRUE,37,9301820,3.97772E-06
2016,FLORIDA,FL,US SENATE,statewide,BRUCE NATHAN,NONE,FALSE,52451,9301820,0.005638789
2016,FLORIDA,FL,US SENATE,statewide,MARCO RUBIO,REPUBLICAN,FALSE,4835191,9301820,0.519811284
2016,FLORIDA,FL,US SENATE,statewide,TONY KHOURY,NONE,FALSE,45820,9301820,0.004925918
2016,GEORGIA,GA,US SENATE,statewide,,,TRUE,813,3898605,0.000208536
2016,GEORGIA,GA,US SENATE,statewide,JIM BARKSDALE,DEMOCRAT,FALSE,1599726,3898605,0.410332927
2016,GEORGIA,GA,US SENATE,statewide,ALLEN BUCKLEY,LIBERTARIAN,FALSE,162260,3898605,0.041620015
2016,GEORGIA,GA,US SENATE,statewide,JOHNNY ISAKSON,REPUBLICAN,FALSE,2135806,3898605,0.547838522
2016,HAWAII,HI,US SENATE,statewide,BLANK VOTE,,FALSE,20763,437664,0.047440502
2016,HAWAII,HI,US SENATE,statewide,"JOHN M. ""RAGHU"" GIUFFRE",AMERICAN SHOPPING PARTY,FALSE,1393,437664,0.003182807
2016,HAWAII,HI,US SENATE,statewide,JOY J. ALLISON,CONSTITUTION,FALSE,9103,437664,0.02079906
2016,HAWAII,HI,US SENATE,statewide,MICHAEL A. KOKOSKI,LIBERTARIAN,FALSE,6809,437664,0.015557597
2016,HAWAII,HI,US SENATE,statewide,BRIAN SCHATZ,DEMOCRAT,FALSE,306604,437664,0.700546538
2016,HAWAII,HI,US SENATE,statewide,OVER VOTE,,FALSE,339,437664,0.000774567
2016,HAWAII,HI,US SENATE,statewide,JOHN CARROLL,REPUBLICAN,FALSE,92653,437664,0.211698929
2016,IDAHO,ID,US SENATE,statewide,RAY J. WRITZ,CONSTITUTION,FALSE,41677,678943,0.061385124
2016,IDAHO,ID,US SENATE,statewide,MIKE CRAPO,REPUBLICAN,FALSE,449017,678943,0.661347123
2016,IDAHO,ID,US SENATE,statewide,JERRY STURGILL,DEMOCRAT,FALSE,188249,678943,0.277267753
2016,ILLINOIS,IL,US SENATE,statewide,SCOTT SUMMERS,GREEN,FALSE,117619,5491878,0.0214169
2016,ILLINOIS,IL,US SENATE,statewide,KENTON MCMILLEN,LIBERTARIAN,FALSE,175988,5491878,0.03204514
2016,ILLINOIS,IL,US SENATE,statewide,,,TRUE,42,5491878,7.64766E-06
2016,ILLINOIS,IL,US SENATE,statewide,MARK KIRK,REPUBLICAN,FALSE,2184692,5491878,0.397804176
2016,ILLINOIS,IL,US SENATE,statewide,TAMMY DUCKWORTH,DEMOCRAT,FALSE,3012940,5491878,0.548617431
2016,ILLINOIS,IL,US SENATE,statewide,,,TRUE,77,5491878,1.40207E-05
2016,ILLINOIS,IL,US SENATE,statewide,,,TRUE,106,5491878,1.93012E-05
2016,ILLINOIS,IL,US SENATE,statewide,,,TRUE,408,5491878,7.42915E-05
2016,ILLINOIS,IL,US SENATE,statewide,,,TRUE,5,5491878,9.10435E-07
2016,ILLINOIS,IL,US SENATE,statewide,,,TRUE,1,5491878,1.82087E-07
2016,INDIANA,IN,US SENATE,statewide,EVAN BAYH,DEMOCRAT,FALSE,1158947,2732546,0.424127169
2016,INDIANA,IN,US SENATE,statewide,TODD C. YOUNG,REPUBLICAN,FALSE,1423991,2732546,0.521122426
2016,INDIANA,IN,US SENATE,statewide,LUCY BRENTON,LIBERTARIAN,FALSE,149481,2732546,0.054703928
2016,INDIANA,IN,US SENATE,statewide,,,TRUE,127,2732546,4.64768E-05
2016,IOWA,IA,US SENATE,statewide,CHUCK GRASSLEY,REPUBLICAN,FALSE,926007,1541036,0.600899006
2016,IOWA,IA,US SENATE,statewide,PATTY JUDGE,DEMOCRAT,FALSE,549460,1541036,0.356552345
2016,IOWA,IA,US SENATE,statewide,MICHAEL LUICK-THRAMS,NOMINATED BY PETITION,FALSE,4441,1541036,0.002881828
2016,IOWA,IA,US SENATE,statewide,,,TRUE,1685,1541036,0.00109342
2016,IOWA,IA,US SENATE,statewide,CHARLES ALDRICH,LIBERTARIAN,FALSE,41794,1541036,0.027120716
2016,IOWA,IA,US SENATE,statewide,JIM HENNAGER,NEW INDEPENDENT PARTY IOWA,FALSE,17649,1541036,0.011452685
2016,KANSAS,KS,US SENATE,statewide,PATRICK WIESNER,DEMOCRAT,FALSE,379740,1177922,0.322381278
2016,KANSAS,KS,US SENATE,statewide,,,TRUE,46,1177922,3.90518E-05
2016,KANSAS,KS,US SENATE,statewide,ROBERT D. GARRARD,LIBERTARIAN,FALSE,65760,1177922,0.055827126
2016,KANSAS,KS,US SENATE,statewide,JERRY MORAN,REPUBLICAN,FALSE,732376,1177922,0.621752544
2016,KENTUCKY,KY,US SENATE,statewide,RAND PAUL,REPUBLICAN,FALSE,1090177,1903465,0.572732885
2016,KENTUCKY,KY,US SENATE,statewide,,,TRUE,6,1903465,3.15215E-06
2016,KENTUCKY,KY,US SENATE,statewide,JIM GRAY,DEMOCRAT,FALSE,813246,1903465,0.42724505
2016,KENTUCKY,KY,US SENATE,statewide,,,TRUE,36,1903465,1.89129E-05
2016,LOUISIANA,LA,US SENATE,statewide,"CHARLES W. BOUSTANY, JR.",REPUBLICAN,FALSE,298008,1997218,0.149211553
2016,LOUISIANA,LA,US SENATE,statewide,DERRICK EDWARDS,DEMOCRAT,FALSE,51774,1997218,0.025923059
2016,LOUISIANA,LA,US SENATE,statewide,"M. V. ""VINNY""MENDOZA",DEMOCRAT,FALSE,4927,1997218,0.002466932
2016,LOUISIANA,LA,US SENATE,statewide,JOHN FLEMING,REPUBLICAN,FALSE,204026,1997218,0.102155098
2016,LOUISIANA,LA,US SENATE,statewide,CAROLINE FAYARD,DEMOCRAT,FALSE,240917,1997218,0.120626291
2016,LOUISIANA,LA,US SENATE,statewide,PETER WILLIAMS,DEMOCRAT,FALSE,6855,1997218,0.003432274
2016,LOUISIANA,LA,US SENATE,statewide,LEROY GILLAM,LIBERTARIAN,FALSE,4067,1997218,0.002036333
2016,LOUISIANA,LA,US SENATE,statewide,"""ROB"" MANESS",REPUBLICAN,FALSE,90856,1997218,0.045491278
2016,LOUISIANA,LA,US SENATE,statewide,KAITLIN MARONE,NONE,FALSE,4108,1997218,0.002056861
2016,LOUISIANA,LA,US SENATE,statewide,JOSHUA PELLERIN,DEMOCRAT,FALSE,7395,1997218,0.00370265
2016,LOUISIANA,LA,US SENATE,statewide,"WILLIAM ROBERT LANG, JR.",OTHER,FALSE,1424,1997218,0.000712992
2016,LOUISIANA,LA,US SENATE,statewide,BERYL BILLIOT,NONE,FALSE,19352,1997218,0.009689478
2016,LOUISIANA,LA,US SENATE,statewide,ARDEN WELLS,NONE,FALSE,1483,1997218,0.000742533
2016,LOUISIANA,LA,US SENATE,statewide,TROY HEBERT,NONE,FALSE,9503,1997218,0.004758119
2016,LOUISIANA,LA,US SENATE,statewide,JOHN KENNEDY,REPUBLICAN,FALSE,536191,1997218,0.26846894
2016,LOUISIANA,LA,US SENATE,statewide,"GREGORY TAYLOR, JR.",OTHER,FALSE,1151,1997218,0.000576302
2016,LOUISIANA,LA,US SENATE,statewide,THOMAS P. CLEMENTS,LIBERTARIAN,FALSE,11370,1997218,0.005692919
2016,LOUISIANA,LA,US SENATE,statewide,GARY LANDRIEU,DEMOCRAT,FALSE,45587,1997218,0.02282525
2016,LOUISIANA,LA,US SENATE,statewide,FOSTER CAMPBELL,DEMOCRAT,FALSE,347816,1997218,0.174150243
2016,LOUISIANA,LA,US SENATE,statewide,ABHAY PATEL,REPUBLICAN,FALSE,1576,1997218,0.000789098
2016,LOUISIANA,LA,US SENATE,statewide,"""JOSEPH"" CAO",REPUBLICAN,FALSE,21019,1997218,0.010524139
2016,LOUISIANA,LA,US SENATE,statewide,DAVID DUKE,REPUBLICAN,FALSE,58606,1997218,0.029343817
2016,LOUISIANA,LA,US SENATE,statewide,"DONALD ""CRAWDADDY"" CRAWFORD",REPUBLICAN,FALSE,25523,1997218,0.012779276
2016,LOUISIANA,LA,US SENATE,statewide,CHARLES MARSALA,REPUBLICAN,FALSE,3684,1997218,0.001844566
2016,MARYLAND,MD,US SENATE,statewide,CHRIS VAN HOLLEN,DEMOCRAT,FALSE,1659907,2726170,0.608878757
2016,MARYLAND,MD,US SENATE,statewide,MARGARET FLOWERS,GREEN,FALSE,89970,2726170,0.033002344
2016,MARYLAND,MD,US SENATE,statewide,,,TRUE,77,2726170,2.82448E-05
2016,MARYLAND,MD,US SENATE,statewide,,,TRUE,7,2726170,2.5677E-06
2016,MARYLAND,MD,US SENATE,statewide,,,TRUE,242,2726170,8.87692E-05
2016,MARYLAND,MD,US SENATE,statewide,,,TRUE,138,2726170,5.06205E-05
2016,MARYLAND,MD,US SENATE,statewide,,,TRUE,15,2726170,5.50222E-06
2016,MARYLAND,MD,US SENATE,statewide,,,TRUE,26,2726170,9.53719E-06
2016,MARYLAND,MD,US SENATE,statewide,,,TRUE,3231,2726170,0.001185179
2016,MARYLAND,MD,US SENATE,statewide,KATHY SZELIGA,REPUBLICAN,FALSE,972557,2726170,0.356748479
2016,MISSOURI,MO,US SENATE,statewide,,,TRUE,4,2802637,1.42723E-06
2016,MISSOURI,MO,US SENATE,statewide,,,TRUE,53,2802637,1.89108E-05
2016,MISSOURI,MO,US SENATE,statewide,,,TRUE,12,2802637,4.28168E-06
2016,MISSOURI,MO,US SENATE,statewide,ROY BLUNT,REPUBLICAN,FALSE,1378458,2802637,0.491843218
2016,MISSOURI,MO,US SENATE,statewide,JOHNATHAN MCFARLAND,GREEN,FALSE,30743,2802637,0.010969312
2016,MISSOURI,MO,US SENATE,statewide,STEVEN WALLACE,,TRUE,1,2802637,3.56807E-07
2016,MISSOURI,MO,US SENATE,statewide,FRED RYMAN,CONSTITUTION,FALSE,25407,2802637,0.009065391
2016,MISSOURI,MO,US SENATE,statewide,JASON KANDER,DEMOCRAT,FALSE,1300200,2802637,0.463920229
2016,MISSOURI,MO,US SENATE,statewide,,,TRUE,21,2802637,7.49294E-06
2016,MISSOURI,MO,US SENATE,statewide,JONATHAN DINE,LIBERTARIAN,FALSE,67738,2802637,0.02416938
2016,NEVADA,NV,US SENATE,statewide,JOSEPH J. HECK,REPUBLICAN,FALSE,495079,1108294,0.446703672
2016,NEVADA,NV,US SENATE,statewide,"THOMAS ""TOM"" SAWYER",NONE,FALSE,14208,1108294,0.012819703
2016,NEVADA,NV,US SENATE,statewide,CATHERINE CORTEZ MASTO,DEMOCRAT,FALSE,521994,1108294,0.470988745
2016,NEVADA,NV,US SENATE,statewide,TONY GUMINA,NONE,FALSE,10740,1108294,0.009690569
2016,NEVADA,NV,US SENATE,statewide,TOM JONES,INDEPENDENT AMERICAN,FALSE,17128,1108294,0.015454383
2016,NEVADA,NV,US SENATE,statewide,NONE OF THE ABOVE,,FALSE,42257,1108294,0.03812797
2016,NEVADA,NV,US SENATE,statewide,JARROD M. WILLIAMS,NONE,FALSE,6888,1108294,0.006214957
2016,NEW HAMPSHIRE,NH,US SENATE,statewide,KELLY AYOTTE,REPUBLICAN,FALSE,353632,739140,0.478437103
2016,NEW HAMPSHIRE,NH,US SENATE,statewide,MAGGIE HASSAN,DEMOCRAT,FALSE,354649,739140,0.479813026
2016,NEW HAMPSHIRE,NH,US SENATE,statewide,SCATTER,,FALSE,520,739140,0.00070352
2016,NEW HAMPSHIRE,NH,US SENATE,statewide,BRIAN CHABOT,LIBERTARIAN,FALSE,12597,739140,0.017042779
2016,NEW HAMPSHIRE,NH,US SENATE,statewide,AARON DAY,INDEPENDENT,FALSE,17742,739140,0.024003572
2016,NEW YORK,NY,US SENATE,statewide,ALEX MERCED,LIBERTARIAN,FALSE,48121,7800725,0.006168786
2016,NEW YORK,NY,US SENATE,statewide,CHARLES E. SCHUMER,WORKING FAMILIES,FALSE,241672,7800725,0.03098071
2016,NEW YORK,NY,US SENATE,statewide,WENDY LONG,REPUBLICAN,FALSE,1723927,7800725,0.220995741
2016,NEW YORK,NY,US SENATE,statewide,BLANK VOTE,,FALSE,400943,7800725,0.051398171
2016,NEW YORK,NY,US SENATE,statewide,VOID VOTE,,FALSE,3474,7800725,0.000445343
2016,NEW YORK,NY,US SENATE,statewide,WENDY LONG,REFORM,FALSE,17813,7800725,0.002283506
2016,NEW YORK,NY,US SENATE,statewide,CHARLES E. SCHUMER,WOMEN'S EQUALITY,FALSE,45402,7800725,0.005820228
2016,NEW YORK,NY,US SENATE,statewide,SCATTER,,FALSE,3472,7800725,0.000445087
2016,NEW YORK,NY,US SENATE,statewide,CHARLES E. SCHUMER,DEMOCRAT,FALSE,4784220,7800725,0.613304533
2016,NEW YORK,NY,US SENATE,statewide,WENDY LONG,CONSERVATIVE,FALSE,267613,7800725,0.03430617
2016,NEW YORK,NY,US SENATE,statewide,ROBIN LAVERNE WILSON,GREEN,FALSE,113413,7800725,0.014538777
2016,NEW YORK,NY,US SENATE,statewide,CHARLES E. SCHUMER,INDEPENDENCE,FALSE,150655,7800725,0.019312948
2016,NORTH CAROLINA,NC,US SENATE,statewide,DEBORAH K. ROSS,DEMOCRAT,FALSE,2128165,4691133,0.453656931
2016,NORTH CAROLINA,NC,US SENATE,statewide,RICHARD BURR,REPUBLICAN,FALSE,2395376,4691133,0.510617797
2016,NORTH CAROLINA,NC,US SENATE,statewide,SEAN HAUGH,LIBERTARIAN,FALSE,167592,4691133,0.035725271
2016,NORTH DAKOTA,ND,US SENATE,statewide,,,TRUE,366,342501,0.00106861
2016,NORTH DAKOTA,ND,US SENATE,statewide,JAMES GERMALIC,INDEPENDENT,FALSE,4675,342501,0.013649595
2016,NORTH DAKOTA,ND,US SENATE,statewide,JOHN HOEVEN,REPUBLICAN,FALSE,268788,342501,0.78478019
2016,NORTH DAKOTA,ND,US SENATE,statewide,ELIOT GLASSHEIM,DEMOCRAT,FALSE,58116,342501,0.169681256
2016,NORTH DAKOTA,ND,US SENATE,statewide,ROBERT N. MARQUETTE,LIBERTARIAN,FALSE,10556,342501,0.030820348
2016,OHIO,OH,US SENATE,statewide,,,TRUE,111,5374164,2.06544E-05
2016,OHIO,OH,US SENATE,statewide,SCOTT RUPERT,NONE,FALSE,77291,5374164,0.014381958
2016,OHIO,OH,US SENATE,statewide,TED STRICKLAND,DEMOCRAT,FALSE,1996908,5374164,0.37157556
2016,OHIO,OH,US SENATE,statewide,JOSEPH R. DEMARE,GREEN,FALSE,88246,5374164,0.016420414
2016,OHIO,OH,US SENATE,statewide,TOM CONNORS,NONE,FALSE,93041,5374164,0.017312646
2016,OHIO,OH,US SENATE,statewide,ROB PORTMAN,REPUBLICAN,FALSE,3118567,5374164,0.580288767
2016,OKLAHOMA,OK,US SENATE,statewide,MIKE WORKMAN,DEMOCRAT,FALSE,355911,1448047,0.245786912
2016,OKLAHOMA,OK,US SENATE,statewide,JAMES LANKFORD,REPUBLICAN,FALSE,980892,1448047,0.677389615
2016,OKLAHOMA,OK,US SENATE,statewide,SEAN BRADDY,INDEPENDENT,FALSE,40405,1448047,0.0279031
2016,OKLAHOMA,OK,US SENATE,statewide,ROBERT T. MURPHY,LIBERTARIAN,FALSE,43421,1448047,0.029985905
2016,OKLAHOMA,OK,US SENATE,statewide,MARK T. BEARD,INDEPENDENT,FALSE,27418,1448047,0.018934468
2016,OREGON,OR,US SENATE,statewide,ERIC NAVICKAS,PACIFIC GREEN,FALSE,48823,1952478,0.025005659
2016,OREGON,OR,US SENATE,statewide,OTHER,,FALSE,2058,1952478,0.001054045
2016,OREGON,OR,US SENATE,statewide,RON WYDEN,DEMOCRAT,FALSE,1105119,1952478,0.566008426
2016,OREGON,OR,US SENATE,statewide,SHANTI S. LEWALLEN,WORKING FAMILIES,FALSE,61915,1952478,0.031710985
2016,OREGON,OR,US SENATE,statewide,STEVEN C. REYNOLDS,INDEPENDENT,FALSE,59516,1952478,0.03048229
2016,OREGON,OR,US SENATE,statewide,MARK CALLAHAN,REPUBLICAN,FALSE,651106,1952478,0.333476741
2016,OREGON,OR,US SENATE,statewide,JIM LINDSAY,LIBERTARIAN,FALSE,23941,1952478,0.012261854
2016,PENNSYLVANIA,PA,US SENATE,statewide,KATIE MCGINTY,DEMOCRAT,FALSE,2865012,6051856,0.473410471
2016,PENNSYLVANIA,PA,US SENATE,statewide,EDWARD T. CLIFFORD III,LIBERTARIAN,FALSE,235142,6051856,0.038854527
2016,PENNSYLVANIA,PA,US SENATE,statewide,PATRICK J. TOOMEY,REPUBLICAN,FALSE,2951702,6051856,0.487735002
2016,SOUTH CAROLINA,SC,US SENATE,statewide,THOMAS DIXON,DEMOCRAT,FALSE,704540,2049893,0.343695988
2016,SOUTH CAROLINA,SC,US SENATE,statewide,BILL BLEDSOE,LIBERTARIAN,FALSE,24830,2049893,0.012112827
2016,SOUTH CAROLINA,SC,US SENATE,statewide,THOMAS DIXON,WORKING FAMILIES,FALSE,37610,2049893,0.018347299
2016,SOUTH CAROLINA,SC,US SENATE,statewide,BILL BLEDSOE,CONSTITUTION,FALSE,12652,2049893,0.006172029
2016,SOUTH CAROLINA,SC,US SENATE,statewide,TIM SCOTT,REPUBLICAN,FALSE,1241609,2049893,0.605694541
2016,SOUTH CAROLINA,SC,US SENATE,statewide,,,TRUE,1857,2049893,0.000905901
2016,SOUTH CAROLINA,SC,US SENATE,statewide,REBEL MICHAEL SCARBOROUGH,AMERICAN,FALSE,11923,2049893,0.005816401
2016,SOUTH CAROLINA,SC,US SENATE,statewide,THOMAS DIXON,GREEN,FALSE,14872,2049893,0.007255013
2016,SOUTH DAKOTA,SD,US SENATE,statewide,JOHN R. THUNE,REPUBLICAN,FALSE,265516,369656,0.718278616
2016,SOUTH DAKOTA,SD,US SENATE,statewide,JAY WILLIAMS,DEMOCRAT,FALSE,104140,369656,0.281721384
2016,UTAH,UT,US SENATE,statewide,MIKE LEE,REPUBLICAN,FALSE,760220,1115583,0.681455347
2016,UTAH,UT,US SENATE,statewide,BILL BARRON,NONE,FALSE,26166,1115583,0.023455001
2016,UTAH,UT,US SENATE,statewide,STONEY FONUA,INDEPENDENT AMERICAN,FALSE,27339,1115583,0.024506469
2016,UTAH,UT,US SENATE,statewide,MISTY K. SNOW,DEMOCRAT,FALSE,301858,1115583,0.270583184
2016,VERMONT,VT,US SENATE,statewide,VOID VOTE,,FALSE,466,320467,0.001454128
2016,VERMONT,VT,US SENATE,statewide,SCOTT MILNE,REPUBLICAN,FALSE,103637,320467,0.323393672
2016,VERMONT,VT,US SENATE,statewide,CRIS ERICSON,UNITED STATES MARIJUANA,FALSE,9156,320467,0.028570804
2016,VERMONT,VT,US SENATE,statewide,JERRY TRUDELL,INDEPENDENT,FALSE,5223,320467,0.01629809
2016,VERMONT,VT,US SENATE,statewide,PETE DIAMONDSTONE,LIBERTY UNION,FALSE,3241,320467,0.010113366
2016,VERMONT,VT,US SENATE,statewide,BLANK VOTE,,FALSE,6192,320467,0.019321802
2016,VERMONT,VT,US SENATE,statewide,,,TRUE,309,320467,0.000964218
2016,VERMONT,VT,US SENATE,statewide,PATRICK J. LEAHY,DEMOCRAT,FALSE,192243,320467,0.599883919
2016,WASHINGTON,WA,US SENATE,statewide,CHRIS VANCE,REPUBLICAN,FALSE,1329338,3243317,0.409869896
2016,WASHINGTON,WA,US SENATE,statewide,PATTY MURRAY,DEMOCRAT,FALSE,1913979,3243317,0.590130104
2016,WISCONSIN,WI,US SENATE,statewide,RUSS FEINGOLD,DEMOCRAT,FALSE,1380335,2948741,0.468109949
2016,WISCONSIN,WI,US SENATE,statewide,PHILIP N. ANDERSON,LIBERTARIAN,FALSE,87531,2948741,0.029684194
2016,WISCONSIN,WI,US SENATE,statewide,,,TRUE,8,2948741,2.71302E-06
2016,WISCONSIN,WI,US SENATE,statewide,RON JOHNSON,REPUBLICAN,FALSE,1479471,2948741,0.501729721
2016,WISCONSIN,WI,US SENATE,statewide,SCATTER,,FALSE,1396,2948741,0.000473422
2018,ARIZONA,AZ,US SENATE,statewide,MARTHA MCSALLY,REPUBLICAN,FALSE,1135200,2384308,0.476112985
2018,ARIZONA,AZ,US SENATE,statewide,KYRSTEN SINEMA,DEMOCRAT,FALSE,1191100,2384308,0.499557943
2018,ARIZONA,AZ,US SENATE,statewide,ANGELA GREEN,GREEN,FALSE,57442,2384308,0.024091686
2018,ARIZONA,AZ,US SENATE,statewide,,,TRUE,566,2384308,0.000237385
2018,CALIFORNIA,CA,US SENATE,statewide,DIANNE FEINSTEIN,DEMOCRAT,FALSE,6019422,11113364,0.541638157
2018,CALIFORNIA,CA,US SENATE,statewide,KEVIN DE LEON,DEMOCRAT,FALSE,5093942,11113364,0.458361843
2018,CONNECTICUT,CT,US SENATE,statewide,CHRISTOPHER S MURPHY,DEMOCRAT,FALSE,787685,1386840,0.567971071
2018,CONNECTICUT,CT,US SENATE,statewide,MATTHEW COREY,REPUBLICAN,FALSE,545717,1386840,0.393496726
2018,CONNECTICUT,CT,US SENATE,statewide,CHRISTOPHER S MURPHY,WORKING FAMILIES,FALSE,37894,1386840,0.027323988
2018,CONNECTICUT,CT,US SENATE,statewide,RICHARD LION,LIBERTARIAN,FALSE,8838,1386840,0.006372761
2018,CONNECTICUT,CT,US SENATE,statewide,JEFF RUSSELL,GREEN,FALSE,6618,1386840,0.004772
2018,CONNECTICUT,CT,US SENATE,statewide,,,TRUE,88,1386840,6.34536E-05
2018,DELAWARE,DE,US SENATE,statewide,THOMAS R CARPER,DEMOCRAT,FALSE,217385,362592,0.599530602
2018,DELAWARE,DE,US SENATE,statewide,ROBERT B ARLETT,REPUBLICAN,FALSE,137127,362592,0.378185398
2018,DELAWARE,DE,US SENATE,statewide,DEMITRI G THEODOROPOULOS,GREEN,FALSE,4170,362592,0.01150053
2018,DELAWARE,DE,US SENATE,statewide,NADINE M FROST,LIBERTARIAN,FALSE,3910,362592,0.01078347
2018,FLORIDA,FL,US SENATE,statewide,RICK SCOTT,REPUBLICAN,FALSE,4099505,8190005,0.500549755
2018,FLORIDA,FL,US SENATE,statewide,BILL NELSON,DEMOCRAT,FALSE,4089472,8190005,0.499324726
2018,FLORIDA,FL,US SENATE,statewide,,,TRUE,1028,8190005,0.000125519
2018,HAWAII,HI,US SENATE,statewide,MAZIE K. HIRONO,DEMOCRAT,FALSE,276316,388351,0.711510978
2018,HAWAII,HI,US SENATE,statewide,RON CURTIS,REPUBLICAN,FALSE,112035,388351,0.288489022
2018,INDIANA,IN,US SENATE,statewide,MIKE BRAUN,REPUBLICAN,FALSE,1158000,2282565,0.507323997
2018,INDIANA,IN,US SENATE,statewide,JOE DONNELLY,DEMOCRAT,FALSE,1023553,2282565,0.448422279
2018,INDIANA,IN,US SENATE,statewide,LUCY M. BRENTON,LIBERTARIAN,FALSE,100942,2282565,0.044223056
2018,INDIANA,IN,US SENATE,statewide,,,TRUE,70,2282565,3.06673E-05
2018,MAINE,ME,US SENATE,statewide,ERIC L. BRAKEY,REPUBLICAN,FALSE,223502,634409,0.352299542
2018,MAINE,ME,US SENATE,statewide,"ANGUS S. KING, JR.",INDEPENDENT,FALSE,344575,634409,0.543143303
2018,MAINE,ME,US SENATE,statewide,ZAK RINGELSTEIN,DEMOCRAT,FALSE,66268,634409,0.104456273
2018,MAINE,ME,US SENATE,statewide,OTHERS,,FALSE,64,634409,0.000100881
2018,MARYLAND,MD,US SENATE,statewide,TONY CAMPBELL,REPUBLICAN,FALSE,697017,2299889,0.303065496
2018,MARYLAND,MD,US SENATE,statewide,BEN CARDIN,DEMOCRAT,FALSE,1491614,2299889,0.648559126
2018,MARYLAND,MD,US SENATE,statewide,ARVIN VOHRA,LIBERTARIAN,FALSE,22943,2299889,0.009975699
2018,MARYLAND,MD,US SENATE,statewide,NEAL SIMON,UNAFFILIATED,FALSE,85964,2299889,0.037377456
2018,MARYLAND,MD,US SENATE,statewide,,,TRUE,2351,2299889,0.001022223
2018,MASSACHUSETTS,MA,US SENATE,statewide,ELIZABETH A. WARREN,DEMOCRAT,FALSE,1633371,2707090,0.603367823
2018,MASSACHUSETTS,MA,US SENATE,statewide,GEOFF DIEHL,REPUBLICAN,FALSE,979210,2707090,0.361720519
2018,MASSACHUSETTS,MA,US SENATE,statewide,SHIVA AYYADURAI,UNENROLLED,FALSE,91710,2707090,0.033877706
2018,MASSACHUSETTS,MA,US SENATE,statewide,OTHERS,,FALSE,2799,2707090,0.001033952
2018,MICHIGAN,MI,US SENATE,statewide,JOHN JAMES,REPUBLICAN,FALSE,1938818,4237271,0.457562898
2018,MICHIGAN,MI,US SENATE,statewide,DEBBIE STABENOW,DEMOCRAT,FALSE,2214478,4237271,0.522618921
2018,MICHIGAN,MI,US SENATE,statewide,GEORGE E. HUFFMAN III,US TAXPAYERS,FALSE,27251,4237271,0.006431262
2018,MICHIGAN,MI,US SENATE,statewide,MARCIA SQUIER,GREEN,FALSE,40204,4237271,0.009488182
2018,MICHIGAN,MI,US SENATE,statewide,JOHN HOWARD WILHELM,NATURAL LAW,FALSE,16502,4237271,0.003894488
2018,MICHIGAN,MI,US SENATE,statewide,,,TRUE,18,4237271,4.24802E-06
2018,MINNESOTA,MN,US SENATE,statewide,JIM NEWBERGER,REPUBLICAN,FALSE,940437,2596879,0.362141247
2018,MINNESOTA,MN,US SENATE,statewide,AMY KLOBUCHAR,DEMOCRATIC-FARMER-LABOR,FALSE,1566174,2596879,0.603098566
2018,MINNESOTA,MN,US SENATE,statewide,DENNIS SCHULLER,LEGAL MARIJUANA NOW,FALSE,66236,2596879,0.025506002
2018,MINNESOTA,MN,US SENATE,statewide,PAULA M OVERBY,MINNESOTA GREEN,FALSE,23101,2596879,0.008895678
2018,MINNESOTA,MN,US SENATE,statewide,,,TRUE,931,2596879,0.000358507
2018,MINNESOTA,MN,US SENATE,statewide,KARIN HOUSLEY,REPUBLICAN,FALSE,1095777,2587356,0.423512265
2018,MINNESOTA,MN,US SENATE,statewide,TINA SMITH,DEMOCRATIC-FARMER-LABOR,FALSE,1370540,2587356,0.529706774
2018,MINNESOTA,MN,US SENATE,statewide,SARAH WELLINGTON,LEGAL MARIJUANA NOW,FALSE,95614,2587356,0.036954327
2018,MINNESOTA,MN,US SENATE,statewide,JERRY TROOIEN,UNAFFILIATED,FALSE,24324,2587356,0.009401103
2018,MINNESOTA,MN,US SENATE,statewide,,,TRUE,1101,2587356,0.000425531
2018,MISSISSIPPI,MS,US SENATE,statewide,DAVID BARIA,DEMOCRAT,FALSE,369567,936215,0.394745865
2018,MISSISSIPPI,MS,US SENATE,statewide,ROGER F. WICKER,REPUBLICAN,FALSE,547619,936215,0.584928676
2018,MISSISSIPPI,MS,US SENATE,statewide,DANNY BEDWELL,LIBERTARIAN,FALSE,12981,936215,0.013865405
2018,MISSISSIPPI,MS,US SENATE,statewide,SHAWN O'HARA,REFORM,FALSE,6048,936215,0.006460055
2018,MISSISSIPPI,MS,US SENATE,statewide,CINDY HYDE-SMITH,REPUBLICAN,FALSE,486769,907588,0.536332565
2018,MISSISSIPPI,MS,US SENATE,statewide,MIKE ESPY,DEMOCRAT,FALSE,420819,907588,0.463667435
2018,MISSOURI,MO,US SENATE,statewide,JOSH HAWLEY,REPUBLICAN,FALSE,1254927,2442289,0.513832311
2018,MISSOURI,MO,US SENATE,statewide,CLAIRE MCCASKILL,DEMOCRAT,FALSE,1112935,2442289,0.455693409
2018,MISSOURI,MO,US SENATE,statewide,JAPHETH CAMPBELL,LIBERTARIAN,FALSE,27316,2442289,0.01118459
2018,MISSOURI,MO,US SENATE,statewide,JO CRAIN,GREEN,FALSE,12706,2442289,0.005202497
2018,MISSOURI,MO,US SENATE,statewide,CRAIG O'DEAR,INDEPENDENT,FALSE,34398,2442289,0.014084328
2018,MISSOURI,MO,US SENATE,statewide,,,TRUE,7,2442289,2.86616E-06
2018,MONTANA,MT,US SENATE,statewide,JON TESTER,DEMOCRAT,FALSE,253876,504384,0.503338726
2018,MONTANA,MT,US SENATE,statewide,RICK BRECKENRIDGE,LIBERTARIAN,FALSE,14545,504384,0.028837156
2018,MONTANA,MT,US SENATE,statewide,MATT ROSENDALE,REPUBLICAN,FALSE,235963,504384,0.467824118
2018,NEBRASKA,NE,US SENATE,statewide,DEB FISCHER,REPUBLICAN,FALSE,403151,698883,0.576850489
2018,NEBRASKA,NE,US SENATE,statewide,JANE RAYBOULD,DEMOCRAT,FALSE,269917,698883,0.386211998
2018,NEBRASKA,NE,US SENATE,statewide,JIM SCHULTZ,LIBERTARIAN,FALSE,25349,698883,0.036270735
2018,NEBRASKA,NE,US SENATE,statewide,,,TRUE,466,698883,0.000666778
2018,NEVADA,NV,US SENATE,statewide,JACKY ROSEN,DEMOCRAT,FALSE,490071,972132,0.504119811
2018,NEVADA,NV,US SENATE,statewide,DEAN HELLER,REPUBLICAN,FALSE,441202,972132,0.453849889
2018,NEVADA,NV,US SENATE,statewide,NONE OF THESE CANDIDATES,,FALSE,15303,972132,0.015741689
2018,NEVADA,NV,US SENATE,statewide,BARRY MICHAELS,INDEPENDENT,FALSE,9269,972132,0.009534713
2018,NEVADA,NV,US SENATE,statewide,TIM HAGAN,LIBERTARIAN,FALSE,9196,972132,0.009459621
2018,NEVADA,NV,US SENATE,statewide,KAMAU A. BAKARI,INDEPENDENT AMERICAN,FALSE,7091,972132,0.007294277
2018,NEW JERSEY,NJ,US SENATE,statewide,ROBERT MENENDEZ,DEMOCRAT,FALSE,1711654,3169310,0.540071498
2018,NEW JERSEY,NJ,US SENATE,statewide,BOB HUGIN,REPUBLICAN,FALSE,1357355,3169310,0.428280919
2018,NEW JERSEY,NJ,US SENATE,statewide,MADELYN R. HOFFMAN,GREEN,FALSE,25150,3169310,0.007935481
2018,NEW JERSEY,NJ,US SENATE,statewide,MURRAY SABRIN,LIBERTARIAN,FALSE,21212,3169310,0.006692939
2018,NEW JERSEY,NJ,US SENATE,statewide,NATALIE LYNN RIVERA,FOR THE PEOPLE,FALSE,19897,3169310,0.006278023
2018,NEW JERSEY,NJ,US SENATE,statewide,TRICIA FLANAGAN,NEW DAY NJ,FALSE,16101,3169310,0.005080286
2018,NEW JERSEY,NJ,US SENATE,statewide,KEVIN KIMPLE,MAKE IT SIMPLE,FALSE,9087,3169310,0.002867186
2018,NEW JERSEY,NJ,US SENATE,statewide,HANK SCHROEDER,ECONOMIC GROWTH,FALSE,8854,3169310,0.002793668
2018,NEW MEXICO,NM,US SENATE,statewide,MARTIN T HEINRICH,DEMOCRAT,FALSE,376998,697012,0.540877345
2018,NEW MEXICO,NM,US SENATE,statewide,GARY E JOHNSON,LIBERTARIAN,FALSE,107201,697012,0.153800795
2018,NEW MEXICO,NM,US SENATE,statewide,MICK RICH,REPUBLICAN,FALSE,212813,697012,0.30532186
2018,NEW YORK,NY,US SENATE,statewide,KIRSTEN E. GILLIBRAND,DEMOCRAT,FALSE,3755489,6055151,0.62021393
2018,NEW YORK,NY,US SENATE,statewide,CHELE CHIAVACCI FARLEY,REPUBLICAN,FALSE,1730439,6055151,0.285779661
2018,NEW YORK,NY,US SENATE,statewide,CHELE CHIAVACCI FARLEY,CONSERVATIVE,FALSE,246171,6055151,0.040654808
2018,NEW YORK,NY,US SENATE,statewide,KIRSTEN E. GILLIBRAND,WORKING FAMILIES,FALSE,160128,6055151,0.026444923
2018,NEW YORK,NY,US SENATE,statewide,KIRSTEN E. GILLIBRAND,INDEPENDENCE,FALSE,99325,6055151,0.016403389
2018,NEW YORK,NY,US SENATE,statewide,KIRSTEN E. GILLIBRAND,WOMEN'S EQUALITY,FALSE,41989,6055151,0.006934427
2018,NEW YORK,NY,US SENATE,statewide,CHELE CHIAVACCI FARLEY,REFORM,FALSE,21610,6055151,0.003568862
2018,NORTH DAKOTA,ND,US SENATE,statewide,KEVIN CRAMER,REPUBLICAN,FALSE,179720,326138,0.551055075
2018,NORTH DAKOTA,ND,US SENATE,statewide,HEIDI HEITKAMP,DEMOCRATIC-NPL,FALSE,144376,326138,0.442683772
2018,NORTH DAKOTA,ND,US SENATE,statewide,,,TRUE,2042,326138,0.006261153
2018,OHIO,OH,US SENATE,statewide,SHERROD BROWN,DEMOCRAT,FALSE,2355923,4410898,0.534114142
2018,OHIO,OH,US SENATE,statewide,,,TRUE,1012,4410898,0.000229432
2018,OHIO,OH,US SENATE,statewide,JIM RENACCI,REPUBLICAN,FALSE,2053963,4410898,0.465656426
2018,PENNSYLVANIA,PA,US SENATE,statewide,ROBERT P CASEY JR,DEMOCRAT,FALSE,2777680,4994643,0.55613184
2018,PENNSYLVANIA,PA,US SENATE,statewide,LOUIS J. BARLETTA,REPUBLICAN,FALSE,2134848,4994643,0.427427546
2018,PENNSYLVANIA,PA,US SENATE,statewide,NEAL TAYLOR GALE,GREEN,FALSE,31208,4994643,0.006248294
2018,PENNSYLVANIA,PA,US SENATE,statewide,DALE R KERNS JR,LIBERTARIAN,FALSE,50907,4994643,0.01019232
2018,RHODE ISLAND,RI,US SENATE,statewide,SHELDON WHITEHOUSE,DEMOCRAT,FALSE,231477,376738,0.614424348
2018,RHODE ISLAND,RI,US SENATE,statewide,"ROBERT G. FLANDERS, JR.",REPUBLICAN,FALSE,144421,376738,0.383345986
2018,RHODE ISLAND,RI,US SENATE,statewide,,,TRUE,840,376738,0.002229666
2018,TENNESSEE,TN,US SENATE,statewide,MARSHA BLACKBURN,REPUBLICAN,FALSE,1227483,2243740,0.547070071
2018,TENNESSEE,TN,US SENATE,statewide,PHIL BREDESEN,DEMOCRAT,FALSE,985450,2243740,0.439199729
2018,TENNESSEE,TN,US SENATE,statewide,TRUDY A. AUSTIN,INDEPENDENT,FALSE,9455,2243740,0.004213946
2018,TENNESSEE,TN,US SENATE,statewide,JOHN CARICO,INDEPENDENT,FALSE,3398,2243740,0.001514436
2018,TENNESSEE,TN,US SENATE,statewide,DEAN HILL,INDEPENDENT,FALSE,8717,2243740,0.003885031
2018,TENNESSEE,TN,US SENATE,statewide,KEVIN LEE MCCANTS,INDEPENDENT,FALSE,1927,2243740,0.000858834
2018,TENNESSEE,TN,US SENATE,statewide,BRETON PHILLIPS,INDEPENDENT,FALSE,2226,2243740,0.000992094
2018,TENNESSEE,TN,US SENATE,statewide,KRIS L. TODD,INDEPENDENT,FALSE,5084,2243740,0.00226586
2018,TEXAS,TX,US SENATE,statewide,TED CRUZ,REPUBLICAN,FALSE,4260553,8371655,0.508926013
2018,TEXAS,TX,US SENATE,statewide,BETO O'ROURKE,DEMOCRAT,FALSE,4045632,8371655,0.48325355
2018,TEXAS,TX,US SENATE,statewide,NEAL M. DIKEMAN,LIBERTARIAN,FALSE,65470,8371655,0.007820437
2018,UTAH,UT,US SENATE,statewide,MITT ROMNEY,REPUBLICAN,FALSE,665215,1062845,0.625881478
2018,UTAH,UT,US SENATE,statewide,JENNY WILSON,DEMOCRAT,FALSE,328541,1062845,0.309114687
2018,UTAH,UT,US SENATE,statewide,TIM AALDERS,CONSTITUTION,FALSE,28774,1062845,0.027072621
2018,UTAH,UT,US SENATE,statewide,CRAIG R. BOWDEN,LIBERTARIAN,FALSE,27607,1062845,0.025974625
2018,UTAH,UT,US SENATE,statewide,REED C. MCCANDLESS,INDEPENDENT AMERICAN,FALSE,12708,1062845,0.011956588
2018,VERMONT,VT,US SENATE,statewide,FOLASADE ADELUOLA,INDEPENDENT,FALSE,1979,272624,0.007259082
2018,VERMONT,VT,US SENATE,statewide,RUSSELL BESTE,INDEPENDENT,FALSE,2763,272624,0.010134838
2018,VERMONT,VT,US SENATE,statewide,BRUCE BUSA,INDEPENDENT,FALSE,914,272624,0.003352603
2018,VERMONT,VT,US SENATE,statewide,EDWARD S. GILBERT JR,INDEPENDENT,FALSE,2244,272624,0.008231117
2018,VERMONT,VT,US SENATE,statewide,REID KANE,LIBERTY UNION,FALSE,1171,272624,0.004295293
2018,VERMONT,VT,US SENATE,statewide,BRAD J. PEACOCK,INDEPENDENT,FALSE,3787,272624,0.013890927
2018,VERMONT,VT,US SENATE,statewide,BERNIE SANDERS,INDEPENDENT,FALSE,183529,272624,0.673194583
2018,VERMONT,VT,US SENATE,statewide,JON SVITAVSKY,INDEPENDENT,FALSE,1280,272624,0.004695111
2018,VERMONT,VT,US SENATE,statewide,LAWRENCE ZUPAN,REPUBLICAN,FALSE,74663,272624,0.273868038
2018,VERMONT,VT,US SENATE,statewide,,,TRUE,294,272624,0.001078408
2018,VIRGINIA,VA,US SENATE,statewide,COREY A. STEWART,REPUBLICAN,FALSE,1374313,3351373,0.410074617
2018,VIRGINIA,VA,US SENATE,statewide,TIMOTHY M. KAINE,DEMOCRAT,FALSE,1910370,3351373,0.570026076
2018,VIRGINIA,VA,US SENATE,statewide,MATT J. WATERS,LIBERTARIAN,FALSE,61565,3351373,0.018370083
2018,VIRGINIA,VA,US SENATE,statewide,,,TRUE,5125,3351373,0.001529224
2018,WASHINGTON,WA,US SENATE,statewide,MARIA CANTWELL,DEMOCRAT,FALSE,1803364,3086168,0.584337599
2018,WASHINGTON,WA,US SENATE,statewide,SUSAN HUTCHISON,REPUBLICAN,FALSE,1282804,3086168,0.415662401
2018,WEST VIRGINIA,WV,US SENATE,statewide,JOE MANCHIN,DEMOCRAT,FALSE,288808,582911,0.49545814
2018,WEST VIRGINIA,WV,US SENATE,statewide,PATRICK MORRISEY,REPUBLICAN,FALSE,269872,582911,0.462972907
2018,WEST VIRGINIA,WV,US SENATE,statewide,RUSTY HOLLEN,LIBERTARIAN,FALSE,24231,582911,0.041568953
2018,WISCONSIN,WI,US SENATE,statewide,TAMMY BALDWIN,DEMOCRAT,FALSE,1472914,2657841,0.554176868
2018,WISCONSIN,WI,US SENATE,statewide,LEAH VUKMIR,REPUBLICAN,FALSE,1184885,2657841,0.44580733
2018,WISCONSIN,WI,US SENATE,statewide,,,TRUE,42,2657841,1.58023E-05
2018,WYOMING,WY,US SENATE,statewide,JOHN BARRASSO,REPUBLICAN,FALSE,136210,203420,0.669599843
2018,WYOMING,WY,US SENATE,statewide,GARY TRAUNER,DEMOCRAT,FALSE,61227,203420,0.300988103
2018,WYOMING,WY,US SENATE,statewide,JOSEPH PORAMBO,LIBERTARIAN,FALSE,5658,203420,0.027814374
2018,WYOMING,WY,US SENATE,statewide,,,TRUE,325,203420,0.00159768
2020,ALABAMA,AL,US SENATE,statewide,DOUG JONES,DEMOCRAT,FALSE,920478,2316445,0.397366655
2020,ALABAMA,AL,US SENATE,statewide,TOMMY TUBERVILLE,REPUBLICAN,FALSE,1392076,2316445,0.600953616
2020,ALABAMA,AL,US SENATE,statewide,,,TRUE,3891,2316445,0.001679729
2020,ALASKA,AK,US SENATE,statewide,AL GROSS,DEMOCRAT,FALSE,146068,354587,0.411938396
2020,ALASKA,AK,US SENATE,statewide,JOHN WAYNE HOWE,ALASKAN INDEPENDENCE PARTY,FALSE,16806,354587,0.047395985
2020,ALASKA,AK,US SENATE,statewide,DAN SULLIVAN,REPUBLICAN,FALSE,191112,354587,0.53897069
2020,ALASKA,AK,US SENATE,statewide,,,TRUE,601,354587,0.00169493
2020,ARIZONA,AZ,US SENATE,statewide,EDWARD DAVIDA,REPUBLICAN,TRUE,28,3355307,8.34499E-06
2020,ARIZONA,AZ,US SENATE,statewide,MARTHA MCSALLY,REPUBLICAN,FALSE,1637661,3355307,0.488080822
2020,ARIZONA,AZ,US SENATE,statewide,JOHN SCHIESS,REPUBLICAN,TRUE,92,3355307,2.74192E-05
2020,ARIZONA,AZ,US SENATE,statewide,DEBBIE SIMMONS,REPUBLICAN,TRUE,98,3355307,2.92075E-05
2020,ARIZONA,AZ,US SENATE,statewide,"PATRICK ""PAT"" THOMAS",REPUBLICAN,TRUE,29,3355307,8.64302E-06
2020,ARIZONA,AZ,US SENATE,statewide,"MOHAMMAD ""MIKE OBAMA"" ARIF",DEMOCRAT,TRUE,68,3355307,2.02664E-05
2020,ARIZONA,AZ,US SENATE,statewide,PERRY KAPADIA,DEMOCRAT,TRUE,58,3355307,1.7286E-05
2020,ARIZONA,AZ,US SENATE,statewide,ADAM CHILTON,DEMOCRAT,TRUE,19,3355307,5.66267E-06
2020,ARIZONA,AZ,US SENATE,statewide,MARK KELLY,DEMOCRAT,FALSE,1716467,3355307,0.511567794
2020,ARIZONA,AZ,US SENATE,statewide,BUZZ STEWART,DEMOCRAT,TRUE,22,3355307,6.55678E-06
2020,ARIZONA,AZ,US SENATE,statewide,"MATTHEW ""DOC"" DORCHESTER",LIBERTARIAN,TRUE,379,3355307,0.000112955
2020,ARIZONA,AZ,US SENATE,statewide,CHRISTOPHER BECKETT,INDEPENDENT,TRUE,59,3355307,1.75841E-05
2020,ARIZONA,AZ,US SENATE,statewide,"WILLIAM ""WILL"" DECKER",INDEPENDENT,TRUE,21,3355307,6.25874E-06
2020,ARIZONA,AZ,US SENATE,statewide,NICHOLAS N. GLENN,INDEPENDENT REPUBLICAN PARTY,TRUE,152,3355307,4.53014E-05
2020,ARIZONA,AZ,US SENATE,statewide,MATTHEW HAUPT,INDEPENDENT,TRUE,37,3355307,1.10273E-05
2020,ARIZONA,AZ,US SENATE,statewide,BENJAMIN RODRIGUEZ,INDEPENDENT,TRUE,17,3355307,5.0666E-06
2020,ARIZONA,AZ,US SENATE,statewide,JOSHUA RODRIGUEZ,UNITY PARTY,TRUE,69,3355307,2.05644E-05
2020,ARIZONA,AZ,US SENATE,statewide,FRANK SEENZ,INDEPENDENT,TRUE,8,3355307,2.38428E-06
2020,ARIZONA,AZ,US SENATE,statewide,JIM STEVENS,NON-AFFILIATED,TRUE,23,3355307,6.85481E-06
2020,ARKANSAS,AR,US SENATE,statewide,RICKY DALE HARRINGTON JR.,LIBERTARIAN,FALSE,399390,1193261,0.334704646
2020,ARKANSAS,AR,US SENATE,statewide,TOM COTTON,REPUBLICAN,FALSE,793871,1193261,0.665295354
2020,COLORADO,CO,US SENATE,statewide,JOHN W. HICKENLOOPER,DEMOCRAT,FALSE,1731114,3235790,0.534989601
2020,COLORADO,CO,US SENATE,statewide,CORY GARDNER,REPUBLICAN,FALSE,1429492,3235790,0.44177527
2020,COLORADO,CO,US SENATE,statewide,DANIEL DOYLE,APPROVAL VOTING PARTY,FALSE,9820,3235790,0.003034808
2020,COLORADO,CO,US SENATE,statewide,"STEPHAN ""SEKU"" EVANS",UNITY PARTY,FALSE,8971,3235790,0.00277243
2020,COLORADO,CO,US SENATE,statewide,RAYMON ANTHONY DOANE,LIBERTARIAN,FALSE,56262,3235790,0.017387408
2020,COLORADO,CO,US SENATE,statewide,DANNY SKELLY,UNAFFILIATED,FALSE,55,3235790,1.69974E-05
2020,COLORADO,CO,US SENATE,statewide,BRUCE LOHMILLER,GREEN,FALSE,71,3235790,2.19421E-05
2020,COLORADO,CO,US SENATE,statewide,MICHAEL SANCHEZ,UNAFFILIATED,FALSE,5,3235790,1.54522E-06
2020,DELAWARE,DE,US SENATE,statewide,CHRISTOPHER A. COONS,DEMOCRAT,FALSE,291804,490935,0.594384185
2020,DELAWARE,DE,US SENATE,statewide,LAUREN WITZKE,REPUBLICAN,FALSE,186054,490935,0.378978887
2020,DELAWARE,DE,US SENATE,statewide,MARK W. TURLEY,INDEPENDENT PARTY OF DELAWARE,FALSE,7833,490935,0.015955269
2020,DELAWARE,DE,US SENATE,statewide,NADINE M. FROST,LIBERTARIAN,FALSE,5244,490935,0.010681658
2020,GEORGIA,GA,US SENATE,statewide,DAVID A. PERDUE,REPUBLICAN,FALSE,2462617,4952175,0.497279882
2020,GEORGIA,GA,US SENATE,statewide,JON OSSOFF,DEMOCRAT,FALSE,2374519,4952175,0.479490123
2020,GEORGIA,GA,US SENATE,statewide,SHANE HAZEL,LIBERTARIAN,FALSE,115039,4952175,0.023229995
2020,GEORGIA,GA,US SENATE,statewide,AL BARTELL,INDEPENDENT,FALSE,14640,4914361,0.002979024
2020,GEORGIA,GA,US SENATE,statewide,ALLEN BUCKLEY,INDEPENDENT,FALSE,17954,4914361,0.003653374
2020,GEORGIA,GA,US SENATE,statewide,DOUG COLLINS,REPUBLICAN,FALSE,980454,4914361,0.199507932
2020,GEORGIA,GA,US SENATE,statewide,JOHN FORTUIN,GREEN,FALSE,15293,4914361,0.0031119
2020,GEORGIA,GA,US SENATE,statewide,DERRICK E. GRAYSON,REPUBLICAN,FALSE,51592,4914361,0.010498211
2020,GEORGIA,GA,US SENATE,statewide,MICHAEL TODD GREENE,INDEPENDENT,FALSE,13293,4914361,0.002704929
2020,GEORGIA,GA,US SENATE,statewide,ANNETTE DAVIS JACKSON,REPUBLICAN,FALSE,44335,4914361,0.009021519
2020,GEORGIA,GA,US SENATE,statewide,DEBORAH JACKSON,DEMOCRAT,FALSE,324118,4914361,0.065953234
2020,GEORGIA,GA,US SENATE,statewide,JAMESIA JAMES,DEMOCRAT,FALSE,94406,4914361,0.019210229
2020,GEORGIA,GA,US SENATE,statewide,A. WAYNE JOHNSON,REPUBLICAN,FALSE,36176,4914361,0.007361283
2020,GEORGIA,GA,US SENATE,statewide,TAMARA JOHNSON-SHEALEY,DEMOCRAT,FALSE,106767,4914361,0.02172551
2020,GEORGIA,GA,US SENATE,statewide,MATT LIEBERMAN,DEMOCRAT,FALSE,136021,4914361,0.027678268
2020,GEORGIA,GA,US SENATE,statewide,KELLY LOEFFLER,REPUBLICAN,FALSE,1273214,4914361,0.259080275
2020,GEORGIA,GA,US SENATE,statewide,JOY FELICIA SLADE,DEMOCRAT,FALSE,44945,4914361,0.009145645
2020,GEORGIA,GA,US SENATE,statewide,BRIAN SLOWINSKI,LIBERTARIAN,FALSE,35431,4914361,0.007209686
2020,GEORGIA,GA,US SENATE,statewide,VALENCIA STOVALL,INDEPENDENT,FALSE,13318,4914361,0.002710017
2020,GEORGIA,GA,US SENATE,statewide,ED TARVER,DEMOCRAT,FALSE,26333,4914361,0.005358377
2020,GEORGIA,GA,US SENATE,statewide,KANDISS TAYLOR,REPUBLICAN,FALSE,40349,4914361,0.008210427
2020,GEORGIA,GA,US SENATE,statewide,RAPHAEL WARNOCK,DEMOCRAT,FALSE,1617035,4914361,0.329042779
2020,GEORGIA,GA,US SENATE,statewide,RICHARD DIEN WINFIELD,DEMOCRAT,FALSE,28687,4914361,0.005837382
2020,IDAHO,ID,US SENATE,statewide,NATALIE M FLEMING,INDEPENDENT,FALSE,25329,859827,0.029458251
2020,IDAHO,ID,US SENATE,statewide,PAULETTE JORDAN,DEMOCRAT,FALSE,285864,859827,0.33246688
2020,IDAHO,ID,US SENATE,statewide,JIM RISCH,REPUBLICAN,FALSE,538446,859827,0.626225973
2020,IDAHO,ID,US SENATE,statewide,RAY J. WRITZ,CONSTITUTION PARTY,FALSE,10188,859827,0.011848895
2020,ILLINOIS,IL,US SENATE,statewide,RICHARD J. DURBIN,DEMOCRAT,FALSE,3278930,5968901,0.549335631
2020,ILLINOIS,IL,US SENATE,statewide,MARK C. CURRAN JR.,REPUBLICAN,FALSE,2319870,5968901,0.388659487
2020,ILLINOIS,IL,US SENATE,statewide,WILLIE L. WILSON,WILLIE WILSON PARTY,FALSE,237699,5968901,0.039822909
2020,ILLINOIS,IL,US SENATE,statewide,DANNY MALOUF ,LIBERTARIAN,FALSE,75673,5968901,0.012677878
2020,ILLINOIS,IL,US SENATE,statewide,DAVID F. BLACK,GREEN,FALSE,56711,5968901,0.009501079
2020,ILLINOIS,IL,US SENATE,statewide,KEVIN KEELY,,TRUE,10,5968901,1.67535E-06
2020,ILLINOIS,IL,US SENATE,statewide,LOWELL MARTIN SEIDA,,TRUE,6,5968901,1.00521E-06
2020,ILLINOIS,IL,US SENATE,statewide,ALBERT A. SCHAAL,,TRUE,2,5968901,3.3507E-07
2020,IOWA,IA,US SENATE,statewide,JONI ERNST,REPUBLICAN,FALSE,864997,1700130,0.508782858
2020,IOWA,IA,US SENATE,statewide,THERESA GREENFIELD,DEMOCRAT,FALSE,754859,1700130,0.444000753
2020,IOWA,IA,US SENATE,statewide,RICK STEWART,LIBERTARIAN,FALSE,36961,1700130,0.021740102
2020,IOWA,IA,US SENATE,statewide,SUZANNE HERZOG,,FALSE,13800,1700130,0.008117026
2020,IOWA,IA,US SENATE,statewide,,,TRUE,1211,1700130,0.000712298
2020,IOWA,IA,US SENATE,statewide,UNDER VOTES,,FALSE,27438,1700130,0.016138766
2020,IOWA,IA,US SENATE,statewide,OVER VOTES,,FALSE,864,1700130,0.000508196
2020,KANSAS,KS,US SENATE,statewide,ROGER MARSHALL,REPUBLICAN,FALSE,727962,1367755,0.532231284
2020,KANSAS,KS,US SENATE,statewide,BARBARA BOLLIER,DEMOCRAT,FALSE,571530,1367755,0.417859924
2020,KANSAS,KS,US SENATE,statewide,JASON BUCKLEY,LIBERTARIAN,FALSE,68263,1367755,0.049908792
2020,KENTUCKY,KY,US SENATE,statewide,MITCH MCCONNELL,REPUBLICAN,FALSE,1233315,2135057,0.577649683
2020,KENTUCKY,KY,US SENATE,statewide,AMY MCGRATH,DEMOCRAT,FALSE,816257,2135057,0.382311573
2020,KENTUCKY,KY,US SENATE,statewide,BRAD BARRON,LIBERTARIAN,FALSE,85386,2135057,0.039992375
2020,KENTUCKY,KY,US SENATE,statewide,PAUL JOHN FRANGEDAKIS,,TRUE,70,2135057,3.2786E-05
2020,KENTUCKY,KY,US SENATE,statewide,DANIEL COBBLE,,TRUE,18,2135057,8.43069E-06
2020,KENTUCKY,KY,US SENATE,statewide,RANDALL LEE TEEGARGEN,,TRUE,9,2135057,4.21534E-06
2020,KENTUCKY,KY,US SENATE,statewide,DEMETRA WYSINGER,,TRUE,1,2135057,4.68372E-07
2020,KENTUCKY,KY,US SENATE,statewide,HAROLD H. FITZPATRICK,,TRUE,1,2135057,4.68372E-07
2020,LOUISIANA,LA,US SENATE,statewide,BERYL BILLIOT,UNAFFILIATED,FALSE,17362,2071543,0.008381192
2020,LOUISIANA,LA,US SENATE,statewide,JOHN PAUL BOURGEOIS,UNAFFILIATED,FALSE,16518,2071543,0.007973766
2020,LOUISIANA,LA,US SENATE,statewide,"""BILL"" CASSIDY",REPUBLICAN,FALSE,1228908,2071543,0.59323316
2020,LOUISIANA,LA,US SENATE,statewide,RENO JEAN DARET III,UNAFFILIATED,FALSE,3954,2071543,0.001908722
2020,LOUISIANA,LA,US SENATE,statewide,"DERRICK ""CHAMP"" EDWARDS",DEMOCRAT,FALSE,229814,2071543,0.110938561
2020,LOUISIANA,LA,US SENATE,statewide,"""XAN"" JOHN",OTHER,FALSE,2813,2071543,0.001357925
2020,LOUISIANA,LA,US SENATE,statewide,DAVID DREW KNIGHT,DEMOCRAT,FALSE,36962,2071543,0.017842738
2020,LOUISIANA,LA,US SENATE,statewide,"M.V. ""VINNY"" MENDOZA",INDEPENDENT,FALSE,7811,2071543,0.003770619
2020,LOUISIANA,LA,US SENATE,statewide,JAMAR MONTGOMERY,UNAFFILIATED,FALSE,5804,2071543,0.002801776
2020,LOUISIANA,LA,US SENATE,statewide,DUSTIN MURPHY,REPUBLICAN,FALSE,38383,2071543,0.018528701
2020,LOUISIANA,LA,US SENATE,statewide,ADRIAN PERKINS,DEMOCRAT,FALSE,394049,2071543,0.190220044
2020,LOUISIANA,LA,US SENATE,statewide,ANTOINE PIERCE,DEMOCRAT,FALSE,55710,2071543,0.026892997
2020,LOUISIANA,LA,US SENATE,statewide,MELINDA MARY PRICE,OTHER,FALSE,7680,2071543,0.003707381
2020,LOUISIANA,LA,US SENATE,statewide,AARON C. SIGLER,LIBERTARIAN,FALSE,11321,2071543,0.005465008
2020,LOUISIANA,LA,US SENATE,statewide,PETER WENSTRUP,DEMOCRAT,FALSE,14454,2071543,0.006977408
2020,MAINE,ME,US SENATE,statewide,SUSAN MARGARET COLLINS,REPUBLICAN,FALSE,417645,828305,0.504216442
2020,MAINE,ME,US SENATE,statewide,SARA I. GIDEON,DEMOCRAT,FALSE,347223,828305,0.419197035
2020,MAINE,ME,US SENATE,statewide,MAX PATRICK LINN,INDEPENDENT,FALSE,13508,828305,0.016308002
2020,MAINE,ME,US SENATE,statewide,LISA SAVAGE,INDEPENDENT,FALSE,40579,828305,0.048990408
2020,MAINE,ME,US SENATE,statewide,,,TRUE,228,828305,0.000275261
2020,MAINE,ME,US SENATE,statewide,BLANK VOTES,,FALSE,9122,828305,0.011012852
2020,MASSACHUSETTS,MA,US SENATE,statewide,EDWARD J. MARKEY,DEMOCRAT,FALSE,2357809,3658005,0.644561448
2020,MASSACHUSETTS,MA,US SENATE,statewide,KEVIN J. O'CONNER,REPUBLICAN,FALSE,1177765,3658005,0.321969215
2020,MASSACHUSETTS,MA,US SENATE,statewide,SHIVA AYYADURAI,,FALSE,21134,3658005,0.005777466
2020,MASSACHUSETTS,MA,US SENATE,statewide,,,TRUE,7428,3658005,0.002030615
2020,MASSACHUSETTS,MA,US SENATE,statewide,BLANK VOTES,,FALSE,93869,3658005,0.025661255
2020,MICHIGAN,MI,US SENATE,statewide,GARY PETERS,DEMOCRAT,FALSE,2734568,5479720,0.499034257
2020,MICHIGAN,MI,US SENATE,statewide,JOHN JAMES,REPUBLICAN,FALSE,2642233,5479720,0.482183944
2020,MICHIGAN,MI,US SENATE,statewide,VALERIE L. WILLIS,US TAXPAYERS,FALSE,50597,5479720,0.009233501
2020,MICHIGAN,MI,US SENATE,statewide,MARCIA SQUIER,GREEN,FALSE,39217,5479720,0.007156753
2020,MICHIGAN,MI,US SENATE,statewide,DOUG DERN,NATURAL LAW,FALSE,13093,5479720,0.002389356
2020,MICHIGAN,MI,US SENATE,statewide,ROBERT WILLIAM CARR,,TRUE,5,5479720,9.12455E-07
2020,MICHIGAN,MI,US SENATE,statewide,LEONARD PAUL GADZINSKI,,TRUE,7,5479720,1.27744E-06
2020,MINNESOTA,MN,US SENATE,statewide,KEVIN O'CONNOR,LEGAL MARIJUANA NOW,FALSE,190154,3214256,0.059159569
2020,MINNESOTA,MN,US SENATE,statewide,OLIVER STEINBERG,GRASSROOTS,FALSE,57174,3214256,0.017787631
2020,MINNESOTA,MN,US SENATE,statewide,JASON LEWIS,REPUBLICAN,FALSE,1398145,3214256,0.434982466
2020,MINNESOTA,MN,US SENATE,statewide,TINA SMITH,DEMOCRAT,FALSE,1566522,3214256,0.487366905
2020,MINNESOTA,MN,US SENATE,statewide,,,TRUE,2261,3214256,0.000703429
2020,MISSISSIPPI,MS,US SENATE,statewide,MIKE ESPY,DEMOCRAT,FALSE,578691,1311354,0.44129274
2020,MISSISSIPPI,MS,US SENATE,statewide,CINDY HYDE-SMITH,REPUBLICAN,FALSE,709511,1311354,0.541052225
2020,MISSISSIPPI,MS,US SENATE,statewide,JIMMY L. EDWARDS,LIBERTARIAN,FALSE,23152,1311354,0.017655034
2020,MONTANA,MT,US SENATE,statewide,STEVE BULLOCK,DEMOCRAT,FALSE,272463,605637,0.449878393
2020,MONTANA,MT,US SENATE,statewide,STEVE DAINES,REPUBLICAN,FALSE,333174,605637,0.550121607
2020,NEBRASKA,NE,US SENATE,statewide,BEN SASSE,REPUBLICAN,FALSE,583507,930012,0.627418786
2020,NEBRASKA,NE,US SENATE,statewide,CHRIS JANICEK,DEMOCRAT,FALSE,227191,930012,0.244288246
2020,NEBRASKA,NE,US SENATE,statewide,GENE SIADEK,LIBERTARIAN,FALSE,55115,930012,0.059262676
2020,NEBRASKA,NE,US SENATE,statewide,PRESTON LOVE JR.,,TRUE,58411,930012,0.062806716
2020,NEBRASKA,NE,US SENATE,statewide,,,TRUE,5788,930012,0.006223576
2020,NEW HAMPSHIRE,NH,US SENATE,statewide,CORKY MESSNER,REPUBLICAN,FALSE,326229,795914,0.409879711
2020,NEW HAMPSHIRE,NH,US SENATE,statewide,JEANNE SHAHEEN,DEMOCRAT,FALSE,450778,795914,0.56636521
2020,NEW HAMPSHIRE,NH,US SENATE,statewide,JUSTIN O'DONNELL,LIBERTARIAN,FALSE,18421,795914,0.02314446
2020,NEW HAMPSHIRE,NH,US SENATE,statewide,,,TRUE,486,795914,0.000610619
2020,NEW JERSEY,NJ,US SENATE,statewide,CORY BOOKER,DEMOCRAT,FALSE,2541178,4440440,0.572280675
2020,NEW JERSEY,NJ,US SENATE,statewide,"RIKIN ""RIK"" MEHTA",REPUBLICAN,FALSE,1817052,4440440,0.409205394
2020,NEW JERSEY,NJ,US SENATE,statewide,MADELYN R. HOFFMAN,GREEN,FALSE,38288,4440440,0.008622569
2020,NEW JERSEY,NJ,US SENATE,statewide,VERONICA FERNANDEZ,"OF, BY, FOR!",FALSE,32290,4440440,0.007271802
2020,NEW JERSEY,NJ,US SENATE,statewide,DANIEL BURKE,LAROUCHE WAS RIGHT,FALSE,11632,4440440,0.00261956
2020,NEW MEXICO,NM,US SENATE,statewide,BOB WALSH,LIBERTARIAN,FALSE,24271,917237,0.026460991
2020,NEW MEXICO,NM,US SENATE,statewide,MARK V. RONCHETTI,REPUBLICAN,FALSE,418483,917237,0.456243043
2020,NEW MEXICO,NM,US SENATE,statewide,BEN R. LUJAN,DEMOCRAT,FALSE,474483,917237,0.517295966
2020,NORTH CAROLINA,NC,US SENATE,statewide,THOM TILLIS,REPUBLICAN,FALSE,2665598,5474952,0.486871483
2020,NORTH CAROLINA,NC,US SENATE,statewide,CAL CUNNINGHAM,DEMOCRAT,FALSE,2569965,5474952,0.469404115
2020,NORTH CAROLINA,NC,US SENATE,statewide,SHANNON W. BRAY,LIBERTARIAN,FALSE,171571,5474952,0.031337444
2020,NORTH CAROLINA,NC,US SENATE,statewide,KEVIN E. HAYES,CONSTITUTION PARTY,FALSE,67818,5474952,0.012386958
2020,OKLAHOMA,OK,US SENATE,statewide,JIM INHOFE ,REPUBLICAN,FALSE,979140,1556361,0.629121393
2020,OKLAHOMA,OK,US SENATE,statewide,ROBERT MURPHY,LIBERTARIAN,FALSE,34435,1556361,0.02212533
2020,OKLAHOMA,OK,US SENATE,statewide,ABBY BROYLES,DEMOCRAT,FALSE,509763,1556361,0.327535193
2020,OKLAHOMA,OK,US SENATE,statewide,JOAN FARR,INDEPENDENT,FALSE,21652,1556361,0.013911939
2020,OKLAHOMA,OK,US SENATE,statewide,A. D. NESBIT,INDEPENDENT,FALSE,11371,1556361,0.007306146
2020,OREGON,OR,US SENATE,statewide,JO RAE PERKINS,REPUBLICAN,FALSE,912814,2321249,0.393242603
2020,OREGON,OR,US SENATE,statewide,JEFF MERKLEY,DEMOCRAT,FALSE,1321047,2321249,0.569110423
2020,OREGON,OR,US SENATE,statewide,IBRAHIM A TAHER,PACIFIC GREEN,FALSE,42239,2321249,0.018196669
2020,OREGON,OR,US SENATE,statewide,GARY DYE,LIBERTARIAN,FALSE,42747,2321249,0.018415517
2020,OREGON,OR,US SENATE,statewide,,,TRUE,2402,2321249,0.001034788
2020,RHODE ISLAND,RI,US SENATE,statewide,JOHN F. REED,DEMOCRAT,FALSE,328574,494262,0.664776981
2020,RHODE ISLAND,RI,US SENATE,statewide,ALLEN R. WATERS,REPUBLICAN,FALSE,164855,494262,0.333537678
2020,RHODE ISLAND,RI,US SENATE,statewide,,,TRUE,833,494262,0.001685341
2020,SOUTH CAROLINA,SC,US SENATE,statewide,BILL BLEDSOE,CONSTITUTION PARTY,FALSE,32845,2515104,0.013059102
2020,SOUTH CAROLINA,SC,US SENATE,statewide,LINDSEY GRAHAM,REPUBLICAN,FALSE,1369137,2515104,0.544365959
2020,SOUTH CAROLINA,SC,US SENATE,statewide,JAIME HARRISON,DEMOCRAT,FALSE,1110828,2515104,0.44166285
2020,SOUTH CAROLINA,SC,US SENATE,statewide,,,TRUE,2294,2515104,0.00091209
2020,SOUTH DAKOTA,SD,US SENATE,statewide,MIKE ROUNDS,REPUBLICAN,FALSE,276232,420219,0.657352476
2020,SOUTH DAKOTA,SD,US SENATE,statewide,DAN AHLERS,DEMOCRAT,FALSE,143987,420219,0.342647524
2020,TENNESSEE,TN,US SENATE,statewide,BILL HAGERTY,REPUBLICAN,FALSE,1840926,2959761,0.621984681
2020,TENNESSEE,TN,US SENATE,statewide,MARQUITA BRADSHAW,DEMOCRAT,FALSE,1040691,2959761,0.351613188
2020,TENNESSEE,TN,US SENATE,statewide,"YOMI ""FAPAS"" FAPARUSI SR.",INDEPENDENT,FALSE,10727,2959761,0.003624279
2020,TENNESSEE,TN,US SENATE,statewide,JEFFREY ALAN GRUNAU,INDEPENDENT,FALSE,4160,2959761,0.001405519
2020,TENNESSEE,TN,US SENATE,statewide,RONNIE HENLEY,INDEPENDENT,FALSE,8478,2959761,0.00286442
2020,TENNESSEE,TN,US SENATE,statewide,G. DEAN HILL,INDEPENDENT,FALSE,4872,2959761,0.001646079
2020,TENNESSEE,TN,US SENATE,statewide,STEVEN J. HOOPER,INDEPENDENT,FALSE,9609,2959761,0.003246546
2020,TENNESSEE,TN,US SENATE,statewide,AARON JAMES,INDEPENDENT,FALSE,7203,2959761,0.002433642
2020,TENNESSEE,TN,US SENATE,statewide,ELIZABETH MCLEOD,INDEPENDENT,FALSE,16652,2959761,0.00562613
2020,TENNESSEE,TN,US SENATE,statewide,KACEY MORGAN,INDEPENDENT,FALSE,9598,2959761,0.003242829
2020,TENNESSEE,TN,US SENATE,statewide,ERIC WILLIAM STANSBERRY,INDEPENDENT,FALSE,6781,2959761,0.002291063
2020,TENNESSEE,TN,US SENATE,statewide,JOHN A. GENTRY,,TRUE,64,2959761,2.16234E-05
2020,TEXAS,TX,US SENATE,statewide,JOHN CORNYN,REPUBLICAN,FALSE,5962983,11144040,0.535082699
2020,TEXAS,TX,US SENATE,statewide,"MARY ""MJ"" HEGAR",DEMOCRAT,FALSE,4888764,11144040,0.438688662
2020,TEXAS,TX,US SENATE,statewide,KERRY DOUGLAS MCKENNON,LIBERTARIAN,FALSE,209722,11144040,0.018819207
2020,TEXAS,TX,US SENATE,statewide,DAVID B. COLLINS,GREEN,FALSE,81893,11144040,0.007348592
2020,TEXAS,TX,US SENATE,statewide,RICARDO TURULLOLS-BONILLA,,TRUE,678,11144040,6.08397E-05
2020,VIRGINIA,VA,US SENATE,statewide,MARK R. WARNER,DEMOCRAT,FALSE,2466500,4405087,0.559920837
2020,VIRGINIA,VA,US SENATE,statewide,DANIEL M. GADE,REPUBLICAN,FALSE,1934199,4405087,0.439083042
2020,VIRGINIA,VA,US SENATE,statewide,,,TRUE,4388,4405087,0.000996121
2020,WEST VIRGINIA,WV,US SENATE,statewide,SHELLEY MOORE CAPITO,REPUBLICAN,FALSE,547454,778918,0.702839066
2020,WEST VIRGINIA,WV,US SENATE,statewide,PAULA JEAN SWEARENGIN,DEMOCRAT,FALSE,210309,778918,0.270001464
2020,WEST VIRGINIA,WV,US SENATE,statewide,DAVID MORAN,LIBERTARIAN,FALSE,21155,778918,0.02715947
2020,WYOMING,WY,US SENATE,statewide,CYNTHIA M. LUMMIS,,FALSE,198100,278503,0.71130293
2020,WYOMING,WY,US SENATE,statewide,MERAV BEN DAVID,,FALSE,72766,278503,0.261275462
2020,WYOMING,WY,US SENATE,statewide,,,TRUE,1071,278503,0.00384556
2020,WYOMING,WY,US SENATE,statewide,OVER VOTES,,FALSE,165,278503,0.000592453
2020,WYOMING,WY,US SENATE,statewide,UNDER VOTES,,FALSE,6401,278503,0.022983594
2021,GEORGIA,GA,US SENATE,statewide,KELLY LOEFFLER,REPUBLICAN,FALSE,2194848,4483294,0.48956147
2021,GEORGIA,GA,US SENATE,statewide,RAPHAEL WARNOCK,DEMOCRAT,FALSE,2288446,4483294,0.51043853
2021,GEORGIA,GA,US SENATE,statewide,DAVID A. PERDUE,REPUBLICAN,FALSE,2213979,4483241,0.493834483
2021,GEORGIA,GA,US SENATE,statewide,JON OSSOFF,DEMOCRAT,FALSE,2269262,4483241,0.506165517
